转债代码,转债名称,上市日期,预测信息日,实际上市收盘价,上市前一日平价,发行规模亿元,正股市值亿元,正股20日波动率,债项评级,申万行业,板块,余额组,市值组,评级组,模型合理价值,规则映射后预测价,规则调整额,预测触及上限,实际触及上限,预测区间下限_80pct,预测区间上限_80pct,区间覆盖,有效分组数,全市场样本数_1日,全市场训练RMSE_1日,年份,平价分组,自动同类样本数,自动同类平均得分,自动同类平均相关系数,自动同类同行业占比,自动同类券,同类残差收益5日_pct,同类残差收益10日_pct,同类溢价变化5日_pct,同类正股超额5日_pct,同类高热度占比,目标正股5日收益_pct,目标正股20日收益_pct,基础预测价,基础预测误差,实际触及157.30,近期20只新券触顶率,近期40只新券触顶率,近期20只基础MAE,距涨幅上限空间,连续题材修正额,连续题材修正预测价,极端状态概率,极端状态修正额,自动题材修正预测价,是否启动极端修正,tmp,动态相似新券触顶率,动态相似新券预测价,组合保护预测价,网上中签率,原股东配售金额元,原股东配售率,ln发行规模,中签热度,相似概率logit,实际触顶,自适应预测价,固定权重基准预测价,自适应误差,自适应绝对误差,固定权重基准误差,选择依据样本数,选择依据未触顶样本数,选择期MAE,选择期RMSE,选择期未触顶MAE,选择_Logistic_L2,选择_Ridge_alpha,概率定价权重,概率校准窗口,价格校准窗口,模型版本,潜在首日流通筹码亿元,筹码阈值亿元,筹码斜率,单券修正上限,选择样本数,选择期原模型MAE,选择期修正后MAE,选择期原模型RMSE,选择期修正后RMSE,选择期原模型高估超10元,选择期修正后高估超10元,v2.0预测价,筹码非线性修正额,v2.1预测价,v2.1误差,v2.1绝对误差
127096.SZ,泰坦转债,2023-11-15,2023-11-14,157.3,93.48298334540188,2.955,27.8856,43.902630303499,A,机械设备,制造,0-3,0-50,A+/A,124.47111094847972,124.47111094847972,0.0,False,True,101.79007229411012,147.1521496028493,False,6.0,451.0,6.0456358408398,2023,90-100,7.0,0.6756799343095187,0.4962173827856905,1.0,斯莱转债、昌红转债、精测转债、泰林转债、永02转债、精测转2、博实转债,-1.6909940494325402,-2.2503375800115646,-3.5970651993365,2.391106966874124,0.1428571428571428,0.5451713395638658,-6.921413121845699,124.47111094847972,-32.82888905152029,True,0.2,0.25,9.717836069269223,32.82888905152029,2.1343606898490988,126.60547163832882,0.1624941032932838,0.0,124.47111094847972,False,140.78485138308315,0.3332438387582403,132.67612970575246,126.60547163832882,0.0004213376,256494600.0,0.8680020304568528,1.0834986508580615,7.772076145394576,-0.693549933186439,True,140.93983459472656,139.22010803222656,-16.36016540527345,16.36016540527345,-18.07989196777345,60,41,8.453281880696617,11.456177232711596,7.43074939262576,0.3,0.1,1.0,60,60,v2.1_极低筹码非线性修正,0.3900540000000001,0.5,24.0,6.0,60,8.453281880696617,8.344927368283807,11.456177232711596,11.400788123460066,6,6,140.93983459472656,5.959749776278846,146.8995843710054,-10.400415628994608,10.400415628994608
127097.SZ,三羊转债,2023-11-17,2023-11-16,157.3,100.92961487383798,2.1,30.4152,29.800311154199,A+,交通运输,周期,0-3,0-50,A+/A,131.22908064323312,131.22908064323312,0.0,False,True,107.88746016380614,154.5707011226601,False,6.0,446.0,6.969128020740068,2023,100-110,7.0,0.5204201427762664,0.4533299554247246,0.4285714285714285,博汇转债、宏川转债、福新转债、南航转债、长久转债、裕兴转债、蒙泰转债,-0.5349011641731222,-0.3714380643860288,-0.7335594694040068,1.4766208363567568,0.1428571428571428,7.4964639321075,7.83200908059023,131.22908064323312,-26.070919356766893,True,0.25,0.25,11.08122912403467,26.070919356766893,0.5455647044945697,131.7746453477277,0.4095112741953893,0.0,131.22908064323312,False,144.5380686160077,0.3931360485128902,138.91614430599628,131.7746453477277,0.00041829,172209100.0,0.8200433333333333,0.7419373447293773,7.779335586089235,-0.4341489019122458,True,152.6175537109375,150.13450622558594,-4.682446289062511,4.682446289062511,-7.165493774414074,61,41,8.582902922083122,11.553365005043704,7.43074939262576,0.3,0.1,1.0,60,60,v2.1_极低筹码非线性修正,0.377909,0.5,24.0,6.0,61,8.582902922083122,8.37862389714792,11.553365005043704,11.385097273404272,6,6,152.6175537109375,6.0,157.3,0.0,0.0
123229.SZ,艾录转债,2023-11-20,2023-11-17,143.0,110.935960591133,5.0,45.08411668,47.665795585184,A+,轻工制造,制造,3-10,0-50,A+/A,135.1393265823092,135.1393265823092,0.0,False,False,111.61382674102228,157.3,True,6.0,447.0,6.822389743997292,2023,110-120,7.0,0.7884208940254693,0.760862800222802,1.0,嘉美转债、翔港转债、帝欧转债、海顺转债、合兴转债、景兴转债、华源转债,-0.1585350056460019,0.3088371439684793,-0.2892637449179993,0.6427704454633032,0.1428571428571428,6.026365348399243,16.92627206645898,135.1393265823092,-7.860673417690805,False,0.3,0.275,12.237925160071905,22.160673417690816,-0.8455007799973706,134.29382580231183,0.547076335719327,0.0,135.1393265823092,False,148.07481810590346,0.3480601950918917,140.92426281715606,134.29382580231183,0.0015462452,364596400.0,0.7291928000000001,1.6094379124341003,6.471925738546954,-0.6275767946858672,False,141.4012908935547,143.8693084716797,-1.5987091064453125,1.5987091064453125,0.8693084716796875,62,41,8.51999233122795,11.475232882994796,7.43074939262576,0.3,0.1,1.0,60,60,v2.1_极低筹码非线性修正,1.3540359999999996,0.5,24.0,6.0,62,8.51999233122795,8.24348480203263,11.475232882994796,11.292908733715354,6,6,141.4012908935547,0.0,141.4012908935547,-1.5987091064453125,1.5987091064453125
113678.SH,中贝转债,2023-11-21,2023-11-20,157.3,150.00000000000003,5.17,165.493339392,89.652948520736,A+,通信,科技,3-10,50-300,A+/A,169.62251221837766,157.3,-12.322512218377652,True,True,133.7745001587131,157.3,True,6.0,446.0,7.022045836597302,2023,>=120,7.0,0.451818506099871,0.4358712100038351,0.4285714285714285,奥飞转债、永鼎转债、城地转债、沿浦转债、法本转债、华正转债、烽火转债,-2.2768191788365826,-2.5781195696347097,-3.958497124363008,2.069195290010684,0.1428571428571428,19.85383678440926,38.3188079842564,157.3,0.0,True,0.3,0.275,12.493088271239412,0.0,-1.9379803173922727,155.36201968260775,0.97313279065699,0.0,157.3,False,157.3,0.3117043040816077,157.3,155.36201968260775,0.0014620344,387127000.0,0.7487949709864603,1.6428726885203377,6.527926388519598,-0.7921635410902543,True,154.16651916503906,157.3000030517578,-3.133480834960949,3.133480834960949,3.0517578011313162e-06,63,42,8.410130692739337,11.38557705934711,7.291891290573845,0.3,0.1,1.0,60,60,v2.1_极低筹码非线性修正,1.2987300000000002,0.5,24.0,6.0,63,8.410130692739337,8.138012171943942,11.38557705934711,11.204734477084989,6,6,154.16651916503906,0.0,154.16651916503906,-3.133480834960949,3.133480834960949
113679.SH,芯能转债,2023-11-24,2023-11-23,114.396,96.412213740458,8.8,63.15,20.086685021442,AA-,公用事业,周期,3-10,50-300,AA/AA-,122.37680873193906,122.37680873193906,0.0,False,False,98.85130889065212,145.90230857322598,True,6.0,451.0,6.351293783973014,2023,90-100,7.0,0.7650882404171248,0.6742972837848988,1.0,九洲转2、嘉泽转债、晶科转债、新港转债、节能转债、长集转债、燃23转债,0.3652444790512068,0.4661151781410768,0.8531618389399966,-0.7622730202054617,0.0,-0.315706393054449,6.313131313131315,122.37680873193906,7.980808731939064,False,0.35,0.275,12.412791172062937,34.92319126806095,-0.0064921558873861,122.37031657605168,0.0394838514836678,0.0,122.37680873193906,False,131.04577558075746,0.141721764025909,126.08884093588192,122.37031657605168,0.0026062327,643847000.0,0.7316443181818181,2.174751721484161,5.949849510328882,-1.8010626040898738,False,119.62075805664062,123.7740707397461,5.224758056640624,5.224758056640624,9.378070739746093,64,42,8.327683038711548,11.303065607063983,7.291891290573845,0.3,0.1,1.0,60,60,v2.1_极低筹码非线性修正,2.361530000000001,0.5,24.0,6.0,64,8.327683038711552,8.059816369803583,11.303065607063983,11.123750918900695,6,6,119.62075805664062,0.0,119.62075805664062,5.224758056640624,5.224758056640624
123231.SZ,信测转债,2023-11-29,2023-11-28,129.0,101.65356465166712,5.45,42.671325,32.746225680212,AA-,社会服务,消费,3-10,0-50,AA/AA-,127.08592707744177,127.08592707744177,0.0,False,False,103.56042723615484,150.61142691872868,True,6.0,439.0,6.598963718922561,2023,100-110,7.0,0.5798171285399111,0.7362356681783496,0.1428571428571428,东时转债、华翔转债、星帅转2、科思转债、大禹转债、翔丰转债、宏昌转债,0.6382793728615699,-0.3717790897724258,-0.4814039575298974,0.1754832538837791,0.1428571428571428,2.487018311013922,4.108828428650746,127.08592707744177,-1.9140729225582327,False,0.35,0.275,12.782969051124374,30.214072922558245,1.008093880197374,128.09402095763917,0.2522524378119077,0.0,127.08592707744177,False,141.60834245942746,0.2695413171815852,133.19388283716688,128.09402095763917,0.0010320868,451438400.0,0.8283273394495412,1.6956156086751528,6.876172506932558,-0.9969509803470998,False,131.53543090820312,135.4611053466797,2.535430908203125,2.535430908203125,6.4611053466796875,65,43,8.279945731295072,11.234488651727332,7.2438184246684205,0.3,0.1,1.0,60,60,v2.1_极低筹码非线性修正,0.9356160000000006,0.5,24.0,6.0,65,8.279945731295076,8.016200088062615,11.234488651727332,11.056859691276967,6,6,131.53543090820312,0.0,131.53543090820312,2.535430908203125,2.535430908203125
123230.SZ,金钟转债,2023-12-01,2023-11-30,157.3,108.76288659793812,3.5,33.579578964,64.649747621005,A,汽车,制造,3-10,0-50,A+/A,135.4172637048939,135.4172637048939,0.0,False,True,111.89176386360698,157.3,True,6.0,442.0,6.106674281887654,2023,100-110,7.0,0.8254158191456573,0.7473439834815524,1.0,今飞转债、汽模转2、纽泰转债、海泰转债、明新转债、立中转债、爱迪转债,0.093689025833587,-0.1829790954857897,0.7689855130470029,-1.1617890101316974,0.2857142857142857,1.9652061855670144,14.965492190337804,135.4172637048939,-21.8827362951061,True,0.35,0.275,12.526672231407687,21.8827362951061,-0.9019024003969616,134.51536130449696,0.8309204960627641,21.8827362951061,157.3,True,150.40404532265896,0.3931473186984771,141.86961803004905,157.3,0.0004434857,309794900.0,0.8851282857142857,1.252762968495368,7.7208450002519475,-0.4341016635680117,True,152.786376953125,152.31394958496094,-4.513623046875011,4.513623046875011,-4.986050415039074,66,44,8.188396459406073,11.299877682164755,6.997811585859816,0.3,0.1,1.0,60,40,v2.1_极低筹码非线性修正,0.40205100000000005,0.5,24.0,6.0,66,8.188396459406077,7.917575786043259,11.299877682164755,11.115030822670976,6,6,152.786376953125,5.2326996522791385,157.3,0.0,0.0
113680.SH,丽岛转债,2023-12-05,2023-12-04,157.3,98.77017678708684,3.0,26.84108,24.1815795954,A+,有色金属,周期,3-10,0-50,A+/A,125.78777218569157,125.78777218569157,0.0,False,True,102.26227234440464,149.3132720269785,False,6.0,440.0,7.050407059810506,2023,90-100,7.0,0.5941123644810278,0.2840630585182891,1.0,新星转债、亚科转债、万顺转2、万顺转债、楚江转债、豪美转债、恒邦转债,0.4927610666878192,1.3098049966806973,0.7198251656484977,-0.055834162747409,0.2857142857142857,2.1462639109697923,0.8634222919937207,125.78777218569157,-31.51222781430845,True,0.35,0.275,12.88771843342886,31.51222781430845,0.9244457342213324,126.7122179199129,0.3327152544911329,0.0,125.78777218569157,False,140.77669994553133,0.3053969153053809,133.00557506235924,126.7122179199129,0.0004786644,256921000.0,0.8564033333333333,1.0986122886681098,7.644510832411471,-0.8217282890383503,True,148.18646240234375,143.75607299804688,-9.113537597656261,9.113537597656261,-13.543927001953136,67,44,8.133549095039937,11.228781213161128,6.997811585859816,0.3,0.1,1.0,60,40,v2.1_极低筹码非线性修正,0.4307900000000001,0.5,24.0,6.0,67,8.13354909503994,7.7994030131172405,11.228781213161128,11.031770992496272,6,6,148.18646240234375,3.5756967848890726,151.7621591872328,-5.5378408127672,5.5378408127672
123233.SZ,凯盛转债,2023-12-15,2023-12-14,115.001,89.83218163869692,6.5,76.55648,24.284997245884,AA-,基础化工,周期,3-10,50-300,AA/AA-,119.17927965777989,119.17927965777989,0.0,False,False,94.51013522500357,143.84842409055622,True,6.0,436.0,5.324926744992751,2023,80-90,7.0,0.8229492623440896,0.7330889747705556,1.0,惠云转债、赛特转债、润禾转债、永东转2、阳谷转债、正丹转债、道恩转债,0.496181823662043,0.0599497032715074,1.1422451610405029,-0.8878490690942098,0.1428571428571428,-2.0452099031216364,-9.587680079483365,119.17927965777989,4.178279657779882,False,0.4,0.3,14.127697907163547,38.120720342220125,2.128481640356475,121.30776129813636,0.0637366805699968,0.0,119.17927965777989,False,131.6823832402045,0.1570028529054986,123.6680760441858,121.30776129813636,0.0011977172,543342400.0,0.8359113846153845,1.8718021769015913,6.727337867255618,-1.6806995972107803,False,117.61449432373047,123.24443054199219,2.613494323730464,2.613494323730464,8.243430541992183,68,44,8.144857210047105,11.052449978848058,7.136809617476027,0.3,0.1,1.0,60,60,v2.1_极低筹码非线性修正,1.0665760000000009,0.5,24.0,6.0,68,8.144857210047107,7.777053545477959,11.052449978848058,10.833311279737957,6,6,117.61449432373047,0.0,117.61449432373047,2.613494323730464,2.613494323730464
127098.SZ,欧晶转债,2023-12-15,2023-12-14,116.41,83.4676541058593,4.7,73.72609968319999,26.926361847989,AA-,电力设备,制造,3-10,50-300,AA/AA-,117.2607120661468,117.2607120661468,0.0,False,False,93.73521222485986,140.7862119074337,True,6.0,436.0,5.324926744992751,2023,80-90,7.0,0.7150421939964845,0.5483529824533839,1.0,利元转债、宇邦转债、翔丰转债、通裕转债、道氏转02、双良转债、天赐转债,1.2414862199866885,1.288966363140223,3.3242692854135,-2.383543658711446,0.5714285714285714,-2.1949974476773826,-17.14594594594595,117.2607120661468,0.850712066146798,False,0.4,0.3,14.08291028139971,40.03928793385322,3.042166854299696,120.30287892044647,0.0823800343081327,0.0,117.2607120661468,False,132.52225496504704,0.1623026263537543,122.13457325789572,120.30287892044647,0.0016802155,325571300.0,0.6927048936170213,1.547562508716013,6.388833219983828,-1.641194249475782,False,115.63900756835938,120.76693725585938,-0.7709924316406216,0.7709924316406216,4.356937255859378,68,44,8.144857210047105,11.052449978848058,7.136809617476027,0.3,0.1,1.0,60,60,v2.1_极低筹码非线性修正,1.444287,0.5,24.0,6.0,68,8.144857210047107,7.777053545477959,11.052449978848058,10.833311279737957,6,6,115.63900756835938,0.0,115.63900756835938,-0.7709924316406216,0.7709924316406216
123232.SZ,金现转债,2023-12-19,2023-12-18,144.43,93.07774227902024,2.025125,37.592925,25.466711471296,A+,计算机,科技,0-3,0-50,A+/A,124.58719520042936,124.58719520042936,0.0,False,False,101.06169535914243,148.11269504171628,True,6.0,439.0,5.218985236178931,2023,90-100,7.0,0.8266456050934915,0.7496952586442982,1.0,科蓝转债、正元转02、天阳转债、思创转债、山石转债、丝路转债、恒锋转债,-0.0818343647524996,-0.6488865758572653,0.3596730832879977,-0.6626428037104115,0.2857142857142857,-3.956043956043953,-7.415254237288127,124.58719520042936,-19.842804799570644,False,0.35,0.3,13.499632846573496,32.71280479957065,1.5872241996799463,126.17441940010931,0.3327872806403205,0.0,124.58719520042936,False,140.37483434670884,0.3761055564590282,133.81479593978793,126.17441940010931,0.0014470877,75824100.0,0.37441688784642924,0.7056314270484453,6.5382022250145875,-0.506111353813564,False,138.4178009033203,136.31295776367188,-6.012199096679694,6.012199096679694,-8.117042236328132,70,46,7.960496814836774,10.898281003564364,6.9000893461807875,0.3,0.1,1.0,60,60,v2.1_极低筹码非线性修正,1.2668840000000001,0.5,24.0,6.0,70,7.960496814836778,7.603201826398176,10.898281003564364,10.682393956680885,6,6,138.4178009033203,0.0,138.4178009033203,-6.012199096679694,6.012199096679694
127099.SZ,盛航转债,2023-12-28,2023-12-27,115.8,87.57180156657964,7.4,28.6728987441,30.481048214297,AA-,交通运输,周期,3-10,0-50,AA/AA-,116.93526081104788,116.93526081104788,0.0,False,False,94.26544609604063,139.60507552605512,True,6.0,430.0,5.283631912235339,2023,80-90,7.0,0.500657349693329,0.0935789045003915,1.0,三羊转债、长久转债、北港转债、招路转债、嘉诚转债、宏川转债、南航转债,-0.0629404896729052,-1.2196806701686351,-0.3214408366249888,-2.581450306450467,0.1428571428571428,-2.1015761821366,-13.77892030848329,116.93526081104788,1.1352608110478857,False,0.35,0.275,13.90605064768206,40.36473918895213,3.282939051651617,120.2181998626995,0.0388194484417954,0.0,116.93526081104788,False,134.24850333797622,0.1657767256110376,121.9539115307139,120.2181998626995,0.0026625213,510385700.0,0.6897104054054053,2.0014800002101243,5.928481747978593,-1.6158592250670984,False,116.53555297851562,118.4249267578125,0.7355529785156278,0.7355529785156278,2.624926757812503,71,47,7.919381427603709,11.095047856600525,6.459800450101812,0.3,0.1,1.0,60,20,v2.1_极低筹码非线性修正,2.296143000000001,0.5,24.0,9.0,71,7.919381427603713,7.548037324854496,11.095047856600523,10.845204359322855,5,5,116.53555297851562,0.0,116.53555297851562,0.7355529785156278,0.7355529785156278
123234.SZ,中能转债,2023-12-29,2023-12-28,129.989,95.01557632398756,4.0,34.012216886,26.594175452949,A+,电力设备,制造,3-10,0-50,A+/A,122.4275327212232,122.4275327212232,0.0,False,False,100.2691903852366,144.5858750572098,True,6.0,437.0,5.070945324497092,2023,90-100,7.0,0.8203924389645936,0.7498815314869854,1.0,煜邦转债、宇邦转债、利元转债、天能转债、科数转债、起帆转债、锂科转债,-0.8980369175655595,-0.8945419193649504,-3.1704152318195007,4.694531039070471,0.1428571428571428,2.006688963210679,-4.687500000000011,122.4275327212232,-7.561467278776803,False,0.35,0.275,13.72049791893227,34.87246727877681,1.614483227034457,124.04201594825766,0.1754311730006026,0.0,122.4275327212232,False,136.07614527572278,0.2893927165886035,129.9964112511875,124.04201594825766,0.0013306601,185545400.0,0.4638635,1.3862943611198906,6.622080144082945,-0.8983352865998903,False,124.46641540527344,128.72962951660156,-5.522584594726567,5.522584594726567,-1.2593704833984418,72,48,7.819606032477487,11.018070517552298,6.340545294443767,0.3,0.1,1.0,60,20,v2.1_极低筹码非线性修正,2.144546,0.5,24.0,9.0,72,7.8196060324774885,7.453419486710901,11.018070517552296,10.769975966819723,5,5,124.46641540527344,0.0,124.46641540527344,-5.522584594726567,5.522584594726567
127101.SZ,豪鹏转债,2024-01-11,2024-01-10,121.153,101.77690029615005,11.0,42.4223709045,23.25495765184,AA-,电力设备,制造,10-20,0-50,AA/AA-,122.91464760893032,122.91464760893032,0.0,False,False,102.6638565102526,143.16543870760808,True,6.0,439.0,5.24487390030682,2024,100-110,7.0,0.7040400050618623,0.5409595287959948,1.0,杭电转债、精达转债、煜邦转债、麦米转2、中能转债、迪贝转债、天能转债,-0.0436110990115121,-2.031526446614073,-0.8119778802875022,0.8127330323968618,0.1428571428571428,-1.64090822362144,1.756810106592965,122.91464760893032,1.7616476089303177,False,0.35,0.275,13.623929990902102,34.38535239106969,0.6822138123891751,123.5968614213195,0.0285019912232573,0.0,122.91464760893032,False,133.06428839983977,0.0988607019462,125.46416766446676,123.5968614213195,0.0043009994,718529400.0,0.6532085454545454,2.3978952727983707,5.4489078646829885,-2.2099480412314523,False,123.69754028320312,122.71671295166016,2.544540283203119,2.544540283203119,1.5637129516601505,73,49,7.788139985385009,10.961418111152897,6.323852218939335,0.3,0.1,1.0,60,20,v2.1_极低筹码非线性修正,3.814706,0.5,24.0,9.0,73,7.78813998538501,7.42696969367002,10.961418111152893,10.715467292125652,5,5,123.69754028320312,0.0,123.69754028320312,2.544540283203119,2.544540283203119
123235.SZ,亿田转债,2024-01-12,2024-01-11,121.0,92.30567226890756,5.2021,37.522220775,41.233440642499,AA-,家用电器,消费,3-10,0-50,AA/AA-,119.8379819076693,119.8379819076693,0.0,False,False,100.32189396789472,139.3540698474439,True,6.0,438.0,5.051002986475614,2024,90-100,7.0,0.7380375853660617,0.5549325798689808,1.0,朗科转债、华翔转债、星帅转2、小熊转债、宏昌转债、开能转债、火星转债,-0.9463541323748128,-0.9300128393051325,-1.8572270140199905,0.9239399439036512,0.0,-2.4153248195447063,-7.010582010582011,119.8379819076693,-1.1620180923306975,False,0.35,0.275,13.27109079853854,37.46201809233071,1.7230684238347056,121.561050331504,0.1282485025084931,0.0,119.8379819076693,False,135.3330084045907,0.1653420175098856,124.48351614620265,121.561050331504,0.001019151,433068900.0,0.8324886103688894,1.6490623902173178,6.888785351225184,-1.6190058771940552,False,122.5155029296875,124.74801635742188,1.5155029296875,1.5155029296875,3.748016357421875,74,50,7.717280529950118,10.891120134981977,6.24826598022461,0.3,0.1,1.0,60,20,v2.1_极低筹码非线性修正,0.8714110000000003,0.5,24.0,9.0,74,7.71728052995012,7.3609909178529,10.891120134981975,10.646928978184725,5,5,122.5155029296875,0.0,122.5155029296875,1.5155029296875,1.5155029296875
111018.SH,华康转债,2024-01-15,2024-01-12,117.39,95.54280670785523,13.03023,50.7925454,27.480989512222,AA-,基础化工,周期,10-20,50-300,AA/AA-,119.67695266838106,119.67695266838106,0.0,False,False,100.16086472860648,139.19304060815566,True,6.0,445.0,5.264936717710142,2024,90-100,7.0,0.6967979771937889,0.4758788870045972,1.0,丰山转债、凯盛转债、蒙泰转债、惠云转债、洋丰转债、双箭转债、金丹转债,0.0094466846264296,-0.6794927216273552,-0.3374479011270015,0.4120790676710895,0.0,0.6508600650859897,-5.210157618213662,119.67695266838106,2.286952668381062,False,0.35,0.275,12.524123267978366,37.62304733161895,1.856292142375716,121.53324481075678,0.0111040437589627,0.0,119.67695266838106,False,129.34494031188075,0.0984612500912185,122.45526187276528,121.53324481075678,0.0027105348,1063367000.0,0.8160769226636829,2.567272042554259,5.9106093203866985,-2.2144399548473297,False,119.46675109863281,120.1037826538086,2.076751098632812,2.076751098632812,2.713782653808593,75,51,7.634590161946616,10.819684275080007,6.1554667047238825,0.3,0.1,1.0,60,20,v2.1_极低筹码非线性修正,2.3965599999999987,0.5,24.0,9.0,75,7.634590161946618,7.283051078010694,10.819684275080004,10.577158977376111,5,5,119.46675109863281,0.0,119.46675109863281,2.076751098632812,2.076751098632812
127102.SZ,浙建转债,2024-01-16,2024-01-15,109.25,89.1008174386921,10.0,106.0794636138,23.508564437486,AA+,建筑装饰,周期,10-20,50-300,AAA/AA+,116.25290532352652,116.25290532352652,0.0,False,False,96.73681738375193,135.7689932633011,True,6.0,446.0,5.607323542429676,2024,80-90,7.0,0.8117793748696306,0.7658811693271165,1.0,交建转债、精工转债、能辉转债、山路转债、汇通转债、建工转债、华设转债,-0.3684422168119431,-0.8969060641672199,-1.475259976018009,0.8179057694191583,0.1428571428571428,1.4477766287487093,-6.48236415633937,116.25290532352652,7.00290532352652,False,0.3,0.275,11.126099221442226,41.04709467647349,2.284284174743382,118.5371894982699,0.0059556945903021,0.0,116.25290532352652,False,125.6447283156546,0.1099137508421641,119.636635426325,118.5371894982699,0.0050287263,559474600.0,0.5594745999999999,2.302585092994046,5.292588547612202,-2.0916223922115904,False,115.32020568847656,116.01248931884766,6.0702056884765625,6.0702056884765625,6.762489318847656,76,52,7.561460700587225,10.750906008979142,6.0770298661452085,0.3,0.1,1.0,60,20,v2.1_极低筹码非线性修正,4.405254000000001,0.5,24.0,9.0,76,7.561460700587226,7.214547130913617,10.75090600897914,10.510042063600336,5,5,115.32020568847656,0.0,115.32020568847656,6.0702056884765625,6.0702056884765625
113681.SH,镇洋转债,2024-01-17,2024-01-16,121.621,106.64395229982964,6.6,54.43696,50.57902621536,AA-,基础化工,周期,3-10,50-300,AA/AA-,128.62489060192263,128.62489060192263,0.0,False,False,109.10880266214804,148.14097854169722,True,6.0,448.0,6.713294054735828,2024,100-110,7.0,0.6035138159742539,0.3007911268699395,1.0,国光转债、丰山转债、双箭转债、惠云转债、苏利转债、三力转债、红墙转债,-1.1345568321159167,-1.9925115228899315,-2.044924157486996,2.282782053949095,0.0,14.337899543379006,8.492201039861346,128.62489060192263,7.003890601922635,False,0.3,0.25,10.616070263341532,28.67510939807738,1.482435764455051,130.1073263663777,0.2372150323117659,0.0,128.62489060192263,False,139.420480993727,0.1597478022926396,132.06047988205555,130.1073263663777,0.000968952,574447000.0,0.8703742424242424,1.8870696490323797,6.939295482904152,-1.660105746145208,False,129.50144958496094,134.24009704589844,7.880449584960942,7.880449584960942,12.619097045898442,77,53,7.534841502796519,10.607289527650215,6.302361859015697,0.3,0.1,1.0,60,40,v2.1_极低筹码非线性修正,0.8555299999999999,0.5,24.0,6.0,77,7.5348415027965245,7.197653395345745,10.607289527650215,10.393181054716262,6,6,129.50144958496094,0.0,129.50144958496094,7.880449584960942,7.880449584960942
113069.SH,博23转债,2024-01-18,2024-01-17,115.991,96.22520793346128,17.0,117.592626848,34.742674038713,AA,有色金属,周期,10-20,50-300,AA/AA-,119.53419621392136,119.53419621392136,0.0,False,False,100.01810827414675,139.05028415369594,True,6.0,439.0,5.156734830746068,2024,90-100,7.0,0.7970891829424478,0.6755174992297116,1.0,丽岛转债、金铜转债、万顺转债、亚科转债、中金转债、万顺转2、海亮转债,-0.279634409631245,0.1526338695663057,-0.3142621603214985,-0.0656906906906895,0.2857142857142857,-2.6537216828478982,2.104548540393747,119.53419621392136,3.5431962139213624,False,0.3,0.25,10.701830579227508,37.76580378607865,0.2722039057284701,119.80640011964984,0.0017113613041328,0.0,119.53419621392136,False,126.01038330298522,0.1091679350849193,122.62630732603267,119.80640011964984,0.0065484459,1118316000.0,0.6578329411764706,2.833213344056216,5.0285275246628585,-2.0992685449360344,False,117.3624038696289,118.65892028808594,1.3714038696289066,1.3714038696289066,2.667920288085938,78,54,7.539272375644781,10.576779720618974,6.331585705792461,0.3,0.1,1.0,60,40,v2.1_极低筹码非线性修正,5.816839999999999,0.5,24.0,6.0,78,7.539272375644787,7.206407192648505,10.576779720618976,10.364822065613,6,6,117.3624038696289,0.0,117.3624038696289,1.3714038696289066,1.3714038696289066
118046.SH,诺泰转债,2024-01-18,2024-01-17,123.039,101.70840159138778,4.34,92.64967948,42.616456748127,A+,医药生物,消费,3-10,50-300,A+/A,125.81404330242977,125.81404330242977,0.0,False,False,106.29795536265516,145.33013124220437,True,6.0,439.0,5.156734830746068,2024,100-110,7.0,0.8111139225777368,0.7447625151873712,1.0,亚药转债、东亚转债、北陆转债、寿22转债、微芯转债、东宝转债、奇正转债,-0.676516441163772,0.4974351291224213,-0.7821781669165029,0.4278188600222443,0.1428571428571428,4.370797310278585,1.1874272409778674,125.81404330242977,2.775043302429765,False,0.25,0.25,9.551524327454176,31.485956697570245,1.2226730708160525,127.03671637324582,0.1314311078412297,0.0,125.81404330242977,False,136.85603985520217,0.1157943161450626,128.5484644204059,127.03671637324582,0.0016799484,291802000.0,0.6723548387096774,1.4678743481123135,6.388992200324377,-2.032874229058987,False,124.46656036376953,128.4927215576172,1.4275603637695298,1.4275603637695298,5.453721557617186,78,54,7.539272375644781,10.576779720618974,6.331585705792461,0.3,0.1,1.0,60,40,v2.1_极低筹码非线性修正,1.42198,0.5,24.0,6.0,78,7.539272375644787,7.206407192648505,10.576779720618976,10.364822065613,6,6,124.46656036376953,0.0,124.46656036376953,1.4275603637695298,1.4275603637695298
123236.SZ,家联转债,2024-01-18,2024-01-17,122.7,102.40770465489564,7.5,36.7488,50.549753815101,AA-,轻工制造,制造,3-10,0-50,AA/AA-,125.59040087380086,125.59040087380086,0.0,False,False,106.07431293402628,145.10648881357545,True,6.0,439.0,5.156734830746068,2024,100-110,7.0,0.6592067417755335,0.4240202117033963,1.0,翔港转债、特纸转债、永吉转债、景兴转债、合兴转债、艾录转债、蒙娜转债,-0.1237106600785208,-0.4418224558677086,-0.193387904571499,0.3358793576184737,0.0,14.268656716417905,3.85241454150842,125.59040087380086,2.890400873800857,False,0.25,0.225,9.45772530073271,31.70959912619915,2.251204119224368,127.84160499302524,0.1036159540010933,0.0,125.59040087380086,False,136.33915173882383,0.0989580333873544,127.94384055057338,127.84160499302524,0.0009232644,668269300.0,0.8910257333333333,2.0149030205422647,6.987594907277686,-2.2088559792569495,False,124.05139923095703,128.91842651367188,1.3513992309570284,1.3513992309570284,6.218426513671872,78,54,7.539272375644781,10.576779720618974,6.331585705792461,0.3,0.1,1.0,60,40,v2.1_极低筹码非线性修正,0.8173069999999999,0.5,24.0,6.0,78,7.539272375644787,7.206407192648505,10.576779720618976,10.364822065613,6,6,124.05139923095703,0.0,124.05139923095703,1.3513992309570284,1.3513992309570284
127100.SZ,神码转债,2024-01-19,2024-01-18,114.5,81.05198400492158,13.38999,176.43471998,36.396944874647,AA,计算机,科技,10-20,50-300,AA/AA-,113.00282172446418,113.00282172446418,0.0,False,False,95.35315239106674,130.65249105786162,True,6.0,441.0,4.942437370241032,2024,80-90,7.0,0.8345522846470467,0.7899352538384622,1.0,思创转债、银信转债、宇瞳转债、天阳转债、正元转02、金现转债、声迅转债,-0.3589020243677281,-0.0353071946648131,0.4104907087985507,-1.399083672137108,0.1428571428571428,-5.453893074991023,-9.325533379215411,113.00282172446418,-1.4971782755358165,False,0.2,0.225,7.9608008918467394,44.29717827553583,1.6601902604222052,114.6630119848864,0.0004819284845687,0.0,113.00282172446418,False,119.87458152071832,0.1381161018290424,117.59143691354654,114.6630119848864,0.0044128114,961786400.0,0.7182876163462408,2.594507412876813,5.423243286974865,-1.8310259236458464,False,110.1362533569336,113.08509063720703,-4.363746643066406,4.363746643066406,-1.4149093627929688,81,57,7.290503164032358,10.240086538803908,6.152633143374794,0.3,0.1,1.0,60,60,v2.1_极低筹码非线性修正,3.7721259999999983,0.5,24.0,6.0,81,7.290503164032361,6.981729717233568,10.240086538803908,10.041567917149772,6,6,110.1362533569336,0.0,110.1362533569336,-4.363746643066406,4.363746643066406
123237.SZ,佳禾转债,2024-01-24,2024-01-23,104.305,68.96551724137932,10.04,50.75832,55.49612715977,A+,电子,科技,10-20,50-300,A+/A,108.83716768155588,108.83716768155588,0.0,False,False,91.18749834815844,126.48683701495332,True,6.0,428.0,5.286765654021663,2024,<80,7.0,0.8503417334547023,0.7671028577999416,1.0,利德转债、雅创转债、景23转债、华正转债、超声转债、联创转债、金宏转债,-0.7432530246874381,-0.1024699707923317,2.403644558899998,-0.5864707544222914,0.1428571428571428,-18.25613079019074,-26.506614404703576,108.83716768155588,4.532167681555876,False,0.15,0.225,6.732113837785184,48.46283231844413,1.7131612602161534,110.55032894177204,0.0019637936598971,0.0,108.83716768155588,False,118.88061243578278,0.1593958566752566,114.63074868728668,110.55032894177204,0.0041426247,648214800.0,0.6456322709163347,2.306577114263583,5.486425706521579,-1.6627300788036707,False,106.14651489257812,109.48033905029297,1.8415148925781182,1.8415148925781182,5.175339050292962,82,58,7.254811011337651,10.188857761002113,6.121790272679821,0.3,0.1,1.0,60,60,v2.1_极低筹码非线性修正,3.5578519999999996,0.5,24.0,6.0,82,7.2548110113376545,6.949803094377871,10.188857761002113,9.991778492156374,6,6,106.14651489257812,0.0,106.14651489257812,1.8415148925781182,1.8415148925781182
127103.SZ,东南转债,2024-01-24,2024-01-23,105.0,86.03839441535776,20.0,56.6751909642,30.038698367847,AA,建筑装饰,周期,20-50,50-300,AA/AA-,112.3887518382852,112.3887518382852,0.0,False,False,94.73908250488776,130.03842117168264,True,6.0,428.0,5.286765654021663,2024,80-90,7.0,0.8169453916773516,0.7435390977629105,1.0,交建转债、浙建转债、华设转债、精工转债、山路转债、岭南转债、设研转债,0.2426280534782353,0.1592531636585844,0.156900060997998,2.4266882770902773,0.1428571428571428,-7.850467289719621,-12.897526501766787,112.3887518382852,7.388751838285202,False,0.15,0.225,6.565688550978439,44.91124816171481,1.3707176918621446,113.75946953014734,0.0001179894734384,0.0,112.3887518382852,False,120.49479300366691,0.1191678488667771,116.40273446330036,113.75946953014734,0.006249675,1448671500.0,0.7243357500000001,2.995732273553991,5.075225816585874,-2.000334092960019,False,109.6656494140625,111.75746154785156,4.6656494140625,4.6656494140625,6.7574615478515625,82,58,7.254811011337651,10.188857761002113,6.121790272679821,0.3,0.1,1.0,60,60,v2.1_极低筹码非线性修正,5.513284999999999,0.5,24.0,6.0,82,7.2548110113376545,6.949803094377871,10.188857761002113,9.991778492156374,6,6,109.6656494140625,0.0,109.6656494140625,4.6656494140625,4.6656494140625
123238.SZ,卡倍转02,2024-02-01,2024-01-31,125.0,71.82207712711693,5.29,31.285988448,36.36075980435,A+,汽车,制造,3-10,0-50,A+/A,108.04795877154518,108.04795877154518,0.0,False,False,91.72616691160978,124.36975063148058,False,6.0,407.0,6.463039679297208,2024,<80,7.0,0.8580932898431414,0.7828636002874566,1.0,明新转债、海泰转债、联诚转债、今飞转债、纽泰转债、德尔转债、神通转债,0.6210102548180163,1.7167118972387818,-0.2290198095514988,-1.1599413119745217,0.1428571428571428,-9.090909090909085,-27.86885245901638,108.04795877154518,-16.952041228454817,False,0.1,0.225,6.935126142892699,49.25204122845483,4.149989971920229,112.19794874346542,0.0030183027997727,0.0,108.04795877154518,False,123.54978467322591,0.1795552213322231,114.68055464442442,112.19794874346542,0.0008003926,460343400.0,0.8702143667296787,1.665818245870208,7.130408200674746,-1.5193638058642525,False,105.24556732177734,111.842529296875,-19.754432678222656,19.754432678222656,-13.157470703125,84,60,7.159543657575333,10.081696583659157,6.026183335367837,0.3,0.1,1.0,60,60,v2.1_极低筹码非线性修正,0.6865659999999999,0.5,24.0,6.0,84,7.159543657575336,6.8617978338764996,10.081696583659157,9.887270394259398,6,6,105.24556732177734,0.0,105.24556732177734,-19.754432678222656,19.754432678222656
123239.SZ,锋工转债,2024-02-22,2024-02-21,122.499,78.436873747495,6.2,32.4234352917,61.776464371724,A+,机械设备,制造,3-10,0-50,A+/A,111.996094347598,111.996094347598,0.0,False,False,94.99376446772608,128.99842422746994,True,6.0,395.0,5.520980684937947,2024,<80,7.0,0.868457242743568,0.8066079025872336,1.0,光力转债、斯莱转债、隆华转债、星球转债、万讯转债、大丰转债、运机转债,-3.6926700178811145,0.818821153017081,-4.272337435601003,4.40934132904296,0.0,13.056036972848071,-17.146486028789166,111.996094347598,-10.502905652401992,False,0.1,0.225,7.383687767718484,45.30390565240201,4.217731748166538,116.21382609576456,0.0077054207108978,0.0,111.996094347598,False,128.1831760350439,0.2114215789147123,119.17976179562348,116.21382609576456,0.0007159669,560735000.0,0.9044112903225807,1.824549292051046,7.241876621122503,-1.3163777130395642,False,109.16948699951172,116.06977081298828,-13.329513000488276,13.329513000488276,-6.429229187011714,85,61,7.307718822524125,10.248700643528064,6.25123660328349,0.3,0.1,1.0,60,60,v2.1_极低筹码非线性修正,0.5926499999999996,0.5,24.0,6.0,85,7.307718822524127,7.013475890868808,10.248700643528064,10.059773907979242,6,6,109.16948699951172,0.0,109.16948699951172,-13.329513000488276,13.329513000488276
127104.SZ,姚记转债,2024-02-26,2024-02-23,132.88,114.49140733859728,5.831273,101.582844735,79.61175992389,A+,传媒,科技,3-10,50-300,A+/A,132.9292667849682,132.9292667849682,0.0,False,False,115.92693690509628,149.93159666484013,True,6.0,412.0,5.635429666053212,2024,110-120,7.0,0.6204750655849587,0.5249073861268755,0.8571428571428571,风语转债、游族转债、贵广转债、湖广转债、纵横转债、广电转债、中富转债,-1.947414831836884,-4.059431602028855,-5.902322213362002,2.890530902320687,0.0,5.74860574860574,22.45404868355687,132.9292667849682,0.0492667849682106,False,0.1,0.225,7.813129404210675,24.370733215031805,-0.9101017738715664,132.01916501109665,0.1581155382453757,0.0,132.9292667849682,False,144.52042769588274,0.3288178807988829,138.93941642192948,132.01916501109665,0.0018257421,427352800.0,0.7328636474402758,1.7632353298715475,6.305768744462325,-0.7135364710570185,False,130.64700317382812,136.71444702148438,-2.2329968261718705,2.2329968261718705,3.8344470214843795,86,62,7.377739685058592,10.289825880329929,6.365402351625503,0.3,0.1,1.0,60,60,v2.1_极低筹码非线性修正,1.5577450000000008,1.0,12.0,6.0,86,7.377739685058595,6.515347709979594,10.289825880329929,9.337639833703006,6,6,130.64700317382812,0.0,130.64700317382812,-2.2329968261718705,2.2329968261718705
123240.SZ,楚天转债,2024-02-29,2024-02-28,114.7,88.3,10.0,52.1236996242,70.458840020391,AA,医药生物,消费,10-20,50-300,AA/AA-,115.41639319638732,115.41639319638732,0.0,False,False,99.14488998786904,131.68789640490562,True,6.0,402.0,5.772098894147813,2024,80-90,7.0,0.8689529305638498,0.8936950408663582,1.0,柳药转债、寿22转债、康医转债、百洋转债、亚药转债、英特转债、山河转债,0.070119150772005,0.4463734508313638,1.006701703795997,-1.272619083669757,0.1428571428571428,3.274853801169586,-1.4508928571428603,115.41639319638732,0.7163931963873154,False,0.05,0.2,6.7214559287037785,41.88360680361269,1.599904041505484,117.0162972378928,0.0031122114942531,0.0,115.41639319638732,False,125.70908484383143,0.1323494547828659,119.57384758998587,117.0162972378928,0.0041827049,688681000.0,0.688681,2.302585092994046,5.476797136464645,-1.880343226765301,False,112.66498565673828,115.35620880126953,-2.0350143432617216,2.0350143432617216,0.6562088012695284,87,63,7.318604709669089,10.233318753880443,6.299808613126239,0.3,0.1,1.0,60,60,v2.1_极低筹码非线性修正,3.1131900000000003,1.0,12.0,6.0,87,7.318604709669092,6.46612528602778,10.233318753880443,9.28690636408279,6,6,112.66498565673828,0.0,112.66498565673828,-2.0350143432617216,2.0350143432617216
127105.SZ,龙星转债,2024-03-06,2024-03-05,102.998,70.14681892332788,7.547539,21.10526,81.614439752987,AA-,基础化工,周期,3-10,0-50,AA/AA-,108.72146911351852,108.72146911351852,0.0,False,False,92.44996590500024,124.9929723220368,True,6.0,411.0,5.837706511488197,2024,<80,7.0,0.9384335304339144,0.92937702547962,1.0,金丹转债、红墙转债、丰山转债、惠云转债、镇洋转债、蒙泰转债、润禾转债,1.5075343025212278,-1.619520326957373,6.6586608031521966,-5.883162819934645,0.2857142857142857,-8.119658119658112,-17.307692307692314,108.72146911351852,5.723469113518519,False,0.0,0.2,5.181664197807723,48.57853088648149,2.525846141649737,111.24731525516826,0.0025053491051866,0.0,108.72146911351852,False,121.76521630741075,0.1520329650379556,114.26062267941327,111.24731525516826,0.0052762114,357957700.0,0.4742707523604714,2.021221549859438,5.2445469766962685,-1.718744388588834,False,106.34127807617188,108.98279571533203,3.3432780761718703,3.3432780761718703,5.984795715332027,88,64,7.258563910050825,10.177321038537679,6.233171202659606,0.3,0.1,1.0,60,60,v2.1_极低筹码非线性修正,3.967962,1.0,12.0,6.0,88,7.258563910050828,6.415771752587256,10.17732103853768,9.236536933007418,6,6,106.34127807617188,0.0,106.34127807617188,3.3432780761718703,3.3432780761718703
113682.SH,益丰转债,2024-03-27,2024-03-26,120.617,98.31869510664994,17.97432,395.9451644646,32.541805453832,AA,医药生物,消费,10-20,300+,AA/AA-,119.86201426168722,119.86201426168722,0.0,False,False,103.59051105316894,136.1335174702055,True,6.0,413.0,6.344676725319945,2024,90-100,7.0,0.6177520334409424,0.3712478335840662,1.0,康泰转2、大参转债、乐普转2、奕瑞转债、英特转债、新天转债、奇正转债,1.257591622640884,2.3167513245775035,1.8841015518690007,-2.640993265993264,0.2857142857142857,-0.3053435114503733,0.2558853633572111,119.86201426168722,-0.7549857383127829,False,0.0,0.2,5.258923670594655,37.43798573831279,1.043028841415831,120.90504310310304,1.0429612465040948e-05,0.0,119.86201426168722,False,123.65290815248773,0.1375194791316622,123.72335348554076,120.90504310310304,0.0103521245,907933000.0,0.5051278713186369,2.888944072571637,4.570563514634397,-1.836046990665027,False,117.38179016113281,118.52046203613281,-3.235209838867192,3.235209838867192,-2.096537963867192,89,65,7.214571934389263,10.126186709860614,6.188711308405948,0.3,0.1,1.0,60,60,v2.1_极低筹码非线性修正,8.894989999999998,1.0,12.0,6.0,89,7.214571934389267,6.3812493517286555,10.126186709860615,9.191334209856572,6,6,117.38179016113281,0.0,117.38179016113281,-3.235209838867192,3.235209838867192
113683.SH,伟24转债,2024-04-22,2024-04-19,157.3,112.417943107221,2.85,350.3051884545,20.305847604788,AA,环保,周期,0-3,300+,AA/AA-,130.82796426241103,130.82796426241103,0.0,False,True,114.55646105389276,147.0994674709293,False,6.0,396.0,7.21991475959607,2024,110-120,7.0,0.6389124697788768,0.4989506649437353,1.0,伟22转债、旺能转债、惠城转债、天源转债、海环转债、盈峰转债、联泰转债,-1.4619644548525597,-1.6251212755087678,-4.514149428073857,5.979950294200792,0.1428571428571428,7.254697286012535,9.192348565356,130.82796426241103,-26.472035737588985,True,0.0,0.175,5.254137354202954,26.472035737588985,0.2283286216535009,131.05629288406453,0.003897748012874,0.0,130.82796426241103,False,138.2716332962201,0.201903545079306,134.836562658075,131.05629288406453,0.0003267219,258963000.0,0.9086421052631579,1.0473189942805592,8.026401207627801,-1.3744393772188888,True,140.977294921875,142.60018920898438,-16.32270507812501,16.32270507812501,-14.699810791015636,90,66,7.170356799994573,10.0755457976698,6.14396128614021,0.3,0.1,1.0,60,60,v2.1_极低筹码非线性修正,0.26036999999999993,1.0,12.0,6.0,90,7.170356799994576,6.346293357141306,10.0755457976698,9.14648819571959,6,6,140.977294921875,6.0,146.977294921875,-10.322705078125011,10.322705078125011
113684.SH,湘泵转债,2024-04-29,2024-04-26,122.63,106.94526191877578,5.7739,37.8056761454,53.515417852325,AA-,汽车,制造,3-10,0-50,AA/AA-,127.15692746039602,127.15692746039602,0.0,False,False,110.88542425187774,143.4284306689143,True,6.0,407.0,6.692016899093737,2024,100-110,7.0,0.7661001355127643,0.6795931612790174,1.0,神通转债、沿浦转债、汽模转2、金钟转债、岱美转债、今飞转债、正裕转债,-1.7367433112774178,-1.073987105945188,-1.6230119948874933,3.606949973654927,0.0,9.457831325301203,8.15476190476192,127.15692746039602,4.526927460396024,False,0.05,0.2,5.585598901103871,30.143072539603992,0.2992367667898092,127.45616422718582,0.0479590576949639,0.0,127.15692746039602,False,140.1861199072585,0.176097768126454,131.13802330941957,127.45616422718582,0.0015527251,441264000.0,0.7642390758412857,1.7533477620744877,6.467743762718487,-1.5430125307077958,False,125.93440246582031,129.45510864257812,3.304402465820317,3.304402465820317,6.8251086425781295,91,66,7.266269979288289,10.27198757681823,6.051995274399266,0.3,0.1,1.0,60,40,v2.1_极低筹码非线性修正,1.3612600000000006,0.75,24.0,15.0,91,7.266269979288292,6.2803389711733955,10.27198757681823,9.419914220288502,6,6,125.93440246582031,0.0,125.93440246582031,3.304402465820317,3.304402465820317
111019.SH,宏柏转债,2024-05-14,2024-05-13,118.749,94.1411451398136,9.6,43.2899739636,44.555607031498,AA-,基础化工,周期,3-10,0-50,AA/AA-,121.87660083810948,121.87660083810948,0.0,False,False,105.6050976295912,138.14810404662776,True,6.0,412.0,5.950333896207249,2024,90-100,7.0,0.7536116634947206,0.595533724500903,1.0,赫达转债、祥源转债、福新转债、利民转债、优彩转债、新化转债、蓝晓转02,0.1262593100676612,-1.062413586549844,0.0290141793814981,-2.0585323795729806,0.1428571428571428,-1.6689847009735748,-6.357615894039725,121.87660083810948,3.127600838109487,False,0.05,0.2,5.7551822335712775,35.42339916189053,2.1719751071939526,124.04857594530344,0.0056734762620778,0.0,121.87660083810948,False,128.11235219834282,0.1018472738770904,124.5824333151834,124.04857594530344,0.0040745736,644871000.0,0.6717406250000001,2.2617630984737906,5.502989175801062,-2.1768657512172918,False,119.73503112792969,121.41963195800781,0.9860311279296923,0.9860311279296923,2.6706319580078173,92,67,7.21741500721807,10.112646461431492,6.08729564883104,0.3,0.1,1.0,60,60,v2.1_极低筹码非线性修正,3.151289999999999,0.75,24.0,15.0,92,7.217415007218072,6.258956117737577,10.112646461431494,9.281296579961051,6,6,119.73503112792969,0.0,119.73503112792969,0.9860311279296923,0.9860311279296923
113685.SH,升24转债,2024-07-10,2024-07-09,105.014,78.51047323506593,28.0,94.4413512196,43.540114722875,AA-,汽车,制造,20-50,50-300,AA/AA-,110.94251127233096,110.94251127233096,0.0,False,False,94.67100806381268,127.21401448084924,True,6.0,358.0,9.438317090995278,2024,<80,7.0,0.7733445068985026,0.638871931428014,1.0,拓普转债、金钟转债、爱迪转债、上声转债、海泰转债、神通转债、新23转债,-1.5920274438177309,-0.7439621019422407,-3.784503157222497,2.5733008945033333,0.0,-1.842870999030077,-17.320261437908503,110.94251127233096,5.928511272330965,False,0.05,0.2,5.533488911537912,46.35748872766905,3.2659874798254283,114.2084987521564,4.137679008559668e-06,0.0,110.94251127233096,False,118.202715256531,0.144106453189802,115.95282123182892,114.2084987521564,0.0321083101,643833000.0,0.22994035714285713,3.332204510175204,3.4386404007302933,-1.7815937224834872,False,108.9041519165039,108.94429779052734,3.8901519165039105,3.8901519165039105,3.930297790527348,93,68,7.150410879483785,10.058650134507785,6.012277052935432,0.3,0.1,1.0,60,60,v2.1_极低筹码非线性修正,21.56167,0.75,24.0,15.0,93,7.150410879483788,6.2022579995676,10.058650134507785,9.231828502967764,6,6,108.9041519165039,0.0,108.9041519165039,3.8901519165039105,3.8901519165039105
118048.SH,利扬转债,2024-07-19,2024-07-18,116.218,91.81649101053938,5.2,29.665783634,47.547673808503,A+,电子,科技,3-10,0-50,A+/A,115.26490298510583,115.26490298510583,0.0,False,False,100.3151794406528,130.21462652955884,True,6.0,367.0,8.595605596717883,2024,90-100,7.0,0.8543831678533003,0.826773611836139,1.0,聚飞转债、长信转债、联得转债、洁美转债、银微转债、利德转债、中富转债,1.3146957532842305,0.7011042352986232,4.307559510562001,-1.7936684696150174,0.4285714285714285,-5.848696757787664,-12.366863905325433,115.26490298510583,-0.9530970148941692,False,0.05,0.2,5.741832094707944,42.03509701489418,1.617394086368012,116.88229707147384,0.00861492012562,0.0,115.26490298510583,False,123.57422724831072,0.1142715128537214,118.86746358173951,116.88229707147384,0.0043255576,203103000.0,0.39058269230769227,1.6486586255873816,5.443214222052898,-2.0478331473627107,False,112.85040283203125,115.35018157958984,-3.3675971679687535,3.3675971679687535,-0.8678184204101598,94,69,7.115727273494638,10.013045977930329,5.981521616175555,0.3,0.1,1.0,60,60,v2.1_极低筹码非线性修正,3.1689700000000003,0.75,24.0,15.0,94,7.11572727349464,6.1776611263435175,10.013045977930329,9.191353725103077,6,6,112.85040283203125,0.0,112.85040283203125,-3.3675971679687535,3.3675971679687535
113686.SH,泰瑞转债,2024-07-24,2024-07-23,157.3,93.24487334137515,3.378,22.7492988633,58.962088519052,AA-,机械设备,制造,3-10,0-50,AA/AA-,113.46094202610206,113.46094202610206,0.0,False,True,98.51121848164904,128.41066557055507,False,6.0,366.0,9.462103280500964,2024,90-100,7.0,0.7626208292027792,0.6727130383611067,1.0,拓斯转债、弘亚转债、智能转债、泰福转债、光力转债、博实转债、耐普转债,0.0987468136211811,0.3869976500104991,-0.0964695430914004,-0.2174688327553742,0.1428571428571428,-1.5286624203821542,-3.3749999999999947,113.46094202610206,-43.83905797389795,True,0.05,0.2,5.731386040836118,43.83905797389795,1.3024940598485035,114.76343608595056,0.0153302186443103,0.0,113.46094202610206,False,126.68384981895966,0.2327146861832938,121.11243649032724,114.76343608595056,0.0005672134,295928000.0,0.8760449970396684,1.2172838183856083,7.474774958201722,-1.193045538514013,True,112.14720916748047,119.35063934326172,-45.15279083251954,45.15279083251954,-37.94936065673829,95,70,7.076273272383839,9.966197156685773,5.944179838344029,0.3,0.1,1.0,60,60,v2.1_极低筹码非线性修正,0.4187200000000001,0.75,24.0,15.0,95,7.076273272383841,6.148081505729046,9.966197156685775,9.149376246143797,6,6,112.14720916748047,13.988898425964486,126.13610759344496,-31.16389240655505,31.16389240655505
123241.SZ,欧通转债,2024-07-26,2024-07-25,111.8,83.54881854658939,6.445265,37.92976,38.026765002692,AA-,电力设备,制造,3-10,0-50,AA/AA-,108.350237005027,108.350237005027,0.0,False,False,92.07873379650871,124.62174021354528,True,6.0,359.0,10.280955104780412,2024,80-90,7.0,0.7942456772118069,0.6658244866972577,1.0,震裕转债、白电转债、中能转债、翔丰转债、中辰转债、通光转债、崧盛转债,-2.4702808462277672,-1.1843667079932838,-5.849516891311499,2.967579746429172,0.0,-3.995901639344268,-11.394799054373529,108.350237005027,-3.449762994973,False,0.1,0.2,7.808991306111963,48.94976299497301,2.313335884633637,110.66357288966064,0.0021628068904185,0.0,108.350237005027,False,118.17167480858475,0.1710620701850815,114.63032284976887,110.66357288966064,0.0025494849,471037300.0,0.7308268938515328,1.8633457526909378,5.97186394021655,-1.578118804588935,False,108.38044738769531,109.77208709716797,-3.4195526123046847,3.4195526123046847,-2.0279129028320284,96,70,7.571108518600465,10.609369380017016,6.1603183018275685,0.3,0.1,1.0,0,0,v2.1_极低筹码非线性修正,1.7348920000000008,0.75,18.0,15.0,96,7.571108518600467,6.776037777734935,10.609369380017014,9.632478813603447,7,7,108.38044738769531,0.0,108.38044738769531,-3.4195526123046847,3.4195526123046847
123243.SZ,严牌转债,2024-07-26,2024-07-25,128.0,91.42480211081794,4.678889,14.1929172,49.47982024489,A+,环保,周期,3-10,0-50,A+/A,111.31217533377423,111.31217533377423,0.0,False,False,96.3624517893212,126.26189887822726,False,6.0,359.0,10.280955104780412,2024,90-100,7.0,0.6696437757146957,0.5093222471023625,1.0,海环转债、维尔转债、旺能转债、洪城转债、中环转2、联泰转债、华宏转债,-0.5052799947989788,-0.372607643640054,-3.304210413920195,4.3606069547095565,0.1428571428571428,2.363367799113747,-6.854838709677424,111.31217533377423,-16.687824666225765,False,0.1,0.2,7.631334189684286,45.98782466622578,2.121119276561698,113.43329461033592,0.0092223849685284,0.0,111.31217533377423,False,124.99528364896535,0.2502568098332058,119.94375005287807,113.43329461033592,0.0010683368,391370500.0,0.8364603220978314,1.5430606885849452,6.841652232353081,-1.0972431048368705,False,111.93272399902344,115.75543975830078,-16.067276000976562,16.067276000976562,-12.244560241699219,96,70,7.571108518600465,10.609369380017016,6.1603183018275685,0.3,0.1,1.0,0,0,v2.1_极低筹码非线性修正,0.7651839999999998,0.75,18.0,15.0,96,7.571108518600467,6.776037777734935,10.609369380017014,9.632478813603447,7,7,111.93272399902344,0.0,111.93272399902344,-16.067276000976562,16.067276000976562
123242.SZ,赛龙转债,2024-07-29,2024-07-26,157.3,93.18120076066285,2.5,16.38854,82.867367455836,A+,基础化工,周期,0-3,0-50,A+/A,114.57543270625963,114.57543270625963,0.0,False,True,98.35677281018717,130.7940926023321,False,6.0,362.0,8.728787663971902,2024,90-100,7.0,0.6312525189078565,0.3748803077199452,1.0,福新转债、利民转债、聚隆转债、蓝晓转02、金丹转债、锦鸡转债、阳谷转债,0.0033476683200318,1.003931769976015,-0.0633090232374975,-0.3247490676021425,0.1428571428571428,1.5393724097098715,-5.065042900636607,114.57543270625963,-42.72456729374038,True,0.1,0.2,8.115530892899443,42.72456729374038,1.8482672697718456,116.42369997603149,0.0562469767757164,0.0,114.57543270625963,False,129.34670186692762,0.253104741049467,122.68577561225916,116.42369997603149,0.0008267646,192628800.0,0.7705152,0.9162907318741551,7.09799054674817,-1.0821215604090162,True,120.7503890991211,122.43414306640625,-36.54961090087892,36.54961090087892,-34.86585693359376,98,72,7.615441289784958,10.630859818816262,6.259848746405709,0.3,0.1,1.0,0,0,v2.1_极低筹码非线性修正,0.5737120000000001,0.75,18.0,15.0,98,7.615441289784959,6.836596482406479,10.630859818816262,9.677017226415593,7,7,120.7503890991211,4.823022209144138,125.57341130826524,-31.726588691734776,31.726588691734776
113687.SH,振华转债,2024-08-02,2024-08-01,121.299,102.9209621993127,4.0621,60.9801366868,42.44425284263,AA,基础化工,周期,3-10,50-300,AA/AA-,119.37768423135488,119.37768423135488,0.0,False,False,102.6370162526833,136.11835221002644,True,6.0,377.0,9.824802438080091,2024,100-110,7.0,0.7207516046507211,0.5891132991024318,1.0,飞鹿转债、润禾转债、福新转债、聚隆转债、双箭转债、惠云转债、锦鸡转债,-0.9137117804075334,-0.8312063322002039,-1.057972449111004,1.6110003252860272,0.0,4.355400696864109,6.394316163410307,119.37768423135488,-1.9213157686451297,False,0.15,0.2,10.074599446890394,37.922315768645134,0.3382661219244384,119.71595035327933,0.028344093246931,0.0,119.37768423135488,False,132.56449322538234,0.1107022190553797,122.52624761183576,119.71595035327933,0.0012933924,310721000.0,0.7649270081977302,1.4017000812697389,6.6504867449548195,-2.0835882559381815,False,121.17411804199219,122.828857421875,-0.1248819580078191,0.1248819580078191,1.5298574218749934,99,72,7.907705629290957,11.196753563026366,6.259848746405709,0.3,0.1,1.0,0,0,v2.1_极低筹码非线性修正,0.9548900000000002,0.75,18.0,15.0,99,7.90770562929096,7.088010545126967,11.196753563026364,10.142297343627225,7,7,121.17411804199219,0.0,121.17411804199219,-0.1248819580078191,0.1248819580078191
111020.SH,合顺转债,2024-08-15,2024-08-14,122.496,86.30009319664491,3.38,29.221534758,37.482299960292,AA-,基础化工,周期,3-10,0-50,AA/AA-,110.7107011886007,110.7107011886007,0.0,False,False,93.97003320992911,127.45136916727228,True,6.0,375.0,10.632572191488332,2024,80-90,7.0,0.8487075304318924,0.7944673685333774,1.0,聚合转债、川恒转债、百川转2、双箭转债、洋丰转债、华康转债、福新转债,0.0925205232241499,-0.582089681827861,0.0933963775589994,-0.2086829310270488,0.1428571428571428,-2.010582010582007,-14.020427112349122,110.7107011886007,-11.7852988113993,False,0.15,0.2,10.031913070201162,46.58929881139932,2.854535197544373,113.56523638614507,0.0104124159119296,0.0,110.7107011886007,False,125.16710479717038,0.1695050891136408,116.6335436236769,113.56523638614507,0.000828068,276312000.0,0.817491124260355,1.2178757094949273,7.096415281347273,-1.5891388506247324,False,114.27661895751953,116.6305160522461,-8.219381042480464,8.219381042480464,-5.865483947753901,100,73,7.829877392578125,11.140636130969655,6.175808105468751,0.3,0.1,1.0,0,0,v2.1_极低筹码非线性修正,0.6168800000000002,0.75,18.0,15.0,100,7.829877392578128,7.018379259255775,11.140636130969654,10.091466167387013,7,7,114.27661895751953,3.5171764381017123,117.79379539562125,-4.70220460437875,4.70220460437875
111021.SH,奥锐转债,2024-08-15,2024-08-14,116.155,90.96313912009512,8.1212,93.2217525,39.849545151028,AA-,医药生物,消费,3-10,50-300,AA/AA-,113.19751458708816,113.19751458708816,0.0,False,False,96.45684660841658,129.93818256575975,True,6.0,375.0,10.632572191488332,2024,90-100,7.0,0.8375850924093704,0.757378013382983,1.0,药石转债、楚天转债、微芯转债、奇正转债、九强转债、百洋转债、东亚转债,0.1800485118805365,-1.3545177205138887,0.0050443941270046,-0.0007862562408922,0.0,-5.826836274107516,-13.133989401968217,113.19751458708816,-2.9574854129118364,False,0.15,0.175,10.476657967081085,44.10248541291185,2.298717241948925,115.49623182903709,0.0023982766535007,0.0,113.19751458708816,False,121.14135208648418,0.1156926026480606,117.02426307758908,115.49623182903709,0.0015005182,702687000.0,0.8652502093286706,2.094477926505949,6.501944763867175,-2.033868040223446,False,113.31663513183594,115.05075073242188,-2.8383648681640636,2.8383648681640636,-1.1042492675781261,100,73,7.829877392578125,11.140636130969655,6.175808105468751,0.3,0.1,1.0,0,0,v2.1_极低筹码非线性修正,1.0943300000000005,0.75,18.0,15.0,100,7.829877392578128,7.018379259255775,11.140636130969654,10.091466167387013,7,7,113.31663513183594,0.0,113.31663513183594,-2.8383648681640636,2.8383648681640636
123244.SZ,松原转债,2024-08-22,2024-08-21,157.3,88.85017421602788,4.1,57.6781185,35.465753152342,A+,汽车,制造,3-10,50-300,A+/A,107.54293254666396,107.54293254666396,0.0,False,True,90.80226456799238,124.28360052533554,False,6.0,364.0,9.324006646221868,2024,80-90,7.0,0.6547917029744672,0.415037624878719,1.0,豪能转债、岱美转债、拓普转债、文灿转债、立中转债、汽模转2、海泰转债,-0.9768472216198676,-0.3387594787797945,-2.137512810970452,0.7418665126663948,0.0,-0.1175088131609936,-1.2393493415956636,107.54293254666396,-49.75706745333605,True,0.15,0.15,10.549673323949886,49.75706745333605,1.204611413680733,108.7475439603447,0.0036454559240393,0.0,107.54293254666396,False,123.33658433540856,0.1548092055706174,113.3200716096449,108.7475439603447,0.0006027766,366697800.0,0.8943848780487805,1.410986973710262,7.413963910810793,-1.6973689671961147,True,110.18440246582031,113.55023956298828,-47.1155975341797,47.1155975341797,-43.74976043701173,102,75,7.784759658514285,11.064424477609098,6.158556501464844,0.3,0.1,1.0,0,0,v2.1_极低筹码非线性修正,0.4330219999999998,0.75,18.0,15.0,102,7.784759658514287,6.954691131354121,11.064424477609098,10.00682903293014,7,7,110.18440246582031,9.887124087080597,120.0715265529009,-37.228473447099105,37.228473447099105
123245.SZ,集智转债,2024-08-28,2024-08-27,157.3,80.62871707731522,2.546,15.396576,61.972227073855,A,机械设备,制造,0-3,0-50,A+/A,104.80258889407926,104.80258889407926,0.0,False,True,87.80025901420733,121.8049187739512,False,6.0,366.0,10.218986313173938,2024,80-90,7.0,0.7384059128959857,0.5484669518493017,1.0,智能转债、精测转2、锋工转债、万讯转债、华兴转债、泰林转债、精测转债,0.0174577897374635,0.5442244143918463,0.038093870657498,-0.5173881684624959,0.1428571428571428,-5.099999999999993,-10.175106483672502,104.80258889407926,-52.49741110592075,True,0.2,0.175,12.810918312538892,52.49741110592075,1.792221120012325,106.5948100140916,0.0137105823608205,0.0,104.80258889407926,False,127.09509885520288,0.3039966752465612,116.77186772051812,106.5948100140916,0.0011835297,171443000.0,0.673381775333857,0.9345235001352147,6.739254034268077,-0.8283376726101336,True,114.40919494628906,114.54650115966797,-42.89080505371095,42.89080505371095,-42.75349884033204,103,75,8.236616662479143,11.830685323656185,6.116610084635417,0.3,1.0,0.9,0,0,v2.1_极低筹码非线性修正,0.83157,0.75,18.0,15.0,103,8.236616662479145,7.260192616618673,11.830685323656185,10.47382303571461,8,8,114.40919494628906,0.0,114.40919494628906,-42.89080505371095,42.89080505371095
127106.SZ,伟隆转债,2024-08-28,2024-08-27,157.3,88.83720930232558,2.6971,16.7597829668,69.41214970482,A,机械设备,制造,0-3,0-50,A+/A,109.16534344118136,109.16534344118136,0.0,False,True,91.4339948928349,126.89669198952782,False,6.0,366.0,10.218986313173938,2024,80-90,7.0,0.5776489098471724,0.294235604135813,1.0,锋工转债、运机转债、泰林转债、精测转2、华锐转债、精测转债、大元转债,0.0174577897374635,0.004281400632836,-0.1609272325845054,-0.5173881684624959,0.2857142857142857,0.5263157894736858,-8.61244019138756,109.16534344118136,-48.13465655881865,True,0.25,0.175,15.06635127592067,48.13465655881865,2.376615013393395,111.54195845457475,0.0407840068537087,0.0,109.16534344118136,False,136.82764703966876,0.4784314759398878,126.43719452715276,111.54195845457475,0.0004131612,240052200.0,0.8900381891661415,0.992177121705288,7.791672726386261,-0.08632766915402516,True,141.62501525878906,133.4607696533203,-15.674984741210949,15.674984741210949,-23.8392303466797,103,75,8.236616662479143,11.830685323656185,6.116610084635417,0.3,1.0,0.9,0,0,v2.1_极低筹码非线性修正,0.2965779999999997,0.75,18.0,15.0,103,8.236616662479145,7.260192616618673,11.830685323656185,10.47382303571461,8,8,141.62501525878906,15.0,156.62501525878906,-0.6749847412109489,0.6749847412109489
118049.SH,汇成转债,2024-09-02,2024-08-30,101.889,91.42857142857144,11.487,58.7736709824,31.041493594762,AA-,电子,科技,10-20,50-300,AA/AA-,112.07364457065157,112.07364457065157,0.0,False,False,91.82285347197384,132.32443566932932,True,6.0,378.0,9.75334315601694,2024,90-100,7.0,0.8029771377160785,0.7164051079820084,1.0,景23转债、南电转债、雅创转债、春23转债、强力转债、春秋转债、福立转债,-0.7320451427854138,1.8507428449150904,-0.5680882979770026,1.2621282338340922,0.1428571428571428,5.074626865671639,-6.754966887417213,112.07364457065157,10.184644570651573,False,0.3,0.2,16.625482042438865,45.226355429348445,2.1245127530911327,114.1981573237427,0.0023496569515891,0.0,112.07364457065157,False,122.93044085758766,0.170068189835186,117.8423178711856,114.1981573237427,0.0058888314,734097000.0,0.6390676416819013,2.4412159611632673,5.134697705078037,-1.5851440676856463,False,112.6277084350586,112.57620239257812,10.738708435058598,10.738708435058598,10.68720239257813,105,75,8.362699238513763,12.620244430099618,5.885821556803385,0.3,0.1,1.0,20,40,v2.1_极低筹码非线性修正,4.14603,0.75,24.0,15.0,105,8.362699238513768,7.0712433572361775,12.620244430099618,10.895718993543763,6,6,112.6277084350586,0.0,112.6277084350586,10.738708435058598,10.738708435058598
110096.SH,豫光转债,2024-09-03,2024-09-02,105.242,91.73419773095624,7.1,61.7077330844,20.671995839985,AA,有色金属,周期,3-10,50-300,AA/AA-,113.1928159333386,113.1928159333386,0.0,False,False,92.94202483466086,133.44360703201633,True,6.0,376.0,11.016312729199225,2024,90-100,7.0,0.8150184219494451,0.7570771946043605,1.0,中金转债、众和转债、豪美转债、金铜转债、鼎胜转债、顺博转债、楚江转债,0.5001345450855982,-0.0446284387831841,0.6515337696834926,-0.1084454280725011,0.0,2.9090909090909056,1.4336917562723928,113.1928159333386,7.950815933338589,False,0.3,0.2,16.609568988351345,44.10718406666142,1.1654422137372216,114.35825814707582,0.0070627004757463,0.0,113.1928159333386,False,127.03066414401444,0.1713406734494096,118.86083189979271,114.35825814707582,0.004001609,420384000.0,0.5920901408450704,1.9600947840472698,5.521058748743089,-1.5761553086068525,False,113.71316528320312,114.45940399169922,8.47116528320312,8.47116528320312,9.217403991699214,106,76,8.385114419613242,12.603806573014653,5.949675331517269,0.3,0.1,1.0,20,40,v2.1_极低筹码非线性修正,2.89616,0.75,24.0,15.0,106,8.385114419613247,7.105842084385445,12.603806573014653,10.894248335103333,7,7,113.71316528320312,0.0,113.71316528320312,8.47116528320312,8.47116528320312
123246.SZ,远信转债,2024-09-03,2024-09-02,157.3,77.80645161290323,2.86467,14.78902725,83.24712589633,A,机械设备,制造,0-3,0-50,A+/A,104.11310311023188,104.11310311023188,0.0,False,True,83.86231201155414,124.3638942089096,False,6.0,376.0,11.016312729199225,2024,<80,7.0,0.6196865000091011,0.2856566452508843,1.0,锋工转债、章鼓转债、金沃转债、锋龙转债、精测转2、金轮转债、泰福转债,-1.4425124659673467,-0.468243698163815,-2.442729015712505,2.178624145373498,0.1428571428571428,-0.8767123287671263,-13.527724665391982,104.11310311023188,-53.186896889768136,True,0.3,0.175,17.004646445769858,53.186896889768136,2.5558397139393945,106.66894282417128,0.0348990349996494,0.0,104.11310311023188,False,135.366213473857,0.454572013804325,122.24605923062056,106.66894282417128,0.0003325898,261751800.0,0.9137240938746872,1.05245316028653,8.008600659144134,-0.18221443497133866,True,152.90940856933594,136.17701721191406,-4.390591430664074,4.390591430664074,-21.12298278808595,106,76,8.385114419613242,12.603806573014653,5.949675331517269,0.3,0.1,1.0,20,40,v2.1_极低筹码非线性修正,0.24715199999999973,0.75,24.0,15.0,106,8.385114419613247,7.105842084385445,12.603806573014653,10.894248335103333,7,7,152.90940856933594,15.0,157.3,0.0,0.0
123247.SZ,万凯转债,2024-09-05,2024-09-04,93.696,87.33624454148472,27.0,51.50931,25.623035470798,AA,基础化工,周期,20-50,50-300,AA/AA-,107.85368160690244,107.85368160690244,0.0,False,False,85.13330869946417,130.5740545143407,True,6.0,374.0,9.781269329497714,2024,80-90,7.0,0.6422154382627729,0.4156870742608223,1.0,鹿山转债、百川转2、合顺转债、永和转债、利民转债、优彩转债、三房转债,-0.9768640053340985,-3.957201995974344,-0.5458290461957009,0.7275053163211087,0.0,-0.1996007984031877,-11.504424778761068,107.85368160690244,14.157681606902443,False,0.35,0.175,19.628171630438903,49.44631839309757,2.648185539758334,110.50186714666076,1.947068169436024e-05,0.0,107.85368160690244,False,120.49711272779744,0.1354092865825218,112.87529963020862,110.50186714666076,0.0212905318,1109039600.0,0.4107554074074074,3.295836866004329,3.8494928215253994,-1.8539542868676133,False,108.01683044433594,105.17910766601562,14.32083044433594,14.32083044433594,11.483107666015627,108,77,8.348924862896954,12.52026786045808,5.982421954266436,0.3,0.1,1.0,20,40,v2.1_极低筹码非线性修正,15.909604000000002,0.75,24.0,15.0,108,8.348924862896958,7.0526891317413,12.52026786045808,10.823642332390174,7,7,108.01683044433594,0.0,108.01683044433594,14.32083044433594,14.32083044433594
118050.SH,航宇转债,2024-09-10,2024-09-09,105.512,85.17156862745098,6.67,41.122468344,37.532184307425,AA-,国防军工,科技,3-10,0-50,AA/AA-,108.312032041077,108.312032041077,0.0,False,False,85.59165913363873,131.03240494851528,True,6.0,377.0,10.022093448198232,2024,80-90,7.0,0.7508672809174578,0.6349670089292543,1.0,火炬转债、广泰转债、天箭转债、航新转债、盟升转债、广联转债、睿创转债,-0.061151651962444,1.0463837902862445,-0.7133990370399914,0.2128868401414019,0.1428571428571428,0.3610108303249149,-6.42881184786267,108.312032041077,2.800032041077003,False,0.35,0.175,20.0498822551081,48.98796795892301,1.9570215432152736,110.26905358429228,0.0081019316503644,0.0,108.312032041077,False,123.0723033791581,0.1762875461319189,114.78900853717772,110.26905358429228,0.0031827606,433859000.0,0.6504632683658171,1.8976198599275322,5.750006345574841,-1.5417050585510934,False,108.4618148803711,110.29522705078125,2.9498148803710933,2.9498148803710933,4.7832270507812495,109,78,8.403712987497311,12.537962088316348,6.089324627216045,0.3,0.1,1.0,20,40,v2.1_极低筹码非线性修正,2.3314099999999995,0.75,24.0,15.0,109,8.403712987497315,7.11936932726969,12.537962088316348,10.860846008104739,8,8,108.4618148803711,0.0,108.4618148803711,2.9498148803710933,2.9498148803710933
123248.SZ,恒辉转债,2024-09-12,2024-09-11,113.3,90.9090909090909,5.0,24.133155364,27.414984249261,AA-,纺织服饰,消费,3-10,0-50,AA/AA-,110.99647219874824,110.99647219874824,0.0,False,False,88.27609929130996,133.7168451061865,True,6.0,383.0,10.389508537872558,2024,90-100,7.0,0.6284890078875306,0.4258505291022438,1.0,维格转债、孚日转债、智尚转债、富春转债、盛泰转债、太平转债、鲁泰转债,0.7752124247823314,0.3740096736116529,1.4611425508000035,-0.6921882087363662,0.2857142857142857,2.722772277227725,-10.512129380053905,110.99647219874824,-2.303527801251761,False,0.35,0.175,20.152134570246307,46.303527801251775,2.800135982298876,113.7966081810471,0.0174358339003863,0.0,110.99647219874824,False,127.82625670765336,0.1727154605750493,116.99447354658034,113.7966081810471,0.0008900236,434767300.0,0.8695346,1.6094379124341003,7.024262578735722,-1.5665031941571288,False,122.8967514038086,118.95194244384766,9.596751403808597,9.596751403808597,5.651942443847659,110,79,8.354132095614345,12.48400983825702,6.0495839975091465,0.3,0.1,1.0,20,40,v2.1_极低筹码非线性修正,0.6523269999999998,0.75,24.0,15.0,110,8.354132095614348,7.08146428684334,12.48400983825702,10.815023554427679,8,8,122.8967514038086,3.3486536780972167,126.24540508190582,12.945405081905818,12.945405081905818
113689.SH,洛凯转债,2024-11-11,2024-11-08,157.3,95.85760517799352,4.03431,23.696,49.947064810803,AA-,电力设备,制造,3-10,0-50,AA/AA-,117.37582933064638,117.37582933064638,0.0,False,True,94.65545642320812,140.09620223808466,False,6.0,408.0,7.448028466382228,2024,90-100,7.0,0.6053694421424983,0.4056665038934978,0.8571428571428571,红相转债、中能转债、中辰转债、煜邦转债、远信转债、申昊转债、强联转债,-1.915811359222859,0.4152096141143844,-1.5910543805120998,2.581574698818434,0.1428571428571428,6.777217015140602,-3.139306736429026,117.37582933064638,-39.92417066935363,True,0.3,0.175,18.943709173429447,39.92417066935363,1.550604902229651,118.92643423287603,0.0675886683566916,0.0,117.37582933064638,False,134.0813462318033,0.2404200815362535,124.57475860634136,118.92643423287603,0.0005212105,360986000.0,0.8947899392956913,1.394835283381637,7.559356567099163,-1.1503778085835017,True,145.84568786621094,134.3235626220703,-11.454312133789074,11.454312133789074,-22.9764373779297,111,80,8.365326864156636,12.460985174309211,6.09392359008789,0.3,0.1,1.0,20,40,v2.1_极低筹码非线性修正,0.42444999999999966,0.5,24.0,15.0,111,8.36532686415664,7.830404156855927,12.460985174309211,11.92213889173027,8,8,145.84568786621094,3.9315332457171763,149.7772211119281,-7.522778888071912,7.522778888071912
123249.SZ,英搏转债,2024-11-11,2024-11-08,146.42,142.49713631156928,8.171597,63.6502969984,91.891566775001,AA,汽车,制造,3-10,50-300,AA/AA-,147.16136489834102,147.16136489834102,0.0,False,False,121.01022226540972,157.3,True,6.0,408.0,7.448028466382228,2024,>=120,7.0,0.7254105776151594,0.589671638380288,1.0,博俊转债、沿浦转债、华锋转债、麒麟转债、爱迪转债、文灿转债、上声转债,-0.0982585528543425,-6.863910044054765,2.5953678663266,3.780571735517757,0.2857142857142857,15.667131566713133,61.663417803768674,147.16136489834102,0.7413648983410326,False,0.35,0.2,20.71357133387733,10.138635101658991,-6.761331859138736,140.4000330392023,0.8715510669266481,10.138635101658991,157.3,True,153.6536704053893,0.3360882830865574,149.71697224645928,157.3,0.0033845457,535264700.0,0.6550307118669705,2.1006643610061286,5.688535591373725,-0.6807753114486786,False,147.81040954589844,148.38992309570312,1.39040954589845,1.39040954589845,1.9699230957031375,111,80,8.365326864156636,12.460985174309211,6.09392359008789,0.3,0.1,1.0,20,40,v2.1_极低筹码非线性修正,2.8189499999999996,0.5,24.0,15.0,111,8.36532686415664,7.830404156855927,12.460985174309211,11.92213889173027,8,8,147.81040954589844,0.0,147.81040954589844,1.39040954589845,1.39040954589845
113688.SH,国检转债,2024-11-12,2024-11-11,123.565,111.0105580693816,8.0,59.16914120640001,42.300354769721,AA+,社会服务,消费,3-10,50-300,AAA/AA+,126.39061367410518,126.39061367410518,0.0,False,False,100.23947104117389,152.5417563070365,True,6.0,411.0,7.143768515593063,2024,110-120,7.0,0.4988587669652933,0.6341699906274331,0.1428571428571428,大禹转债、东时转债、百川转2、亚药转债、冠中转债、江山转债、楚天转债,-3.138983697702925,-1.4566102979609057,-1.0631437599344604,3.218304971159136,0.1428571428571428,7.288629737609331,8.714918759231916,126.39061367410518,2.8256136741051847,False,0.35,0.2,20.594259536888902,30.90938632589483,-0.5506120077210892,125.8400016663841,0.0816488181787662,0.0,126.39061367410518,False,135.67375600219464,0.1148618454625757,129.05334554073616,125.8400016663841,0.0019754347,638751000.0,0.79843875,2.0794415416798357,6.226966803581959,-2.0420136772788413,False,126.10167694091797,128.4306640625,2.536676940917971,2.536676940917971,4.865664062500002,113,81,8.330938084965258,12.397825716902867,6.035855515468268,0.3,0.1,1.0,20,40,v2.1_极低筹码非线性修正,1.6124900000000002,0.5,24.0,15.0,113,8.330938084965261,7.770690706592728,12.397825716902867,11.838057859715068,8,8,126.10167694091797,0.0,126.10167694091797,2.536676940917971,2.536676940917971
110097.SH,天润转债,2024-11-15,2024-11-14,121.698,113.73493975903612,9.9,30.2259592224,38.671732165985,AA,食品饮料,消费,3-10,0-50,AA/AA-,126.79304337801445,126.79304337801445,0.0,False,False,100.64190074508312,152.94418601094577,True,6.0,407.0,6.253463027158012,2024,110-120,7.0,0.6687684122437164,0.5390832907711742,1.0,新乳转债、伊力转债、龙大转债、立高转债、仙乐转债、华统转债、李子转债,0.0832096923624287,-0.806157868681196,0.9627752642700074,-2.3174886187300348,0.0,-3.967446592065116,16.976456009913242,126.79304337801445,5.095043378014452,False,0.35,0.2,20.43911465697761,30.50695662198557,-1.7771456991790997,125.01589767883534,0.0625586798959788,0.0,126.79304337801445,False,134.99334816532271,0.1557466725230185,130.3565611150232,125.01589767883534,0.0043420468,626962000.0,0.6332949494949495,2.2925347571405443,5.43940942914101,-1.6902218073775586,False,125.68916320800781,126.86591339111328,3.991163208007819,3.991163208007819,5.167913391113288,114,82,8.280111232824492,12.345615761738522,5.993182606022533,0.3,0.1,1.0,20,40,v2.1_极低筹码非线性修正,3.6303800000000006,0.5,24.0,15.0,114,8.280111232824495,7.7247783051394405,12.345615761738522,11.788416519211701,8,8,125.68916320800781,0.0,125.68916320800781,3.991163208007819,3.991163208007819
113691.SH,和邦转债,2024-11-19,2024-11-18,101.969,103.0,46.0,181.9237546968,35.163954800043,AA,基础化工,周期,20-50,50-300,AA/AA-,116.87020687743984,116.87020687743984,0.0,False,False,90.71906424450852,143.02134951037115,True,6.0,399.0,5.844098375780343,2024,100-110,7.0,0.7542533802423367,0.6808977251841837,1.0,川恒转债、金能转债、神马转债、万凯转债、裕兴转债、会通转债、天业转债,-0.8349040309462229,-1.2901008663354432,-0.2641920090401495,2.6921753880279065,0.0,-6.363636363636371,6.185567010309279,116.87020687743984,14.901206877439847,False,0.35,0.2,20.64621197513363,40.42979312256017,-1.3807338048358502,115.489473072604,1.6636115853683768e-07,0.0,116.87020687743984,False,124.38941778218532,0.1412294506797243,121.1526149827854,115.489473072604,0.0232067878,2587759000.0,0.5625563043478261,3.828641396489095,3.7633104655161413,-1.8051158950601598,False,115.50128936767578,113.59552001953125,13.532289367675787,13.532289367675787,11.626520019531256,115,83,8.242816032608696,12.297455175736095,5.969061890383801,0.3,0.1,1.0,20,40,v2.1_极低筹码非线性修正,20.12241,0.5,24.0,15.0,115,8.2428160326087,7.692312086903513,12.297455175736095,11.742949960173592,8,8,115.50128936767578,0.0,115.50128936767578,13.532289367675787,13.532289367675787
113690.SH,豪24转债,2024-11-20,2024-11-19,146.19,144.12811387900356,5.5,73.75458701699999,82.117902029352,AA-,汽车,制造,3-10,50-300,AA/AA-,147.5741623072383,147.5741623072383,0.0,False,False,124.85378939980004,157.3,True,6.0,408.0,5.899943875440264,2024,>=120,7.0,0.7063996609936384,0.5357955987532551,1.0,豪能转债、英搏转债、上声转债、博俊转债、文灿转债、超达转债、华懋转债,-1.763399444041411,2.479287870756435,-3.3999260776032454,-0.0679206246130159,0.4285714285714285,-4.028436018957349,43.61702127659572,147.5741623072383,1.384162307238313,False,0.3,0.2,19.19931942031073,9.7258376927617,-5.944037719968794,141.6301245872695,0.8850363248622081,9.7258376927617,157.3,True,152.79308711289644,0.2427769216974574,149.34506900922165,157.3,0.0012874689,445272000.0,0.8095854545454546,1.7047480922384253,6.655077081057934,-1.1375148933490977,False,152.35960388183594,152.6005096435547,6.16960388183594,6.16960388183594,6.41050964355469,116,84,8.288414940669618,12.30862967962012,6.059100312732515,0.3,0.1,1.0,20,40,v2.1_极低筹码非线性修正,1.0472799999999998,0.5,24.0,15.0,116,8.288414940669623,7.74265671863431,12.30862967962012,11.759538805594099,9,9,152.35960388183594,0.0,152.35960388183594,6.16960388183594,6.16960388183594
123250.SZ,嘉益转债,2024-11-26,2024-11-25,125.0,84.62731581214993,3.979384,102.01003953,45.608355958379,A+,轻工制造,制造,3-10,50-300,A+/A,110.22603297317684,110.22603297317684,0.0,False,False,87.50566006573857,132.94640588061512,True,6.0,409.0,5.607474561561136,2024,80-90,7.0,0.5340617848055681,0.1383518754132379,1.0,松霖转债、鹤21转债、家联转债、海顺转债、欧22转债、合兴转债、特纸转债,-0.6231315811937248,-0.1763687364728171,-0.669534597723004,-0.0243935219407243,0.0,-1.0079629069650209,-20.542071197411005,110.22603297317684,-14.773967026823158,False,0.3,0.2,19.09603938592399,47.07396702682317,3.7626813311774807,113.98871430435432,0.01142567705068,0.0,110.22603297317684,False,126.97272406657592,0.2353130456771616,118.53387188806788,113.98871430435432,0.0031602554,127531400.0,0.3204802552354837,1.3811270334482884,5.757102431864491,-1.1785498031034627,False,108.5030746459961,112.66812896728516,-16.496925354003906,16.496925354003906,-12.331871032714844,117,85,8.27030544444027,12.269181147141893,6.060400354721966,0.3,0.1,1.0,20,40,v2.1_极低筹码非线性修正,2.7040699999999998,0.5,24.0,15.0,117,8.270305444440275,7.729211822593297,12.269181147141893,11.723060534584198,9,9,108.5030746459961,0.0,108.5030746459961,-16.496925354003906,16.496925354003906
113692.SH,保隆转债,2024-11-27,2024-11-26,115.414,95.98603839441536,13.9,81.6493832,45.439269858726,AA,汽车,制造,10-20,50-300,AA/AA-,115.12523728978678,115.12523728978678,0.0,False,False,92.4048643823485,137.84561019722506,True,6.0,410.0,6.478680150140441,2024,90-100,7.0,0.7743329628065231,0.6386253094338307,1.0,拓普转债、松原转债、新23转债、升24转债、联诚转债、今飞转债、岱美转债,3.711854787624089,3.9577272605802767,5.306859781569299,-4.181248173016849,0.7142857142857143,-10.672853828306271,-1.1045466221423106,115.12523728978678,-0.28876271021322,False,0.3,0.2,19.00034650395386,42.17476271021323,-0.06103049580489,115.0642067939819,0.0019141496923195,0.0,115.12523728978678,False,126.86162939551008,0.158754529685331,120.14681325377454,115.0642067939819,0.0054312187,929812000.0,0.6689294964028777,2.631888840136646,5.215591731913093,-1.6675243256578747,False,114.30117797851562,114.9548110961914,-1.1128220214843765,1.1128220214843765,-0.45918890380859523,118,86,8.340022562317928,12.311110749512272,6.181755296574082,0.3,0.1,1.0,20,40,v2.1_极低筹码非线性修正,4.60188,0.5,24.0,15.0,118,8.340022562317932,7.80351447963915,12.311110749512272,11.771653649132569,9,9,114.30117797851562,0.0,114.30117797851562,-1.1128220214843765,1.1128220214843765
127107.SZ,领益转债,2024-12-06,2024-12-05,124.5,95.51912568306012,21.374181,612.5147413806,56.915881533595,AA+,电子,科技,20-50,300+,AAA/AA+,116.00509382081258,116.00509382081258,0.0,False,False,95.75430272213484,136.2558849194903,True,6.0,408.0,6.055156211280806,2024,90-100,7.0,0.7602704685029619,0.640007993619249,1.0,立昂转债、景23转债、富仕转债、金宏转债、兴森转债、春秋转债、春23转债,0.055949402792573,1.770530614697267,-0.0186349007889958,0.5707171477982387,0.0,6.067961165048552,0.691244239631339,116.00509382081258,-8.494906179187424,False,0.25,0.2,16.8785562747775,41.29490617918744,1.409960123480758,117.41505394429332,2.974551509822541e-06,0.0,116.00509382081258,False,124.06313098827482,0.1501779666782779,120.65628260393304,117.41505394429332,0.0056263317,1662650900.0,0.7778781792855595,3.0621836982992816,5.180297612245056,-1.7332059196511758,False,115.77705383300781,115.52365112304688,-8.722946166992188,8.722946166992188,-8.976348876953125,119,87,8.279289784663865,12.259698689694238,6.123491695710982,0.3,0.1,1.0,20,40,v2.1_极低筹码非线性修正,4.7476720000000014,0.5,24.0,15.0,119,8.279289784663868,7.747290173268101,12.259698689694238,11.722532447090465,9,9,115.77705383300781,0.0,115.77705383300781,-8.722946166992188,8.722946166992188
118051.SH,皓元转债,2024-12-19,2024-12-18,119.005,91.08765038055488,8.2235,78.254615964,47.454606996371,AA-,医药生物,消费,3-10,50-300,AA/AA-,117.9191007551468,117.9191007551468,0.0,False,False,97.66830965646906,138.16989185382454,True,6.0,405.0,5.240478361222364,2024,90-100,7.0,0.8143163953897291,0.7196816305327249,1.0,康泰转2、九强转债、奇正转债、百洋转债、柳药转债、山河转债、微芯转债,-1.2899159484830856,-0.9024843797264582,-2.8014716330347,2.056296524726109,0.0,-5.669972031528092,-5.453618756371048,117.9191007551468,-1.085899244853195,False,0.25,0.2,17.20723579530462,39.38089924485321,0.9895599637482152,118.90866071889502,0.0104020936194153,0.0,117.9191007551468,False,126.5800651888452,0.0898047725449227,120.57154527962072,118.90866071889502,0.0033352599,554942000.0,0.6748245880707727,2.1069959091991866,5.7032046716165326,-2.31602099189041,False,117.91866302490234,118.20303344726562,-1.0863369750976517,1.0863369750976517,-0.8019665527343705,120,88,8.282986921183268,12.234451020690516,6.15303095106645,0.3,0.1,1.0,20,40,v2.1_极低筹码非线性修正,2.6740800000000005,0.5,24.0,15.0,120,8.282986921183271,7.755420639882469,12.234451020690516,11.700713674683058,9,9,117.91866302490234,0.0,117.91866302490234,-1.0863369750976517,1.0863369750976517
123251.SZ,华医转债,2025-01-09,2025-01-08,108.666,81.67259786476868,7.5,19.38816,41.102923024455,A+,医药生物,消费,3-10,0-50,A+/A,115.0907125423982,115.0907125423982,0.0,False,False,97.5605185997202,132.62090648507618,True,6.0,394.0,6.857808464951409,2025,80-90,7.0,0.7232116659242849,0.5080457564750722,1.0,三诺转债、药石转债、东亚转债、东宝转债、皓元转债、漱玉转债、益丰转债,2.528049123172737,0.3612039351314794,3.904249870077997,-4.448528587129635,0.5714285714285714,-9.153884215734786,-16.84782608695652,115.0907125423982,6.424712542398197,False,0.25,0.2,16.672265816977312,42.20928745760182,2.8014319647392334,117.89214450713744,0.0116951709582716,0.0,115.0907125423982,False,127.8944847443987,0.1469059370781863,119.74130873791934,117.89214450713744,0.0026689469,533578100.0,0.7114374666666666,2.0149030205422647,5.926071303849454,-1.7590773163301212,False,115.7574691772461,116.65364837646484,7.091469177246097,7.091469177246097,7.987648376464847,121,89,8.22351047534785,12.184190793826552,6.096101805269048,0.3,0.1,1.0,20,40,v2.1_极低筹码非线性修正,2.164219,0.5,24.0,15.0,121,8.223510475347853,7.700304245958627,12.18419079382655,11.652681806622487,9,9,115.7574691772461,0.0,115.7574691772461,7.091469177246097,7.091469177246097
110098.SH,南药转债,2025-01-20,2025-01-17,118.861,91.49338374291116,10.81491,63.371380336,26.043943350627,AA+,医药生物,消费,10-20,50-300,AAA/AA+,122.72156405037629,122.72156405037629,0.0,False,False,105.9808960717047,139.46223202904787,True,6.0,401.0,6.526395892950747,2025,90-100,7.0,0.8442520210329414,0.8167654766901125,1.0,山河转债、奇正转债、英特转债、北陆转债、柳药转债、九强转债、万孚转债,-0.200968797704765,1.0249444133750625,0.7365279271580008,-1.2541853950434834,0.0,2.9787234042553123,-6.743737957610795,122.72156405037629,3.860564050376283,False,0.25,0.2,16.84562717345163,34.578435949623724,2.257112720104762,124.97867677048104,0.0071499643512395,0.0,122.72156405037629,False,126.72464253501836,0.0875859264280088,124.9930023106858,124.97867677048104,0.0048106886,702536000.0,0.6495994881140944,2.3809257375950836,5.336915045027734,-2.343473587253171,False,122.6565170288086,122.03032684326172,3.7955170288085895,3.7955170288085895,3.1693268432617145,122,90,8.214231448314228,12.151126263807246,6.107161442735459,0.3,0.1,1.0,20,40,v2.1_极低筹码非线性修正,3.789549999999999,0.5,24.0,15.0,122,8.214231448314232,7.695313794575737,12.151126263807244,11.622573119758819,9,9,122.6565170288086,0.0,122.6565170288086,3.7955170288085895,3.7955170288085895
123252.SZ,银邦转债,2025-01-24,2025-01-23,121.85,90.0958466453674,7.85,92.712576,43.756032623226,AA-,有色金属,周期,3-10,50-300,AA/AA-,122.77581293868629,122.77581293868629,0.0,False,False,106.0351449600147,139.51648091735785,True,6.0,393.0,6.696249103252509,2025,90-100,7.0,0.8320923550082286,0.8205178733610342,1.0,万顺转2、亚科转债、华友转债、鼎胜转债、众和转债、金铜转债、丽岛转债,1.552992989680759,0.2825779357841369,1.5659775919998502,-1.7256317990013204,0.5714285714285714,-1.5706806282722696,-2.337662337662349,122.77581293868629,0.925812938686292,False,0.2,0.2,14.55080200330364,34.524187061313725,1.4862058349767615,124.26201877366304,0.0143477247837063,0.0,122.77581293868629,False,129.22984304347207,0.0885967403965499,125.06986076754114,124.26201877366304,0.0050589018,404268300.0,0.514991464968153,2.060513531794317,5.286605854811514,-2.3308903884753214,False,122.59689331054688,122.03567504882812,0.7468933105468807,0.7468933105468807,0.18567504882813068,123,91,8.178306940838572,12.106468749261609,6.081758756868131,0.3,0.1,1.0,20,40,v2.1_极低筹码非线性修正,3.807316999999999,0.5,24.0,15.0,123,8.178306940838576,7.663608129813403,12.106468749261607,11.580288506263628,9,9,122.59689331054688,0.0,122.59689331054688,0.7468933105468807,0.7468933105468807
113070.SH,渝水转债,2025-02-13,2025-02-12,122.351,94.37751004016064,19.0,225.6,19.500433105395,AAA,环保,周期,10-20,50-300,AAA/AA+,124.74732026105735,124.74732026105735,0.0,False,False,108.00665228238576,141.48798823972894,True,6.0,398.0,6.779024392100916,2025,90-100,7.0,0.6903721492025535,0.5801530563491114,0.8571428571428571,绿动转债、京源转债、中环转2、海环转债、绿茵转债、旺能转债、双箭转债,0.8835871219109683,-0.1539421083599635,1.2522587345590068,-1.1492070510361383,0.1428571428571428,2.620087336244548,-1.0526315789473606,124.74732026105735,2.396320261057354,False,0.15,0.2,11.97222209494192,32.55267973894266,1.6434711385490963,126.39079139960646,0.0001224994567482,0.0,124.74732026105735,False,129.93988363786335,0.1103909229944599,127.44246053280104,126.39079139960646,0.0131490915,885087000.0,0.46583526315789475,2.9444389791664403,4.331402610197483,-2.0867542157029946,False,124.45698547363281,122.14665222167969,2.1059854736328134,2.1059854736328134,-0.2043477783203116,124,92,8.118376185755574,12.057740077258378,6.0237710889733345,0.3,0.1,1.0,20,40,v2.1_极低筹码非线性修正,10.14913,0.5,24.0,15.0,124,8.118376185755578,7.607828171593511,12.057740077258376,11.533694300123312,9,9,124.45698547363281,0.0,124.45698547363281,2.1059854736328134,2.1059854736328134
123253.SZ,永贵转债,2025-03-28,2025-03-27,124.16,99.50792782941498,9.8,70.59310385399999,43.899683234023,AA-,机械设备,制造,3-10,50-300,AA/AA-,124.0917389689744,124.0917389689744,0.0,False,False,107.35107099030282,140.83240694764598,True,6.0,379.0,5.60705579916013,2025,90-100,7.0,0.7775065965949659,0.739961353196833,1.0,华兴转债、浙矿转债、万讯转债、智能转债、昌红转债、泰福转债、伟隆转债,2.3842070434822364,-0.7818393207157721,3.654271806826804,-4.208149239077075,0.7142857142857143,-6.570841889117052,-2.4128686327077764,124.0917389689744,-0.0682610310255995,False,0.1,0.2,9.685305280053855,33.208261031025614,1.1288100844587836,125.22054905343316,0.0071905502012066,0.0,124.0917389689744,False,135.7519810391736,0.0839743766561757,126.18322123391135,125.22054905343316,0.0031440096,720056800.0,0.7347518367346938,2.2823823856765264,5.762256350984724,-2.3895326248638926,False,123.52407836914062,124.18883514404297,-0.6359216308593716,0.6359216308593716,0.02883514404297216,125,93,8.070277060058594,12.010889409326785,5.981644361926662,0.3,0.1,1.0,20,40,v2.1_极低筹码非线性修正,2.599432000000001,0.5,24.0,15.0,125,8.070277060058597,7.563813430009826,12.010889409326783,11.489011131230948,9,9,123.52407836914062,0.0,123.52407836914062,-0.6359216308593716,0.6359216308593716
118053.SH,正帆转债,2025-04-03,2025-04-02,127.403,103.55212355212352,10.41095,117.5061277998,31.344690613763,AA,机械设备,制造,10-20,50-300,AA/AA-,126.54602631496354,126.54602631496354,0.0,False,False,109.80535833629196,143.28669429363512,True,6.0,381.0,5.544910671050802,2025,100-110,7.0,0.6437737623527052,0.4159002885126807,1.0,星球转债、精测转2、弘亚转债、华兴转债、昌红转债、博杰转债、东杰转债,-0.6351565925561669,1.0541938442181094,-0.9339166631079,1.2166612585930214,0.2857142857142857,6.824216675517802,3.23325635103926,126.54602631496354,-0.8569736850364649,False,0.1,0.2,9.179486103072556,30.75397368503647,1.054515550242531,127.60054186520608,0.0045725877544054,0.0,126.54602631496354,False,135.47791224041785,0.0884759439922892,128.58676645493676,127.60054186520608,0.0038338428,697726000.0,0.6701847573948584,2.342858136868462,5.563887636764217,-2.332387289672863,False,125.9552993774414,126.1839370727539,-1.4477006225585995,1.4477006225585995,-1.2190629272460995,126,94,8.011274239191932,11.963266344962772,5.924774971170627,0.3,0.1,1.0,20,40,v2.1_极低筹码非线性修正,3.433689999999999,0.5,24.0,15.0,126,8.011274239191936,7.508830161762599,11.96326634496277,11.443469230954177,9,9,125.9552993774414,0.0,125.9552993774414,-1.4477006225585995,1.4477006225585995
118052.SH,浩瀚转债,2025-04-07,2025-04-03,117.532,87.77686628383921,3.5429,33.886186738,39.717391304906,A+,计算机,科技,3-10,0-50,A+/A,117.63599922837768,117.63599922837768,0.0,False,False,102.37746879318064,132.89452966357473,True,6.0,378.0,5.4167659724651145,2025,80-90,7.0,0.724359686723019,0.5776878892423672,1.0,声迅转债、科达转债、丝路转债、正元转02、金现转债、信服转债、宏图转债,0.1337460487477166,2.877097558499449,0.7064876537636007,-0.2629556902586594,0.0,-2.416780665754681,-12.72430668841762,117.63599922837768,0.1039992283776882,False,0.1,0.2,8.824793990657449,39.66400077162233,2.138832984449269,119.77483221282696,0.0191811122665642,0.0,117.63599922837768,False,129.66991288199895,0.2008986809436285,123.61233330535218,119.77483221282696,0.0012315243,252398000.0,0.7124050918738886,1.2649456008166513,6.69950260856425,-1.3806870389932424,False,122.19657897949219,125.1203842163086,4.664578979492191,4.664578979492191,7.588384216308597,127,95,7.959592557171197,11.916766222229056,5.877647872764184,0.3,0.1,1.0,20,40,v2.1_极低筹码非线性修正,1.0189200000000003,0.5,24.0,15.0,127,7.9595925571712005,7.461104732320048,11.916766222229056,11.399051048398283,9,9,122.19657897949219,0.0,122.19657897949219,4.664578979492191,4.664578979492191
113693.SH,志邦转债,2025-04-08,2025-04-07,118.828,85.31353135313532,6.7,45.1347010642,44.152325123745,AA,轻工制造,制造,3-10,0-50,AA/AA-,116.46414624842576,116.46414624842576,0.0,False,False,101.66473125147928,131.26356124537227,True,6.0,364.0,6.203436233514425,2025,80-90,7.0,0.8548044809435018,0.8158283696294647,1.0,特纸转债、合兴转债、家联转债、东风转债、艾录转债、嘉美转债、江山转债,0.6007891686734622,0.5432921620771594,0.1524628460220043,3.087549136567957,0.1428571428571428,-13.68948247078464,-17.147435897435905,116.46414624842576,-2.36385375157424,False,0.05,0.2,6.170649107587927,40.83585375157425,1.177168748785446,117.6413149972112,0.0051739332296239,0.0,116.46414624842576,False,127.24213264398138,0.1292880684622792,120.42383774008763,117.6413149972112,0.0016714953,520117000.0,0.7762940298507462,1.9021075263969205,6.394036663953722,-1.907268185546809,False,115.84384155273438,118.79574584960938,-2.984158447265628,2.984158447265628,-0.032254150390627956,128,96,7.93385026359558,11.87728319526064,5.865011738459267,0.3,0.1,1.0,20,40,v2.1_极低筹码非线性修正,1.49883,0.5,24.0,15.0,128,7.933850263595584,7.439256874876081,11.877283195260638,11.36191920516548,9,9,115.84384155273438,0.0,115.84384155273438,-2.984158447265628,2.984158447265628
123254.SZ,亿纬转债,2025-04-11,2025-04-10,114.9,79.04261529480443,50.0,830.9720720814,54.969960583521,AA+,电力设备,制造,50+,300+,AAA/AA+,115.64974634662605,115.64974634662605,0.0,False,False,100.85033134967956,130.44916134357254,True,6.0,365.0,6.108183743366459,2025,<80,7.0,0.8592066776787611,0.8601045538457323,1.0,福22转债、宇邦转债、宙邦转债、中能转债、翔丰转债、天23转债、通裕转债,2.146708999657185,2.956228942230924,2.3854932504769906,-2.5341232291673954,0.2857142857142857,-12.701482914248874,-19.548425430778384,115.64974634662605,0.7497463466260399,False,0.05,0.2,5.580957714821517,41.650253653373966,2.42911705268604,118.07886339931208,4.8611773456794224e-11,0.0,115.64974634662605,False,121.33805467548233,0.1434181081323639,120.12979678327602,118.07886339931208,0.0389487841,1783437700.0,0.35668754,3.912023005428146,3.2455077240974397,-1.787185728148117,False,115.6016616821289,112.07438659667969,0.7016616821289006,0.7016616821289006,-2.825613403320318,129,97,7.895480559593022,11.834074695356994,5.835312219993353,0.3,0.1,1.0,20,40,v2.1_极低筹码非线性修正,32.165623,0.5,24.0,15.0,129,7.895480559593026,7.404721228150419,11.834074695356994,11.320844405463808,9,9,115.6016616821289,0.0,115.6016616821289,0.7016616821289006,0.7016616821289006
127108.SZ,太能转债,2025-04-16,2025-04-15,109.45,76.71957671957671,29.5,170.4242059965,35.081264234646,AA+,公用事业,周期,20-50,50-300,AAA/AA+,115.64672309141092,115.64672309141092,0.0,False,False,100.84730809446442,130.44613808835743,True,6.0,376.0,5.113900332593327,2025,<80,7.0,0.8795175078016452,0.919249899670046,1.0,节能转债、燃23转债、天壕转债、晶科转债、皖天转债、新港转债、芯能转债,1.2284233102338198,-0.7373500041248413,3.010552302055494,-4.194082343548544,0.1428571428571428,2.1126760563380254,-5.639913232104132,115.64672309141092,6.196723091410917,False,0.05,0.2,5.478443430098968,41.65327690858909,2.5926913977880366,118.23941448919896,2.3291283443940594e-06,0.0,115.64672309141092,False,120.11859725685066,0.1066965752098928,118.97991958572274,118.23941448919896,0.0131668802,1869337500.0,0.6336737288135593,3.3843902633457743,4.330050678153158,-2.124937244148017,False,115.1836166381836,113.33513641357422,5.733616638183591,5.733616638183591,3.885136413574216,130,98,7.840143491304836,11.788631783208123,5.782928030831472,0.3,0.1,1.0,20,40,v2.1_极低筹码非线性修正,10.806625,0.5,24.0,15.0,130,7.840143491304841,7.353159231642561,11.788631783208123,11.277386548690872,9,9,115.1836166381836,0.0,115.1836166381836,5.733616638183591,5.733616638183591
123255.SZ,鼎龙转债,2025-04-23,2025-04-22,130.001,106.69456066945608,9.1,287.114472846,47.036298759011,AA,电子,科技,3-10,50-300,AA/AA-,129.68282154627644,129.68282154627644,0.0,False,False,115.40188285538986,143.96376023716303,True,6.0,377.0,5.486638790249238,2025,100-110,7.0,0.8137491370498325,0.7591714448686915,1.0,利扬转债、力合转债、佳禾转债、汇成转债、强力转债、芯海转债、金宏转债,0.8594987057973199,-2.3444675559137003,1.654582717199002,-1.4401648932468536,0.2857142857142857,3.834407872412626,8.05084745762712,129.68282154627644,-0.3181784537235614,False,0.05,0.175,5.673103194606926,27.617178453723568,0.6388935168441656,130.32171506312062,0.0028762254987264,0.0,129.68282154627644,False,134.30443507168516,0.1005762345896534,131.76604541042596,130.32171506312062,0.0031985915,647341100.0,0.7113638461538462,2.2082744135228043,5.7450447223236525,-2.1908383045407644,False,128.68490600585938,129.80274963378906,-1.3160939941406298,1.3160939941406298,-0.19825036621094227,131,99,7.824063133647422,11.754230510581868,5.78242993595624,0.3,0.1,1.0,20,40,v2.1_极低筹码非线性修正,2.6265889999999996,0.5,24.0,15.0,131,7.824063133647427,7.340796311081806,11.754230510581868,11.24542401173003,9,9,128.68490600585938,0.0,128.68490600585938,-1.3160939941406298,1.3160939941406298
113694.SH,清源转债,2025-04-25,2025-04-24,117.262,87.1616395978345,5.0,30.85726,44.836670099398,A+,电力设备,制造,3-10,0-50,A+/A,119.04366612211936,119.04366612211936,0.0,False,False,104.76272743123278,133.32460481300595,True,6.0,375.0,5.666221907329027,2025,80-90,7.0,0.8679650020951417,0.8375648222799433,1.0,洛凯转债、恩捷转债、白电转债、双良转债、中能转债、宇邦转债、帝尔转债,0.4443511395909491,0.5172944850785368,2.1277406148355062,-2.4676807917419,0.1428571428571428,0.71492403932083,-14.10060975609756,119.04366612211936,1.7816661221193613,False,0.0,0.175,3.692803583825423,38.25633387788065,3.1671378886217454,122.2108040107411,0.0100657912405986,0.0,119.04366612211936,False,130.03560984077066,0.1651640284541023,123.7825937849863,122.2108040107411,0.0020332978,329247000.0,0.6584939999999999,1.6094379124341003,6.1980962720335135,-1.6202961723496632,False,118.49859619140625,121.61670684814453,1.2365961914062495,1.2365961914062495,4.354706848144531,132,100,7.774760337136007,11.71018255905475,5.737766576538084,0.3,0.1,1.0,20,40,v2.1_极低筹码非线性修正,1.7075300000000004,0.5,24.0,15.0,132,7.774760337136012,7.295154626862555,11.71018255905475,11.203332371229752,9,9,118.49859619140625,0.0,118.49859619140625,1.2365961914062495,1.2365961914062495
118054.SH,安集转债,2025-04-25,2025-04-24,129.277,101.3027184581524,8.305,220.050205622,48.448079468241,AA-,电子,科技,3-10,50-300,AA/AA-,127.13553309213331,127.13553309213331,0.0,False,False,112.85459440124671,141.41647178301992,True,6.0,375.0,5.666221907329027,2025,100-110,7.0,0.7815172822627254,0.6941767824066767,1.0,利扬转债、力合转债、国力转债、芯海转债、韦尔转债、佳禾转债、福蓉转债,2.1129337400325925,0.5372226397032855,4.4072161858025005,-2.364860307487582,0.5714285714285714,-2.0983041103765365,2.9003021148036323,127.13553309213331,-2.141466907866672,False,0.0,0.175,3.74481864501434,30.164466907866696,0.2048248788649702,127.34035797099828,0.0031488989314513,0.0,127.13553309213331,False,131.8176572514894,0.0812207219071122,128.9730179257834,127.34035797099828,0.0038928615,511884000.0,0.6163564118001204,2.116857743065258,5.548610787662769,-2.425875506820187,False,126.50342559814453,126.77980041503906,-2.7735744018554556,2.7735744018554556,-2.4971995849609243,132,100,7.774760337136007,11.71018255905475,5.737766576538084,0.3,0.1,1.0,20,40,v2.1_极低筹码非线性修正,3.1861600000000005,0.5,24.0,15.0,132,7.774760337136012,7.295154626862555,11.71018255905475,11.203332371229752,9,9,126.50342559814453,0.0,126.50342559814453,-2.7735744018554556,2.7735744018554556
118055.SH,伟测转债,2025-04-30,2025-04-29,127.61,93.26841144248326,11.75,87.2202061374,59.093148329108,AA,电子,科技,10-20,50-300,AA/AA-,123.15955539972924,123.15955539972924,0.0,False,False,108.87861670884266,137.44049409061583,True,6.0,376.0,5.8786436366332335,2025,90-100,7.0,0.7637953918874543,0.6664023721933371,1.0,富仕转债、利扬转债、联创转债、汇成转债、国力转债、闻泰转债、富瀚转债,-0.4469339522823197,0.0226407760803113,-0.4455611289236707,0.9956743601335584,0.1428571428571428,-4.0811216825237695,-4.677780542423482,123.15955539972924,-4.450444600270757,False,0.0,0.175,3.710611306702414,34.14044460027077,0.8731532446128591,124.03270864434212,0.0025951087021991,0.0,123.15955539972924,False,127.50035485166102,0.07782690303965,125.15233920345612,124.03270864434212,0.0046103031,788463000.0,0.6710323404255318,2.463853240590168,5.3794616757618074,-2.4722457778384106,False,122.97435760498047,122.41497802734375,-4.635642395019531,4.635642395019531,-5.195021972656249,134,102,7.688645784292647,11.625424871024766,5.664576747520296,0.3,0.1,1.0,20,40,v2.1_极低筹码非线性修正,3.865370000000001,0.5,24.0,15.0,134,7.688645784292652,7.21619836820238,11.625424871024764,11.122505256479503,9,9,122.97435760498047,0.0,122.97435760498047,-4.635642395019531,4.635642395019531
123256.SZ,恒帅转债,2025-06-17,2025-06-16,157.3,92.94964028776978,3.2759,65.1168,27.321235818647,A+,汽车,制造,3-10,50-300,A+/A,123.33725622184356,123.33725622184356,0.0,False,True,109.05631753095696,137.61819491273016,False,6.0,370.0,6.323581384813095,2025,90-100,7.0,0.6123317387185561,0.3321739806102814,1.0,明新转债、金钟转债、威唐转债、兴瑞转债、爱迪转债、泉峰转债、神通转债,-0.4062580787924393,1.0929069987857836,-0.6511027602845063,1.1150535430650144,0.1428571428571428,2.793493635077793,-2.038753159224937,123.33725622184356,-33.96274377815645,True,0.0,0.175,3.678381367815229,33.96274377815645,1.3033304305715894,124.64058665241517,0.0152824580006953,0.0,123.33725622184356,False,131.11501944114718,0.1481209009327731,127.11020037677066,124.64058665241517,0.0003763081,297516600.0,0.9081980524436033,1.1865926404943998,7.885102335217863,-1.7494157757781499,True,139.5902557373047,140.03546142578125,-17.709744262695324,17.709744262695324,-17.26453857421876,135,103,7.666030944372104,11.589157333723051,5.6545870936125215,0.3,0.1,1.0,20,40,v2.1_极低筹码非线性修正,0.30073399999999995,0.5,24.0,15.0,135,7.6660309443721095,7.197083138771396,11.589157333723051,11.08841426948767,9,9,139.5902557373047,12.201166687562246,151.79142242486694,-5.508577575133074,5.508577575133074
123257.SZ,安克转债,2025-07-04,2025-07-03,136.51,105.0562801500804,11.0482,625.088922024,37.39879914418,AA+,电子,科技,10-20,300+,AAA/AA+,134.41679680811035,134.41679680811035,0.0,False,False,119.61738181116384,149.21621180505684,True,6.0,369.0,6.139780955283182,2025,100-110,7.0,0.5298727510627638,0.1164981145651248,1.0,安集转债、领益转债、国力转债、景23转债、力合转债、鼎龙转债、华体转债,0.4028169260877316,-0.3896471401312412,0.5003786736470026,0.0219663687320181,0.2857142857142857,12.160228898426318,9.344490934449093,134.41679680811035,-2.0932031918896428,False,0.05,0.175,4.63145821285106,22.883203191889663,1.1651643343023126,135.58196114241267,0.0001636798676484,0.0,134.41679680811035,False,137.77121194726652,0.0992673199700309,136.12046249800176,135.58196114241267,0.0026117294,883462400.0,0.7996437428721421,2.4022675187671774,5.947742671709562,-2.20539210819922,False,134.2316131591797,134.7401123046875,-2.2783868408203034,2.2783868408203034,-1.769887695312491,136,103,7.739881777595069,11.645906779703914,5.6545870936125215,0.3,0.1,1.0,20,40,v2.1_极低筹码非线性修正,2.2135759999999993,0.5,24.0,15.0,136,7.739881777595074,7.18466765668582,11.645906779703912,11.057666396153042,9,9,134.2316131591797,0.0,134.2316131591797,-2.2783868408203034,2.2783868408203034
127109.SZ,电化转债,2025-07-04,2025-07-03,157.0,141.0891089108911,4.87,89.7011441025,81.765126745109,AA,电力设备,制造,3-10,50-300,AA/AA-,158.3463024116966,157.3,-1.0463024116965869,True,False,142.50058500305352,157.3,True,6.0,369.0,6.139780955283182,2025,>=120,7.0,0.627001224252574,0.471740074767068,1.0,宏丰转债、嘉元转债、高测转债、芳源转债、亿纬转债、翔丰转债、科利转债,0.0378593270726309,-2.0775574039204754,0.0151868355400033,-1.749833260210476,0.1428571428571428,-10.377358490566037,43.939393939393945,157.3,0.3000000000000113,False,0.05,0.175,4.666910257083626,0.0,-6.369404601744679,150.93059539825532,0.8961586830559518,0.0,157.3,False,157.3,0.228455853868424,157.3,150.93059539825532,0.0015111962,358810900.0,0.7367780287474333,1.5830939370944985,6.494853756338103,-1.2170508993665066,False,156.92762756347656,157.3000030517578,-0.0723724365234375,0.0723724365234375,0.3000030517578125,136,103,7.739881777595069,11.645906779703914,5.6545870936125215,0.3,0.1,1.0,20,40,v2.1_极低筹码非线性修正,1.2818910000000001,0.5,24.0,15.0,136,7.739881777595074,7.18466765668582,11.645906779703912,11.057666396153042,9,9,156.92762756347656,0.0,156.92762756347656,-0.0723724365234375,0.0723724365234375
113695.SH,华辰转债,2025-07-10,2025-07-09,157.3,94.26264343391416,4.6,36.471683,36.84501852514,A+,电力设备,制造,3-10,0-50,A+/A,125.73183222777648,125.73183222777648,0.0,False,True,110.93241723082998,140.53124722472296,False,6.0,367.0,5.780439472982392,2025,90-100,7.0,0.6100156552127379,0.3570856689590665,1.0,海优转债、欧通转债、申昊转债、起帆转债、隆22转债、帝尔转债、中辰转债,-0.5171690037001764,-0.9223675170901976,-1.2436434884840004,1.585407432662822,0.2857142857142857,2.448036951501153,-4.396551724137932,125.73183222777648,-31.56816777222353,True,0.05,0.175,3.943211905742469,31.56816777222353,1.811457599528791,127.54328982730529,0.0372870100197353,0.0,125.73183222777648,False,133.82620360248205,0.222029463702273,130.9886297481741,127.54328982730529,0.0003420855,432311000.0,0.9398065217391305,1.5260563034950492,7.980449852146462,-1.253878559933201,True,141.9626922607422,142.15679931640625,-15.337307739257824,15.337307739257824,-15.143200683593761,138,105,7.644744065436762,11.562836510260956,5.569268856375556,0.3,0.1,1.0,20,40,v2.1_极低筹码非线性修正,0.27688999999999975,0.5,24.0,15.0,138,7.6447440654367655,7.0975765259899655,11.562836510260954,10.97896090680573,9,9,141.9626922607422,14.183706792432675,156.14639905317486,-1.1536009468251507,1.1536009468251507
118056.SH,路维转债,2025-07-10,2025-07-09,134.742,103.42507645259936,6.15,65.385464104,24.138268452204,AA-,电子,科技,3-10,50-300,AA/AA-,132.61996158171405,132.61996158171405,0.0,False,False,117.36143114651702,147.87849201691108,True,6.0,367.0,5.780439472982392,2025,100-110,7.0,0.7237323155810232,0.5679173610651411,1.0,宏微转债、国微转债、金宏转债、超声转债、力合转债、鼎龙转债、兴森转债,-0.0699220671233881,0.3167573115240689,-0.936469630055008,0.3505868568680181,0.1428571428571428,-0.2359882005899649,8.051118210862619,132.61996158171405,-2.122038418285939,False,0.1,0.175,5.507182158842984,24.68003841828596,-0.1602886504105165,132.45967293130354,0.0562794813879499,0.0,132.61996158171405,False,137.696900512027,0.2133152919153499,136.5684337814731,132.45967293130354,0.0016209606,483301000.0,0.7858552845528455,1.8164520818184267,6.424736342507954,-1.3050562281318383,False,133.45204162597656,136.34893798828125,-1.2899583740234277,1.2899583740234277,1.6069379882812598,138,105,7.644744065436762,11.562836510260956,5.569268856375556,0.3,0.1,1.0,20,40,v2.1_极低筹码非线性修正,1.3169900000000003,0.5,24.0,15.0,138,7.6447440654367655,7.0975765259899655,11.562836510260954,10.97896090680573,9,9,133.45204162597656,0.0,133.45204162597656,-1.2899583740234277,1.2899583740234277
111022.SH,锡振转债,2025-07-14,2025-07-11,139.923,100.0,5.2,79.9696942434,45.040894632938,AA-,汽车,制造,3-10,50-300,AA/AA-,130.41579886586214,130.41579886586214,0.0,False,False,115.15726843066513,145.67432930105915,True,6.0,371.0,5.869214390449331,2025,100-110,7.0,0.6640352845005678,0.4500444738268578,1.0,海泰转债、威唐转债、恒帅转债、金钟转债、升24转债、超达转债、纽泰转债,0.0187041666086552,0.5824335676021468,0.4742043310341994,0.3740372842428785,0.1428571428571428,-0.0624999999999986,1.6852146263911072,130.41579886586214,-9.507201134137858,False,0.1,0.175,5.18853877079791,26.884201134137868,0.4337268206839909,130.84952568654614,0.0766646019644557,0.0,130.41579886586214,False,138.91160480723914,0.2330686124496485,135.11519645722524,130.84952568654614,0.0008967374,448228000.0,0.8619769230769231,1.6486586255873816,7.016747492389373,-1.1910644575105065,False,137.2372283935547,139.02230834960938,-2.6857716064453143,2.6857716064453143,-0.9006916503906268,140,106,7.6542996224539595,11.553411669222179,5.528898002768461,0.3,0.1,1.0,20,40,v2.1_极低筹码非线性修正,0.71772,0.5,24.0,15.0,140,7.654299622453962,7.013636570767598,11.553411669222177,10.901238850178085,9,9,137.2372283935547,0.0,137.2372283935547,-2.6857716064453143,2.6857716064453143
118057.SH,甬矽转债,2025-07-16,2025-07-15,127.042,98.59105318774216,11.65,114.654297807,34.784254801043,A+,电子,科技,10-20,50-300,A+/A,130.35954548634686,130.35954548634686,0.0,False,False,115.10101505114984,145.6180759215439,True,6.0,363.0,5.151270141190536,2025,90-100,7.0,0.729410713339243,0.6161561099215529,1.0,力合转债、海能转债、银微转债、芯海转债、韦尔转债、环旭转债、领益转债,0.6557224586930402,1.1030355554434743,1.4828344034751515,-0.9883833187576408,0.2857142857142857,-1.7550017550017505,4.674644727000743,130.35954548634686,3.3175454863468588,False,0.1,0.175,5.609603865262143,26.94045451365315,-0.0566618571270077,130.30288362921985,0.0076592167635457,0.0,130.35954548634686,False,134.25363579707144,0.0693507465728825,131.76080096149784,130.30288362921985,0.004125218,827515000.0,0.71031330472103,2.4553061800117097,5.490636412107076,-2.5967055525449636,False,130.35252380371094,129.5820770263672,3.310523803710936,3.310523803710936,2.540077026367186,141,107,7.61906183510638,11.5145909092727,5.5023267280364685,0.3,0.1,1.0,20,40,v2.1_极低筹码非线性修正,3.37485,0.5,24.0,15.0,141,7.619061835106385,6.982942493006447,11.514590909272698,10.864867760446472,9,9,130.35252380371094,0.0,130.35252380371094,3.310523803710936,3.310523803710936
111023.SH,利柏转债,2025-07-22,2025-07-21,129.459,93.90444810543656,7.5,51.19398,26.097190496328,AA,建筑装饰,周期,3-10,50-300,AA/AA-,127.89351137133154,127.89351137133154,0.0,False,False,112.63498093613453,143.1520418065286,True,6.0,362.0,6.312667119180179,2025,90-100,7.0,0.6264239119839929,0.3257269699436255,1.0,华阳转债、浙建转债、华设转债、文科转债、建工转债、能辉转债、海波转债,-0.2292004013122714,-1.2093513954836137,-0.8591609313499973,1.7678442469528877,0.2857142857142857,0.3521126760563486,-3.634826711749784,127.89351137133154,-1.5654886286684615,False,0.1,0.175,5.454245512459576,29.40648862866847,1.4044251362177451,129.29793650754928,0.0226366662130849,0.0,127.89351137133154,False,133.92034730343593,0.2054625176312133,132.42495976258644,129.29793650754928,0.0016947201,606638000.0,0.8088506666666666,2.0149030205422647,6.380237684528999,-1.352496540823954,False,128.00546264648438,130.8472442626953,-1.4535373535156282,1.4535373535156282,1.3882442626953093,142,108,7.588720017983878,11.477337714797118,5.482032256514936,0.3,0.1,1.0,20,40,v2.1_极低筹码非线性修正,1.4336200000000003,0.5,24.0,15.0,142,7.5887200179838805,6.957080389560704,11.477337714797116,10.830107396299917,9,9,128.00546264648438,0.0,128.00546264648438,-1.4535373535156282,1.4535373535156282
127110.SZ,广核转债,2025-07-25,2025-07-24,129.8,103.54223433242508,49.0,1802.3445318009,13.002428563908,AAA,公用事业,周期,20-50,300+,AAA/AA+,132.3123631233433,132.3123631233433,0.0,False,False,117.05383268814626,147.57089355854032,True,6.0,366.0,5.779739141810074,2025,100-110,7.0,0.695663844648332,0.5410529918065541,1.0,节能转债、燃23转债、太能转债、长集转债、天壕转债、贵燃转债、嘉泽转债,-0.1514134592058932,0.036478826562601,-0.2409199491115435,0.599498422835576,0.1428571428571428,3.82513661202184,3.260869565217384,132.3123631233433,2.512363123343277,False,0.1,0.15,5.339491741374185,24.987636876656723,0.8631003493501948,133.17546347269348,1.2304003738335574e-13,0.0,132.3123631233433,False,136.27556309195535,0.1428733505718379,134.98991367592356,133.17546347269348,0.0183539384,3321021800.0,0.6777595510204081,3.8918202981106265,3.9979111008075763,-1.7916271124813534,False,132.15536499023438,129.03012084960938,2.3553649902343636,2.3553649902343636,-0.7698791503906364,143,109,7.5458166427078766,11.43778264601126,5.44507358768008,0.3,0.1,1.0,20,40,v2.1_极低筹码非线性修正,15.789782000000004,0.5,24.0,15.0,143,7.545816642707879,6.918594074623325,11.437782646011259,10.792857938076125,9,9,132.15536499023438,0.0,132.15536499023438,2.3553649902343636,2.3553649902343636
113696.SH,伯25转债,2025-07-28,2025-07-25,129.01,95.4215948111408,28.02,303.376712164,29.089142418914,AA,汽车,制造,20-50,300+,AA/AA-,129.40539831434677,129.40539831434677,0.0,False,False,114.14686787914974,144.6639287495438,True,6.0,361.0,6.0500619828243,2025,90-100,7.0,0.6194458519452107,0.4311738616203548,1.0,爱迪转债、豪24转债、升24转债、金钟转债、银轮转债、精锻转债、兴瑞转债,0.4762648430027117,-0.5009672018709943,0.7660253681796956,-1.2930930615936198,0.1428571428571428,-1.6129032258064502,-2.5710946630307707,129.40539831434677,0.3953983143467781,False,0.1,0.125,5.418819250607035,27.89460168565324,1.335743882932365,130.74114219727915,1.1743369077311342e-05,0.0,129.40539831434677,False,134.1657917379669,0.0972648205993602,131.440270885831,130.74114219727915,0.0088024495,2064834000.0,0.736914346895075,3.332918540908861,4.732725243958056,-2.227991875057839,False,128.88983154296875,127.35616302490234,-0.1201684570312409,0.1201684570312409,-1.6538369750976472,144,110,7.509771839565699,11.39968884195386,5.416985327703301,0.3,0.1,1.0,20,40,v2.1_极低筹码非线性修正,7.371659999999999,0.5,24.0,15.0,144,7.509771839565703,6.886904983759514,11.39968884195386,10.75710832092897,9,9,128.88983154296875,0.0,128.88983154296875,-0.1201684570312409,0.1201684570312409
118058.SH,微导转债,2025-08-27,2025-08-26,157.3,118.43908251414956,11.7,183.3561357208,45.940490828647,AA,电力设备,制造,10-20,50-300,AA/AA-,153.46629360035348,153.46629360035348,0.0,False,True,138.666878603407,157.3,True,6.0,340.0,5.266271219281938,2025,110-120,7.0,0.7253216469940803,0.6175656290618513,1.0,煜邦转债、天23转债、宇邦转债、中辰转债、翔丰转债、晶能转债、晶澳转债,0.1618253751738669,0.1563212624947386,-1.0443906747284335,0.9355999224712752,0.1428571428571428,6.452476572958488,17.528820573455505,153.46629360035348,-3.8337063996465295,True,0.1,0.1,5.318773153271506,3.8337063996465295,-0.6490697968417467,152.81722380351172,0.1454627036981192,0.0,153.46629360035348,False,154.18870516834062,0.1497717949799425,153.89692941702936,152.81722380351172,0.0014664087,1040835000.0,0.8896025641025642,2.4595888418037104,6.524938928559488,-1.7363920211028852,True,152.70620727539062,154.3273468017578,-4.593792724609386,4.593792724609386,-2.972653198242199,145,111,7.458809057617186,11.360315943974314,5.3692662567963465,0.3,0.1,1.0,20,40,v2.1_极低筹码非线性修正,1.2916499999999986,0.5,24.0,15.0,145,7.458809057617189,6.84023783529932,11.360315943974314,10.71995531324923,9,9,152.70620727539062,0.0,152.70620727539062,-4.593792724609386,4.593792724609386
127111.SZ,金威转债,2025-09-08,2025-09-05,138.0,101.93976518631956,12.923948,121.8039737687,39.039736146143,AA,食品饮料,消费,10-20,50-300,AA/AA-,137.19796132198127,137.19796132198127,0.0,False,False,122.39854632503476,151.99737631892776,True,6.0,337.0,6.270646932628119,2025,100-110,7.0,0.5027357152696553,0.2782303698548427,0.7142857142857143,新乳转债、仙乐转债、龙大转债、大参转债、天润转债、小熊转债、立高转债,0.0809975092459048,-0.5322185342127864,-0.8292277065329969,-2.817284380302232,0.4285714285714285,-1.6740521910388997,4.010416666666661,137.19796132198127,-0.8020386780187323,False,0.15,0.125,5.507045421702552,20.102038678018744,0.8922504973018374,138.0902118192831,0.0229824854430629,0.0,137.19796132198127,False,140.72599045594626,0.0881864218813001,138.52750646963176,138.0902118192831,0.0024083672,1079078500.0,0.8349449409731454,2.559082024432028,6.028806271466887,-2.335982554984536,False,136.8853759765625,137.5772705078125,-1.1146240234375,1.1146240234375,-0.4227294921875,146,111,7.4391856580760365,11.32772565158906,5.3692662567963465,0.3,0.1,1.0,20,40,v2.1_极低筹码非线性修正,2.1331629999999993,0.5,24.0,15.0,146,7.439185658076041,6.824851224952129,11.327725651589057,10.689942786510732,9,9,136.8853759765625,0.0,136.8853759765625,-1.1146240234375,1.1146240234375
113698.SH,凯众转债,2025-09-10,2025-09-09,157.3,102.0472440944882,3.08447,34.7424640128,41.839521769016,AA-,汽车,制造,3-10,0-50,AA/AA-,137.1894910905311,137.1894910905311,0.0,False,True,122.3900760935846,151.9889060874776,False,6.0,341.0,4.33586481526985,2025,100-110,7.0,0.576545107824869,0.2637837939454769,1.0,立中转债、锡振转债、华懋转债、金钟转债、恒帅转债、兴瑞转债、威唐转债,-0.945098217685414,-3.4372312493415165,-1.4271149814266,0.3210749552213121,0.0,0.4651162790697771,1.8867924528301885,137.1894910905311,-20.110508909468905,True,0.15,0.125,5.504298671351665,20.110508909468905,1.009182776940183,138.19867386747129,0.4453746222466467,0.0,137.1894910905311,False,144.74483778503642,0.2696727736436108,141.25693362828187,138.19867386747129,0.0008584113,232461000.0,0.7536497356109801,1.1263798435706551,7.060427202708335,-0.9962834144631844,True,153.81370544433594,149.76251220703125,-3.486294555664074,3.486294555664074,-7.537487792968761,147,112,7.396161429268972,11.289504540930132,5.331278379712785,0.3,0.1,1.0,20,40,v2.1_极低筹码非线性修正,0.7598600000000001,0.5,24.0,15.0,147,7.396161429268976,6.7860061419486275,11.289504540930132,10.653917039053177,9,9,153.81370544433594,0.0,153.81370544433594,-3.486294555664074,3.486294555664074
123258.SZ,胜蓝转02,2025-09-10,2025-09-09,157.3,99.15689149560116,4.5,88.564330883,131.70128985569,AA-,电子,科技,3-10,50-300,AA/AA-,140.9015145195923,140.9015145195923,0.0,False,True,125.64298408439528,156.16004495478933,False,6.0,341.0,4.33586481526985,2025,90-100,7.0,0.7648128511651076,0.6158746574452353,1.0,力合转债、鼎龙转债、金宏转债、强力转债、国微转债、宏微转债、芯海转债,2.3273612729142683,3.00563789361969,5.782696345225402,-4.570707070707048,0.7142857142857143,-6.401384083044981,55.90778097982707,140.9015145195923,-16.398485480407714,True,0.2,0.125,6.504624155406226,16.398485480407714,-8.0,132.9015145195923,0.8866625021650523,16.398485480407714,157.3,True,146.27839248240227,0.1890093371417157,143.22611467267723,157.3,0.000805134,379851900.0,0.8441153333333333,1.5040773967762742,7.124501834771248,-1.456460124221834,True,152.556884765625,150.1835479736328,-4.743115234375011,4.743115234375011,-7.116452026367199,147,112,7.396161429268972,11.289504540930132,5.331278379712785,0.3,0.1,1.0,20,40,v2.1_极低筹码非线性修正,0.701481,0.5,24.0,15.0,147,7.396161429268976,6.7860061419486275,11.289504540930132,10.653917039053177,9,9,152.556884765625,0.0,152.556884765625,-4.743115234375011,4.743115234375011
113697.SH,应流转债,2025-10-22,2025-10-21,157.141,118.60846734492944,15.0,245.4037697774,62.446668476774,AA+,机械设备,制造,10-20,50-300,AAA/AA+,152.88976056504578,152.88976056504578,0.0,False,False,136.43340724747446,157.3,True,6.0,323.0,5.009870174134986,2025,110-120,7.0,0.7077063782807697,0.5446954728101663,1.0,精测转2、华兴转债、XD佳力转、永贵转债、博实转债、铭利转债、弘亚转债,0.9630052308503898,3.0423812498482783,1.598805313354516,-1.1169046801131732,0.2857142857142857,6.7336089781453,17.835017932833374,152.88976056504578,-4.251239434954215,False,0.25,0.15,7.206355741847901,4.410239434954235,-0.9532580990185796,151.9365024660272,0.1745363861467015,0.0,152.88976056504578,False,154.41379365300895,0.239783618139558,153.68288794147708,151.9365024660272,0.0037543804,1175694000.0,0.783796,2.70805020110221,5.584832014038925,-1.1538661801524777,False,152.69749450683594,152.10646057128906,-4.443505493164054,4.443505493164054,-5.034539428710929,149,112,7.3521150328360925,11.223844934059658,5.331278379712785,0.3,0.1,1.0,20,40,v2.1_极低筹码非线性修正,3.2430599999999994,0.5,24.0,15.0,149,7.352115032836097,6.750149749372397,11.223844934059658,10.593155251217922,9,9,152.69749450683594,0.0,152.69749450683594,-4.443505493164054,4.443505493164054
113699.SH,金25转债,2025-10-27,2025-10-24,154.193,104.16010085092972,20.0,412.318637507,67.614157292788,AA,有色金属,周期,20-50,300+,AA/AA-,142.71369745083467,142.71369745083467,0.0,False,False,126.25734413326336,157.3,True,6.0,328.0,5.013040030834382,2025,100-110,7.0,0.760039874074586,0.6916216898866486,1.0,金诚转债、金田转债、中金转债、万顺转2、国城转债、恒邦转债、银邦转债,0.5052279711782326,0.9082188199358404,0.7072030690231838,-0.9962438958137976,0.2857142857142857,6.065468549422337,6.612903225806432,142.71369745083467,-11.47930254916534,False,0.25,0.15,7.381430396264309,14.58630254916534,0.874181903223153,143.58787935405783,0.0029917995153683,0.0,142.71369745083467,False,146.22053991100535,0.1603283409763406,144.46764571734963,143.58787935405783,0.0062553277,1472353000.0,0.7361765,2.995732273553991,5.074321746347645,-1.6557870897171683,False,142.8534393310547,141.13973999023438,-11.339560668945325,11.339560668945325,-13.053260009765637,150,113,7.332724302571613,11.192251579116824,5.32342198248669,0.3,0.1,1.0,20,40,v2.1_极低筹码非线性修正,5.27647,0.5,24.0,15.0,150,7.332724302571616,6.734772120997675,11.192251579116823,10.564017710875047,9,9,142.8534393310547,0.0,142.8534393310547,-11.339560668945325,11.339560668945325
110099.SH,福能转债,2025-10-30,2025-10-29,140.628,102.2357723577236,38.02,279.68186268,28.010247213016,AA+,公用事业,周期,20-50,50-300,AAA/AA+,138.40589117258912,138.40589117258912,0.0,False,False,123.20522857455568,153.60655377062255,True,6.0,328.0,4.721245030313155,2025,100-110,7.0,0.6671016086700828,0.459466297590568,1.0,太能转债、广核转债、燃23转债、芯能转债、晶科转债、节能转债、新港转债,0.7747802330863649,1.0026194943504063,1.2647685531494997,-1.509185631134713,0.2857142857142857,2.75791624106232,3.81836945304439,138.40589117258912,-2.222108827410864,False,0.25,0.15,7.64555936915203,18.89410882741089,0.8502245845466183,139.25611575713577,1.2238756213020489e-05,0.0,138.40589117258912,False,141.95457168958117,0.1334264325456718,140.29662132531746,139.25611575713577,0.0058997272,3282748000.0,0.8634266175697001,3.6381123370602833,5.132849166427575,-1.8709967485297865,False,138.9591064453125,136.76751708984375,-1.668893554687486,1.668893554687486,-3.860482910156236,151,114,7.359259642746273,11.19323351292387,5.376195128859134,0.3,0.1,1.0,20,40,v2.1_极低筹码非线性修正,5.192520000000004,0.5,24.0,15.0,151,7.3592596427462755,6.76526740939468,11.19323351292387,10.569340943670797,9,9,138.9591064453125,0.0,138.9591064453125,-1.668893554687486,1.668893554687486
123259.SZ,锦浪转02,2025-11-06,2025-11-05,145.0,92.64083723001558,16.765838,331.2705304245,63.902270751842,AA,电力设备,制造,10-20,300+,AA/AA-,138.90447559727107,138.90447559727107,0.0,False,False,123.70381299923764,154.1051381953045,True,6.0,326.0,5.092512048571825,2025,90-100,7.0,0.7127055476027756,0.6073473752772021,1.0,帝尔转债、海优转债、福22转债、晶能转债、天23转债、欧晶转债、隆22转债,-0.832655264767107,-2.4755813227659944,-3.962168064459215,2.49973489262576,0.0,2.1984770326700875,-10.1112671491844,138.90447559727107,-6.095524402728927,False,0.25,0.125,7.740755887836395,18.39552440272893,3.200417624526586,142.10489322179765,0.0067067478800106,0.0,138.90447559727107,False,144.42618550883935,0.1527292831167387,141.01162703821,142.10489322179765,0.0052241404,1244507400.0,0.7422876208156133,2.8193433637569596,5.254465011412038,-1.713353299324525,False,139.450439453125,137.9416046142578,-5.549560546875,5.549560546875,-7.0583953857421875,152,115,7.3218230237458855,11.157174100278905,5.343957723866337,0.3,0.1,1.0,20,40,v2.1_极低筹码非线性修正,4.320764,0.5,24.0,15.0,152,7.32182302374589,6.731738634034763,11.157174100278903,10.535385665765002,9,9,139.450439453125,0.0,139.450439453125,-5.549560546875,5.549560546875
118059.SH,颀中转债,2025-11-21,2025-11-20,145.196,93.81818181818184,8.5,153.385810152,38.471893695244,AA+,电子,科技,3-10,50-300,AAA/AA+,139.75431364452783,139.75431364452783,0.0,False,False,124.5536510464944,154.95497624256126,True,6.0,329.0,5.544833488812354,2025,90-100,7.0,0.6353601752412322,0.4097055659652894,1.0,力合转债、伟测转债、甬矽转债、汇成转债、银微转债、立昂转债、春23转债,1.23872179618608,2.288705953097963,2.642304979122501,-2.623790970076562,0.4285714285714285,-3.803131991051456,-1.3006885998469775,139.75431364452783,-5.441686355472172,False,0.25,0.125,7.956448801866872,17.545686355472185,0.6111408129740858,140.36545445750193,0.1533914213434673,0.0,139.75431364452783,False,143.73385820459035,0.0758367769942145,140.7522698720406,140.36545445750193,0.0037495392,513351000.0,0.6039423529411765,2.1400661634962708,5.586122326550183,-2.500305344711305,False,140.50799560546875,139.54812622070312,-4.688004394531248,4.688004394531248,-5.647873779296873,153,116,7.310239608864377,11.129699646441926,5.345730161995722,0.3,0.1,1.0,20,40,v2.1_极低筹码非线性修正,3.3664899999999998,0.5,24.0,15.0,153,7.310239608864381,6.724011979870321,11.129699646441924,10.51047998427528,9,9,140.50799560546875,0.0,140.50799560546875,-4.688004394531248,4.688004394531248
123260.SZ,卓镁转债,2025-11-24,2025-11-21,157.3,86.55831739961761,4.5,50.7024,59.995968482786,A+,汽车,制造,3-10,50-300,A+/A,136.10772477841203,136.10772477841203,0.0,False,True,120.9070621803786,151.30838737644547,False,6.0,323.0,5.8060431385663005,2025,80-90,7.0,0.6443996596412888,0.3998807024167187,1.0,威唐转债、上声转债、锡振转债、英搏转债、保隆转债、明新转债、超达转债,0.5575074437841374,0.0722914870970425,0.0557566182150033,-0.761596304984602,0.2857142857142857,-14.713639788997735,-7.555646314069831,136.10772477841203,-21.192275221587977,True,0.25,0.125,8.121459774247148,21.192275221587977,0.3578865403523097,136.46561131876433,0.5521782597645524,0.0,136.10772477841203,False,144.5317539103185,0.2928996782708292,140.76313272408453,136.46561131876433,0.0004559887,409484800.0,0.9099662222222222,1.5040773967762742,7.693042529458689,-0.8813423982017945,True,156.1471710205078,152.2229766845703,-1.1528289794921989,1.1528289794921989,-5.077023315429699,154,117,7.293212107472603,11.099935696802335,5.340108574239616,0.3,0.1,1.0,20,40,v2.1_极低筹码非线性修正,0.40515199999999996,0.5,24.0,15.0,154,7.293212107472608,6.710791151394094,11.099935696802335,10.483108360621005,9,9,156.1471710205078,5.048299034024379,157.3,0.0,0.0
118061.SH,茂莱转债,2025-12-10,2025-12-09,157.3,98.88593145460032,5.625,190.27536,40.056343702062,A+,电子,科技,3-10,50-300,A+/A,141.9907696650671,141.9907696650671,0.0,False,True,125.53441634749576,157.3,True,6.0,311.0,5.137665495578129,2025,90-100,7.0,0.793309065589545,0.6744754470034433,1.0,金宏转债、甬矽转债、胜蓝转02、力合转债、联创转债、国微转债、颀中转债,-0.8927527058678038,-2.6219084514005964,-2.296016218105993,1.9461119587828368,0.0,4.358276381327464,2.3749325303258573,141.9907696650671,-15.30923033493292,True,0.3,0.15,8.958551305313009,15.30923033493292,1.3538566471034592,143.34462631217056,0.4016163159898412,0.0,141.9907696650671,False,146.1564020026516,0.1150285607864404,143.31151871419868,143.34462631217056,0.001325559,450200000.0,0.8003555555555555,1.7272209480904839,6.625921021720709,-2.040374920219066,True,148.356689453125,146.944580078125,-8.943310546875011,8.943310546875011,-10.355419921875011,155,117,7.253596732453373,11.064458990176334,5.340108574239616,0.3,0.1,1.0,20,40,v2.1_极低筹码非线性修正,1.1230000000000004,0.5,24.0,15.0,155,7.25359673245338,6.667495724610906,11.064458990176334,10.449237162674075,9,9,148.356689453125,0.0,148.356689453125,-8.943310546875011,8.943310546875011
118060.SH,瑞可转债,2025-12-12,2025-12-11,157.3,115.1658767772512,10.0,174.9260219175,94.323146293433,AA-,电子,科技,10-20,50-300,AA/AA-,154.13522545010758,154.13522545010758,0.0,False,True,138.6081440860797,157.3,True,6.0,312.0,5.8039890463008,2025,110-120,7.0,0.765596599535751,0.6397215907997269,1.0,环旭转债、华正转债、甬矽转债、华体转债、力合转债、金宏转债、颀中转债,-1.0849583845359516,-0.9387334154693604,-2.396541988495993,3.040490260450868,0.0,20.46742209631729,11.68745896257386,154.13522545010758,-3.164774549892428,True,0.3,0.175,8.025875633151832,3.164774549892428,1.732502927681278,155.86772837778886,0.8603874459266422,3.164774549892428,157.3,True,155.3783437428978,0.2589856825563298,154.7499489228132,157.3,0.002585376,771065000.0,0.771065,2.302585092994046,5.957884327053777,-1.051247166429485,True,155.5714569091797,154.51661682128906,-1.7285430908203239,1.7285430908203239,-2.783383178710949,156,117,7.264428231263769,11.052158386214165,5.340108574239616,0.3,0.1,1.0,20,40,v2.1_极低筹码非线性修正,2.2893499999999998,0.5,24.0,15.0,156,7.264428231263776,6.682084281163881,11.052158386214165,10.440275558248842,9,9,155.5714569091797,0.0,155.5714569091797,-1.7285430908203239,1.7285430908203239
123261.SZ,普联转债,2025-12-22,2025-12-19,157.3,90.30668127053669,2.429326,46.62977031520001,57.616637518794,A+,计算机,科技,0-3,0-50,A+/A,138.67117729246968,138.67117729246968,0.0,False,True,123.1440959284418,154.19825865649756,False,6.0,298.0,6.748076870728939,2025,90-100,7.0,0.4780755343376513,0.0796659540372469,0.8571428571428571,声迅转债、山石转债、正元转02、恒锋转债、科蓝转债、丝路转债、富淼转债,0.9751316964200968,0.8877551501744799,1.486933046893002,-0.5388621646605918,0.1428571428571428,-2.5989367985824074,-12.053333333333338,138.67117729246968,-18.628822707530333,True,0.35,0.2,8.079454201051973,18.628822707530333,2.2598974990626206,140.9310747915323,0.900363833023364,18.628822707530333,157.3,True,147.25508580435303,0.4021419396393887,144.28975046507307,157.3,0.0006015703,189966000.0,0.7819699785043258,0.8876138526241791,7.4159671548983646,-0.3965482585407182,True,157.3000030517578,155.51991271972656,3.0517578011313162e-06,3.0517578011313162e-06,-1.7800872802734489,157,117,7.229167816356485,11.01776788527184,5.340108574239616,0.3,0.1,1.0,20,40,v2.1_极低筹码非线性修正,0.5296660000000002,0.5,24.0,15.0,157,7.229167816356491,6.650533063390991,11.01776788527184,10.407887455952084,9,9,157.3000030517578,0.0,157.3,0.0,0.0
123262.SZ,神宇转债,2025-12-30,2025-12-29,156.36,94.50521495802596,5.0,66.658440409,37.668416809944,AA-,通信,科技,3-10,50-300,AA/AA-,141.64396105185273,141.64396105185273,0.0,False,False,126.11687968782483,157.1710424158806,True,6.0,298.0,6.717142867392895,2025,90-100,7.0,0.4903832576656217,0.4901186101356792,0.2857142857142857,中贝转债、力合转债、奥飞转债、海能转债、正元转02、贵燃转债、恒锋转债,0.0952139338991353,0.6560952253755087,0.5437928864750495,-0.4490160068421955,0.1428571428571428,1.892484914975312,1.2537476151539997,141.64396105185273,-14.716038948147286,False,0.4,0.225,8.99589533642849,15.656038948147284,0.9174772920376096,142.56143834389033,0.8493380769035391,15.656038948147284,157.3,True,149.34639431639033,0.3527019919389444,145.78539814401665,157.3,0.0023902176,286303600.0,0.5726072,1.6094379124341003,6.036370871158051,-0.6071833033303091,False,149.68687438964844,146.7415008544922,-6.673125610351576,6.673125610351576,-9.618499145507826,158,117,7.1834136089856075,10.982846187645935,5.340108574239616,0.3,0.1,1.0,20,40,v2.1_极低筹码非线性修正,2.136964,0.5,24.0,15.0,158,7.183413608985615,6.608441081977125,10.982846187645935,10.374898823186719,9,9,149.68687438964844,0.0,149.68687438964844,-6.673125610351576,6.673125610351576
118062.SH,天准转债,2025-12-31,2025-12-30,157.3,103.03247801902027,8.72,111.5788311,35.000201371789,AA-,机械设备,制造,3-10,50-300,AA/AA-,147.05322860036006,147.05322860036006,0.0,False,True,132.07041703142158,157.3,True,6.0,294.0,6.3157086247146985,2025,100-110,7.0,0.5900247685574126,0.2089183831772883,1.0,万讯转债、星球转债、章鼓转债、浙矿转债、弘亚转债、铭利转债、艾迪转债,-0.7178582968582368,0.3982004062388377,-1.4417521509018008,1.7934856215715669,0.1428571428571428,0.5428121169672506,8.87372013651877,147.05322860036006,-10.246771399639954,True,0.35,0.225,8.153288895224676,10.246771399639954,-0.5780827130921613,146.4751458872679,0.6653661291335441,10.246771399639954,157.3,True,151.6379092859675,0.2189447898807753,148.73583650864794,157.3,0.001286976,755820000.0,0.8667660550458716,2.1656192379208883,6.655459998560672,-1.27182624188239,True,153.8325958251953,151.71481323242188,-3.467404174804699,3.467404174804699,-5.585186767578136,159,118,7.180204250503632,10.96103747031744,5.3514053287829375,0.3,0.1,1.0,20,40,v2.1_极低筹码非线性修正,1.1618,0.5,24.0,15.0,159,7.180204250503639,6.608847902910298,10.96103747031744,10.355753011394073,9,9,153.8325958251953,0.0,153.8325958251953,-3.467404174804699,3.467404174804699
123263.SZ,鼎捷转债,2025-12-31,2025-12-30,145.0,101.53881488286632,8.276642,120.053064043,33.595939279945,AA,计算机,科技,3-10,50-300,AA/AA-,146.1815662680762,146.1815662680762,0.0,False,False,131.19875469913774,157.3,True,6.0,294.0,6.3157086247146985,2025,100-110,7.0,0.7347067993263536,0.6061064013257942,1.0,信服转债、银信转债、新致转债、思特转债、山石转债、科蓝转债、正元转02,-0.7547504857498185,-0.1434407874624541,-1.6643546875828028,1.6384364656520822,0.0,6.530120481927715,0.5686988171064611,146.1815662680762,1.1815662680762102,False,0.4,0.25,8.559525544292375,11.1184337319238,1.6144123965621315,147.79597866463834,0.7392739914499967,11.1184337319238,157.3,True,151.71592956289606,0.3640619319931774,149.21741511696294,157.3,0.0057299442,302969400.0,0.36605352750547865,2.1134373305817173,5.162049486522801,-0.5577771852483883,False,147.81900024414062,146.26409912109375,2.819000244140625,2.819000244140625,1.26409912109375,159,118,7.180204250503632,10.96103747031744,5.3514053287829375,0.3,0.1,1.0,20,40,v2.1_极低筹码非线性修正,5.2469480000000015,0.5,24.0,15.0,159,7.180204250503639,6.608847902910298,10.96103747031744,10.355753011394073,9,9,147.81900024414062,0.0,147.81900024414062,2.819000244140625,2.819000244140625
118063.SH,金05转债,2026-01-14,2026-01-13,157.3,104.11066308243728,16.715,427.369566338,66.465531900911,AA+,电力设备,制造,10-20,300+,AAA/AA+,155.55973914744885,155.55973914744885,0.0,False,True,140.57692757851038,157.3,True,6.0,283.0,7.682744966131375,2026,100-110,7.0,0.6208044615349203,0.3600756838872593,1.0,锦浪转02、宙邦转债、嘉元转债、华辰转债、翔丰转债、宇邦转债、福22转债,0.944292312941812,-0.7849582352712106,-0.4080948139095017,-0.4025101136393649,0.1428571428571428,7.6557794764883,11.584633853541426,155.55973914744885,-1.7402608525511596,True,0.4,0.25,8.143243800989293,1.7402608525511596,0.7806183806608518,156.3403575281097,0.1590044339147965,0.0,155.55973914744885,False,156.4300777258302,0.2954931357678628,155.94541549972965,156.3403575281097,0.0037140465,1334516000.0,0.7983942566556985,2.816306519872062,5.595633295936139,-0.868852467336593,True,157.0702362060547,154.65382385253906,-0.22976379394532387,0.22976379394532387,-2.646176147460949,161,119,7.130055156826228,10.898435724489847,5.3301246137859435,0.3,0.1,1.0,20,40,v2.1_极低筹码非线性修正,3.369839999999999,0.5,24.0,15.0,161,7.130055156826235,6.565796403612936,10.898435724489847,10.297255047288575,9,9,157.0702362060547,0.0,157.0702362060547,-0.22976379394532387,0.22976379394532387
111024.SH,澳弘转债,2026-01-16,2026-01-15,157.3,94.33019976498235,5.8,45.892880345,25.525069019565,AA-,电子,科技,3-10,0-50,AA/AA-,147.0285896871057,147.0285896871057,0.0,False,True,132.04577811816722,157.3,True,6.0,283.0,7.791992303772306,2026,90-100,7.0,0.7289601488139255,0.5567089683616496,1.0,超声转债、颀中转债、海能转债、银微转债、胜蓝转02、伟测转债、立讯转债,-0.3129899819426902,3.9052633018231537,-0.9664476202700516,0.0191814481827257,0.2857142857142857,5.140798952193837,11.998604813393786,147.0285896871057,-10.271410312894318,True,0.45,0.275,8.06437956929951,10.271410312894318,-0.370481656139568,146.65810803096613,0.9419626660757852,10.271410312894318,157.3,True,152.212055531746,0.2989073096957883,149.3312394046623,157.3,0.0006497574,521699000.0,0.8994810344827586,1.7578579175523736,7.338911495511761,-0.8525065798067828,True,157.3000030517578,156.5021209716797,3.0517578011313162e-06,3.0517578011313162e-06,-0.7978790283203239,162,119,7.087460765697333,10.864761503968763,5.3301246137859435,0.3,0.1,1.0,20,40,v2.1_极低筹码非线性修正,0.5830099999999999,0.5,24.0,15.0,162,7.08746076569734,6.52668509120758,10.864761503968762,10.2654400705268,9,9,157.3000030517578,0.0,157.3,0.0,0.0
123264.SZ,双乐转债,2026-01-16,2026-01-15,157.3,97.1934604904632,8.0,35.67,33.642752373598,AA-,基础化工,周期,3-10,0-50,AA/AA-,148.63181628701597,148.63181628701597,0.0,False,True,133.83240129006947,157.3,True,6.0,283.0,7.791992303772306,2026,90-100,7.0,0.6541365776965877,0.3871596723527458,1.0,永22转债、优彩转债、华康转债、永东转2、合顺转债、锦鸡转债、赛特转债,-0.3850041164549397,-0.3845478230725433,-0.9109397630250544,0.0472007936643703,0.0,2.795389048991348,-0.1399776035834188,148.63181628701597,-8.668183712984046,True,0.5,0.3,8.499675653510803,8.668183712984046,1.4467675071878252,150.07858379420378,0.960239865533186,8.668183712984046,157.3,True,153.23338921451122,0.3484550237374725,150.89717040811743,157.3,0.0010174357,707857800.0,0.88482225,2.0794415416798357,6.89046983674755,-0.6258372639560943,True,157.3000030517578,155.7567138671875,3.0517578011313162e-06,3.0517578011313162e-06,-1.5432861328125114,162,119,7.087460765697333,10.864761503968763,5.3301246137859435,0.3,0.1,1.0,20,40,v2.1_极低筹码非线性修正,0.9214219999999997,0.5,24.0,15.0,162,7.08746076569734,6.52668509120758,10.864761503968762,10.2654400705268,9,9,157.3000030517578,0.0,157.3,0.0,0.0
118064.SH,联瑞转债,2026-01-28,2026-01-27,157.3,110.36978756884344,6.95,169.366489866,45.948151997023,AA,基础化工,周期,3-10,50-300,AA/AA-,165.40022808441424,157.3,-8.100228084414226,True,True,142.57237543611754,157.3,True,6.0,278.0,8.820414864556414,2026,110-120,7.0,0.6366155030637132,0.3996106559395403,1.0,阿拉转债、赛特转债、阳谷转债、苏利转债、蓝晓转02、双乐转债、合顺转债,-0.8264194178563066,-4.461964227022746,-0.9314110677599992,-0.397001942094688,0.1428571428571428,1.6963897346672585,10.1271785209609,157.3,0.0,True,0.55,0.325,8.807466682992843,0.0,0.1216171293556223,157.3,0.988667245695345,0.0,157.3,False,157.3,0.4108397181613651,157.3,157.3,0.0008553073,615138000.0,0.8850906474820143,1.9387416595767009,7.064049738397008,-0.36049511370336473,True,157.3000030517578,157.3000030517578,3.0517578011313162e-06,3.0517578011313162e-06,3.0517578011313162e-06,164,119,7.00102835455173,10.798309739902644,5.3301246137859435,0.3,0.1,1.0,20,40,v2.1_极低筹码非线性修正,0.7986200000000009,0.5,24.0,15.0,164,7.001028354551737,6.447091370583097,10.798309739902642,10.202653915363394,9,9,157.3000030517578,0.0,157.3,0.0,0.0
123265.SZ,耐普转02,2026-01-30,2026-01-29,157.3,141.90946930280955,4.5,92.065455482,85.133844853988,A+,机械设备,制造,3-10,50-300,A+/A,202.0188783687875,157.3,-44.7188783687875,True,True,143.0306469248486,157.3,True,6.0,281.0,9.721773247183425,2026,>=120,7.0,0.5722055631600499,0.1549586125701251,1.0,浙矿转债、天准转债、运机转债、XD佳力转、锋工转债、泰瑞转债、永02转债,2.938223288335937,0.5239407127183104,-0.2598606373289946,8.388084064719898,0.4285714285714285,30.972388955582232,53.489026449071474,157.3,0.0,True,0.6,0.35,8.787696767275502,0.0,-3.484132394021445,153.81586760597855,0.99939641420912,0.0,157.3,False,157.3,0.2772530968864687,157.3,153.81586760597855,0.0005998344,392297500.0,0.8717722222222223,1.5040773967762742,7.4188569408431375,-0.9581282998394673,True,157.3000030517578,157.3000030517578,3.0517578011313162e-06,3.0517578011313162e-06,3.0517578011313162e-06,165,119,6.958597898171162,10.76553785934846,5.3301246137859435,0.3,0.1,1.0,20,40,v2.1_极低筹码非线性修正,0.5770249999999997,0.5,24.0,15.0,165,6.958597898171168,6.40801808954926,10.765537859348457,10.17168979565358,9,9,157.3000030517578,0.0,157.3,0.0,0.0
127112.SZ,尚太转债,2026-02-05,2026-02-04,157.3,89.59981112029277,17.34,197.94898365,41.565465188761,AA+,电力设备,制造,10-20,50-300,AAA/AA+,146.10063044113122,146.10063044113122,0.0,False,True,131.83127736597982,157.3,True,6.0,287.0,8.084537110635265,2026,80-90,7.0,0.6549859403039201,0.4836313560372366,1.0,宙邦转债、翔丰转债、冠宇转债、科利转债、帝尔转债、金05转债、电化转债,0.4262139173983865,1.8822794550643287,-0.1631961123524998,0.6228986625534061,0.1428571428571428,-0.039510075069149,-11.723656664340542,146.10063044113122,-11.199369558868796,True,0.6,0.375,8.596011447293176,11.199369558868796,2.5239205631565467,148.62455100428775,0.5107450367103454,0.0,146.10063044113122,False,153.52611205483183,0.3307189059352585,148.8785128768865,148.62455100428775,0.0050916312,1243479600.0,0.7171162629757786,2.853015971352396,5.280157028246962,-0.7049353545836603,True,148.20315551757812,145.75550842285156,-9.096844482421886,9.096844482421886,-11.544491577148449,166,119,6.9166786521084305,10.73306255802847,5.3301246137859435,0.3,0.1,1.0,20,40,v2.1_极低筹码非线性修正,4.9052039999999995,0.5,24.0,15.0,166,6.916678652108438,6.369415570937518,10.733062558028466,10.141005895289,9,9,148.20315551757812,0.0,148.20315551757812,-9.096844482421886,9.096844482421886
110100.SH,龙建转债,2026-02-12,2026-02-11,154.135,95.24838012958963,10.0,44.7187999986,36.913015388189,AA,建筑装饰,周期,10-20,0-50,AA/AA-,151.45595385341744,151.45595385341744,0.0,False,False,137.18660077826604,157.3,True,6.0,282.0,8.065526801517327,2026,90-100,7.0,0.5483195837947038,0.2086103077996701,1.0,东南转债、精工转债、鸿路转债、浙建转债、山路转债、利柏转债、华设转债,0.7199126684441208,0.7777024445074641,2.042252210286001,-1.6301945181255495,0.2857142857142857,0.2272727272727204,-5.769230769230759,151.45595385341744,-2.67904614658255,False,0.65,0.4,9.11587799133568,5.844046146582571,1.724347389996584,153.18030124341402,0.9894692313991504,5.844046146582571,157.3,True,155.57038508779212,0.43557142353514,153.36507847787146,157.3,0.0019370594,811963000.0,0.8119630000000001,2.302585092994046,6.2465842290491524,-0.2591550639084314,False,157.3000030517578,155.3009490966797,3.1650030517578216,3.1650030517578216,1.1659490966796966,167,119,6.929733537319888,10.724007839236533,5.3301246137859435,0.3,0.1,1.0,20,40,v2.1_极低筹码非线性修正,1.880369999999999,0.5,24.0,15.0,167,6.929733537319895,6.385747480587124,10.724007839236531,10.135073586808202,9,9,157.3000030517578,0.0,157.3,3.1650000000000205,3.1650000000000205
118065.SH,艾为转债,2026-02-26,2026-02-25,157.3,99.44882876111738,19.0132,185.0808241204,49.501899347215,AA+,电子,科技,10-20,50-300,AAA/AA+,157.41618180316186,157.3,-0.1161818031618509,True,True,145.28502163928724,157.3,True,6.0,283.0,8.21452817740824,2026,90-100,7.0,0.8371968006541112,0.8194685343210578,1.0,银微转债、华特转债、茂莱转债、颀中转债、国微转债、甬矽转债、力合转债,-0.0262150456433572,0.782953703772564,-1.333481324697999,2.3504549599010938,0.1428571428571428,2.97016861219197,-3.1829268292682955,157.3,0.0,True,0.6,0.4,8.24430485319136,0.0,1.636281264052163,157.3,0.838244833326621,0.0,157.3,False,157.3,0.447712065126741,157.3,157.3,0.0048995317,1426015000.0,0.7500131487598088,2.9451334747906213,5.318615649861368,-0.20991921741071545,True,157.3000030517578,155.670166015625,3.0517578011313162e-06,3.0517578011313162e-06,-1.6298339843750114,168,120,6.90732442728678,10.69483150511508,5.312081934102376,0.3,0.1,1.0,20,40,v2.1_极低筹码非线性修正,4.753050000000003,0.5,24.0,15.0,168,6.9073244272867855,6.36657636463125,10.694831505115076,10.10781460379639,9,9,157.3000030517578,0.0,157.3,0.0,0.0
113700.SH,海天转债,2026-03-12,2026-03-11,147.567,84.185303514377,8.01,48.669504,43.700591902434,AA,环保,周期,3-10,0-50,AA/AA-,144.2679882513833,144.2679882513833,0.0,False,False,133.01263209445517,155.5233444083114,True,6.0,276.0,6.444718340367669,2026,80-90,7.0,0.5875338582076347,0.3589452028709575,1.0,旺能转债、维尔转债、渝水转债、洪城转债、盈峰转债、绿动转债、伟22转债,-2.4638070074459453,-1.5394258626440491,-0.6364393780481468,-0.8101577475711941,0.0,1.835748792270531,-17.007874015748037,144.2679882513833,-3.2990117486167208,False,0.6,0.425,7.4243805791709745,13.032011748616725,3.340988342501107,147.6089765938844,0.9781952740278782,13.032011748616725,157.3,True,153.1640188456963,0.3888297308585124,148.068413466953,157.3,0.0009157843,718950000.0,0.8975655430711611,2.080690761080268,6.995729701369339,-0.45223405532861344,False,157.3000030517578,155.09585571289062,9.733003051757805,9.733003051757805,7.528855712890618,169,120,6.866452703171225,10.663143045817524,5.312081934102376,0.3,0.1,1.0,20,40,v2.1_极低筹码非线性修正,0.8204999999999996,0.5,24.0,15.0,169,6.86645270317123,6.32890431513639,10.663143045817518,10.077865457659167,9,9,157.3000030517578,0.0,157.3,9.733000000000004,9.733000000000004
118066.SH,统联转债,2026-03-20,2026-03-19,131.182,72.63345195729536,5.76,66.0707731814,76.113450757796,AA-,电子,科技,3-10,50-300,AA/AA-,139.36205683935287,139.36205683935287,0.0,False,False,128.10670068242476,150.617412996281,True,6.0,276.0,6.458525118691084,2026,<80,7.0,0.8482640812342004,0.8192019199075666,1.0,国微转债、茂莱转债、颀中转债、海能转债、韦尔转债、国力转债、芯海转债,-1.4509937720267885,-0.8557824939156081,-1.6886382225890024,0.3732411410725333,0.0,-14.441416893732972,-28.82301656495205,139.36205683935287,8.180056839352886,False,0.6,0.425,7.3767691948541,17.937943160647137,3.248531593518659,142.61058843287154,0.9865495749891192,17.937943160647137,157.3,True,151.66379598684125,0.3767921081466667,144.43121340383937,157.3,0.0022918419,366975000.0,0.6371093750000001,1.7509374747078,6.0783994615664,-0.5031865598385747,False,151.8485870361328,146.62881469726562,20.666587036132825,20.666587036132825,15.446814697265637,170,121,6.883314764045263,10.657908983593657,5.348618472264818,0.3,0.1,1.0,20,40,v2.1_极低筹码非线性修正,2.0902499999999993,0.5,24.0,15.0,170,6.883314764045268,6.348928407400293,10.657908983593652,10.075871349817632,9,9,151.8485870361328,0.0,151.8485870361328,20.666587036132825,20.666587036132825
113701.SH,祥和转债,2026-03-26,2026-03-25,157.3,81.23620309050771,4.0,36.7400431584,54.929387828057,A+,机械设备,制造,3-10,0-50,A+/A,141.03066557429258,141.03066557429258,0.0,False,True,129.77530941736447,152.2860217312207,False,6.0,264.0,6.176588997114272,2026,80-90,7.0,0.8383356729411794,0.7908335472753304,1.0,正帆转债、浙矿转债、艾迪转债、博实转债、章鼓转债、万讯转债、耐普转02,1.8172589935339645,1.774829300643961,4.9794021661894,-1.6967043449062411,0.5714285714285714,-2.987697715289994,-17.734724292101344,141.03066557429258,-16.269334425707427,True,0.6,0.425,7.211806909363477,16.269334425707427,2.649913835549454,143.68057940984204,0.9919382091834728,16.269334425707427,157.3,True,154.60710688210568,0.4498417342372934,146.51963478400262,157.3,0.0004289865,362486000.0,0.906215,1.3862943611198906,7.7540851080628705,-0.20131017355699712,True,157.3000030517578,156.7723846435547,3.0517578011313162e-06,3.0517578011313162e-06,-0.5276153564453239,171,122,6.96391869546098,10.743577404992543,5.474175591640784,0.3,0.1,1.0,20,40,v2.1_极低筹码非线性修正,0.37514000000000003,0.5,24.0,15.0,171,6.963918695460985,6.432657405229138,10.74357740499254,10.169915790158628,10,10,157.3000030517578,6.895411410959916,157.3,0.0,0.0
127113.SZ,长高转债,2026-03-30,2026-03-27,146.5,102.63396911898276,7.586007000000001,70.097525605,58.728603899407,AA-,电力设备,制造,3-10,50-300,AA/AA-,154.02098785314962,154.02098785314962,0.0,False,False,142.7656316962215,157.3,True,6.0,262.0,5.543013212996106,2026,100-110,7.0,0.7312540153508894,0.6124672242287197,1.0,锂科转债、翔丰转债、华辰转债、电化转债、帝尔转债、煜邦转债、科利转债,-0.8997296050701307,0.7459197214811721,-2.2866761259849966,2.070121728989005,0.0,2.447869446962847,1.8935978358882053,154.02098785314962,7.52098785314962,False,0.65,0.45,7.914168189278305,3.279012146850391,0.8200607520228579,154.8410486051725,0.9977689865484995,3.279012146850391,157.3,True,156.7538725756545,0.4672453394040713,155.1700652107485,157.3,0.0020355622,573242000.0,0.7556570933825923,2.0263053660187205,6.19698323288556,-0.1312065473633513,False,157.3000030517578,156.4249725341797,10.800003051757812,10.800003051757812,9.924972534179688,172,122,6.923430813811543,10.712300548510497,5.474175591640784,0.3,0.1,1.0,20,40,v2.1_极低筹码非线性修正,1.853587000000001,0.5,24.0,15.0,172,6.923430813811549,6.395258234268504,10.712300548510493,10.140308985589463,10,10,157.3000030517578,0.0,157.3,10.800000000000011,10.800000000000011
123266.SZ,博士转债,2026-04-07,2026-04-03,143.0,74.2688136707197,3.75,51.49504016,43.43292090008,AA,商贸零售,消费,3-10,50-300,AA/AA-,135.64561925566602,135.64561925566602,0.0,False,False,124.39026309873792,146.90097541259414,True,6.0,265.0,6.140449088502383,2026,<80,7.0,0.6504646543994571,0.7943338671565122,0.2857142857142857,家悦转债、国泰转债、共同转债、灵康转债、东宝转债、九强转债、太平转债,0.3922256833951483,-0.0575265903987182,0.6863156614549979,1.862052227682942,0.1428571428571428,-3.4188034188034067,-24.79201331114809,135.64561925566602,-7.35438074433398,False,0.65,0.45,7.9854413617993405,21.65438074433399,3.7555061494000497,139.40112540506607,0.9836279738573804,21.65438074433399,157.3,True,149.59857904222667,0.4452141819672398,142.87624731248786,157.3,0.000874876,293589200.0,0.7829045333333333,1.3217558399823195,7.041428395934792,-0.22002665164184,False,156.8920440673828,152.0963592529297,13.892044067382812,13.892044067382812,9.096359252929688,173,123,6.945838745822793,10.712809562527681,5.517475001885638,0.3,0.1,1.0,20,40,v2.1_极低筹码非线性修正,0.814108,0.5,24.0,15.0,173,6.945838745822798,6.420719169330535,10.712809562527678,10.144245502101533,11,11,156.8920440673828,0.0,156.8920440673828,13.892044067382812,13.892044067382812
118067.SH,上26转债,2026-04-14,2026-04-13,148.829,81.80981595092025,3.2485,44.0020438347,48.815787109836,A+,汽车,制造,3-10,0-50,A+/A,143.3620783991973,143.3620783991973,0.0,False,False,132.10672224226917,154.6174345561254,True,6.0,264.0,7.766658783306303,2026,80-90,7.0,0.7936867196209016,0.7374786431208452,1.0,上声转债、威唐转债、卓镁转债、保隆转债、锡振转债、麒麟转债、兴瑞转债,-0.8961064598404971,-0.740233379782915,-2.467258351855495,1.095285795665191,0.1428571428571428,4.383561643835621,-17.583436341161917,143.3620783991973,-5.466921600802721,False,0.65,0.45,8.081076081242433,13.937921600802724,4.312823135303735,147.67490153450103,0.996309699411652,13.937921600802724,157.3,True,154.1117930872582,0.4563787078199245,148.1328063865996,157.3,0.0012084391,212557000.0,0.654323533938741,1.1781933513384486,6.718425752139743,-0.17492988590192118,False,156.45278930664062,153.76161193847656,7.623789306640617,7.623789306640617,4.932611938476555,174,124,6.985759466061644,10.733771722354783,5.585011849188034,0.3,0.1,1.0,20,40,v2.1_极低筹码非线性修正,1.12293,0.5,24.0,15.0,174,6.9857594660616495,6.463657818169916,10.733771722354778,10.16973137224908,12,12,156.45278930664062,0.0,156.45278930664062,7.623789306640617,7.623789306640617
123268.SZ,本川转债,2026-05-07,2026-05-06,157.3,97.49604638903531,4.69,56.4676645032,58.834500616166,AA-,电子,科技,3-10,50-300,AA/AA-,158.05583564657195,157.3,-0.7558356465719385,True,True,146.0446438430719,157.3,True,6.0,247.0,6.994406989661496,2026,90-100,7.0,0.7098972874716691,0.5126685891020374,1.0,力合转债、宏微转债、国微转债、澳弘转债、颀中转债、洁美转债、统联转债,0.9280170172576973,0.9767141770438356,2.924935186193011,1.4882631190885176,0.2857142857142857,8.666274970622801,7.638585770405926,157.3,0.0,True,0.6,0.45,7.294808400203169,0.0,0.1607952045740026,157.3,0.9991434139104096,0.0,157.3,False,157.3,0.3866258214446513,157.3,157.3,0.0008260856,394819900.0,0.8418334754797441,1.545432582458188,7.098812157851458,-0.4615177995304701,True,157.3000030517578,157.3000030517578,3.0517578011313162e-06,3.0517578011313162e-06,3.0517578011313162e-06,175,125,6.989405350864953,10.718564136471286,5.601322068847656,0.3,0.1,1.0,20,40,v2.1_极低筹码非线性修正,0.7418010000000004,0.5,24.0,15.0,175,6.989405350864958,6.470287140961178,10.718564136471283,10.156996198077206,12,12,157.3000030517578,0.0,157.3,0.0,0.0
113702.SH,斯达转债,2026-05-11,2026-05-08,157.3,100.91168091168092,15.0,254.4645049716,34.042224571334,AA+,电子,科技,10-20,50-300,AAA/AA+,157.99048590847696,157.3,-0.6904859084769441,True,True,146.8429978379108,157.3,True,6.0,242.0,7.3879969436300605,2026,100-110,7.0,0.6138415341997581,0.386948541936208,1.0,宏微转债、韦尔转债、晶瑞转2、立讯转债、富瀚转债、佳禾转债、银微转债,0.6513400364519876,-0.9572148536573702,0.2059687315529927,0.6050216844458722,0.1428571428571428,-4.33921498019445,8.506075768406006,157.3,0.0,True,0.6,0.45,6.529346883456523,0.0,-0.7802975416612616,156.51970245833874,0.8802819148666442,0.0,157.3,False,157.3,0.4889892028457903,157.3,156.51970245833874,0.003380976,1181880000.0,0.78792,2.70805020110221,5.689590853773153,-0.04405031027962839,True,157.3000030517578,156.4229736328125,3.0517578011313162e-06,3.0517578011313162e-06,-0.8770263671875114,176,125,6.9496928378018445,10.688070293353858,5.601322068847656,0.3,0.1,1.0,20,40,v2.1_极低筹码非线性修正,3.1812000000000005,0.5,24.0,15.0,176,6.949692837801848,6.43352414584208,10.688070293353855,10.128099991023257,12,12,157.3000030517578,0.0,157.3,0.0,0.0
123269.SZ,金杨转债,2026-05-11,2026-05-08,157.3,107.51256281407036,9.8,49.0434735186,49.159864874708,AA-,电力设备,制造,3-10,0-50,AA/AA-,163.1169728467715,157.3,-5.816972846771478,True,True,146.8429978379108,157.3,True,6.0,242.0,7.3879969436300605,2026,100-110,7.0,0.6510732319746732,0.4566646795421353,1.0,尚太转债、天23转债、天能转债、晶能转债、微导转债、天奈转债、芳源转债,-1.3172763272594763,-1.2624344826853455,-4.29146005952002,3.583160598287849,0.2857142857142857,18.861111111111107,15.805142083897138,157.3,0.0,True,0.6,0.475,6.371108155961901,0.0,1.2034281422152855,157.3,0.9963971185578804,0.0,157.3,False,157.3,0.4785055366803484,157.3,157.3,0.0012272674,863671700.0,0.8812976530612245,2.2823823856765264,6.702965207086286,-0.08603087581186479,True,157.3000030517578,157.3000030517578,3.0517578011313162e-06,3.0517578011313162e-06,3.0517578011313162e-06,176,125,6.9496928378018445,10.688070293353858,5.601322068847656,0.3,0.1,1.0,20,40,v2.1_极低筹码非线性修正,1.1632829999999996,0.5,24.0,15.0,176,6.949692837801848,6.43352414584208,10.688070293353855,10.128099991023257,12,12,157.3000030517578,0.0,157.3,0.0,0.0
123267.SZ,珂玛转债,2026-05-13,2026-05-12,157.3,115.1890950087117,7.5,492.1568,69.903347507359,AA,电子,科技,3-10,300+,AA/AA-,174.1337081876638,157.3,-16.833708187663802,True,True,147.0483008177092,157.3,True,6.0,251.0,8.108816939077267,2026,110-120,7.0,0.7265475907200377,0.6072094237038727,1.0,颀中转债、宏微转债、艾为转债、晶瑞转2、甬矽转债、国力转债、银微转债,-1.4576911154842866,-1.952451839005498,-5.248381028285285,4.664097143072588,0.0,6.854915383152682,16.975437135720227,157.3,0.0,True,0.6,0.5,5.439667020585384,0.0,-0.4877174248915925,156.8122825751084,0.9592037098947148,0.0,157.3,False,157.3,0.5323155178792822,157.3,156.8122825751084,0.0013858639,620018600.0,0.8266914666666667,2.0149030205422647,6.581431579284189,0.1294425072094079,True,157.3000030517578,157.3000030517578,3.0517578011313162e-06,3.0517578011313162e-06,3.0517578011313162e-06,178,125,6.871606435711462,10.627855333672677,5.601322068847656,0.3,0.1,1.0,20,40,v2.1_极低筹码非线性修正,1.2998139999999996,0.5,24.0,15.0,178,6.871606435711466,6.3612373576865515,10.627855333672672,10.071039818712665,12,12,157.3000030517578,0.0,157.3,0.0,0.0
123270.SZ,盛德转债,2026-06-12,2026-06-11,157.3,73.86363636363636,4.050968,43.615,66.978760195573,A+,钢铁,周期,3-10,0-50,A+/A,139.00847230665198,139.00847230665198,0.0,False,True,128.75677312436116,149.2601714889428,False,6.0,229.0,6.429952395880879,2026,<80,7.0,0.5614740945779412,0.4540282074936378,0.5714285714285714,武进转债、甬金转债、明新转债、中特转债、裕兴转债、美锦转债、本钢转债,1.2612847115645007,1.7113028521617453,1.967754184979008,0.4623910204369696,0.2857142857142857,-19.81799797775532,-24.634099980992207,139.00847230665198,-18.29152769334803,True,0.65,0.5,4.70386507317802,18.29152769334803,1.5549883101025874,140.56346061675458,0.9957420893415356,18.29152769334803,157.3,True,153.48201885262566,0.3626904603873264,143.98409425686793,157.3,0.0004822719,361991300.0,0.8935920994685714,1.3989558649052267,7.637002495078898,-0.5637057267212902,True,156.2865753173828,155.7102508544922,-1.0134246826171989,1.0134246826171989,-1.5897491455078239,179,125,6.833217589991051,10.59812700877235,5.601322068847656,0.3,0.1,1.0,20,40,v2.1_极低筹码非线性修正,0.43105500000000013,0.5,24.0,15.0,179,6.833217589991056,6.325699718816794,10.598127008772343,10.04286902277924,12,12,156.2865753173828,3.560937750026806,157.3,0.0,0.0
123271.SZ,通合转债,2026-06-17,2026-06-16,157.3,105.24412296564196,5.219327,62.0412287508,84.492345351104,AA,电力设备,制造,3-10,50-300,AA/AA-,165.43590215562173,157.3,-8.135902155621721,True,True,146.8429978379108,157.3,True,6.0,228.0,9.487929362716514,2026,100-110,7.0,0.6786750724746484,0.4808100663651547,1.0,金05转债、长高转债、锦浪转02、华辰转债、天奈转债、福22转债、金杨转债,0.9811991690701504,-0.5016219927990097,-2.8610795918620084,5.518133264089364,0.2857142857142857,11.923076923076923,20.95600969864913,157.3,0.0,True,0.65,0.525,5.106102887863424,0.0,-0.5426422850418042,156.7573577149582,0.9997421076330558,0.0,157.3,False,157.3,0.524760879132188,157.3,156.7573577149582,0.0018799655,356497500.0,0.6830334638929502,1.6523684663796558,6.2765018533724914,0.09912460079633995,True,157.3000030517578,157.3000030517578,3.0517578011313162e-06,3.0517578011313162e-06,3.0517578011313162e-06,180,125,6.8008854071723075,10.568916697989087,5.601322068847656,0.3,0.1,1.0,20,40,v2.1_极低筹码非线性修正,1.654352,0.5,24.0,15.0,180,6.800885407172311,6.290556942601145,10.568916697989081,10.014933310744036,12,12,157.3000030517578,0.0,157.3,0.0,0.0
118068.SH,迪威转债,2026-06-30,2026-06-29,157.3,72.29916897506924,9.07705,54.8658906183,73.017071968828,AA-,机械设备,制造,3-10,50-300,AA/AA-,134.29776272567062,134.29776272567062,0.0,False,True,123.8407605635814,144.75476488775985,False,6.0,223.0,8.448123564079674,2026,<80,7.0,0.5996269324333799,0.2901659057917758,1.0,铭利转债、章鼓转债、天准转债、博实转债、耐普转02、万讯转债、泰瑞转债,0.4496750223594503,1.1544390093456036,6.747570826788008,-3.263107935113357,0.1428571428571428,-5.510860820595342,-13.987550347857924,134.29776272567062,-23.00223727432939,True,0.7,0.55,5.047024574459613,23.00223727432939,1.2096341022127834,135.5073968278834,0.980674997100194,23.00223727432939,157.3,True,155.41803415715202,0.4228767016302163,141.59309539718365,157.3,0.0016476348,765774000.0,0.8436375254074838,2.2057492499572136,6.408414473993943,-0.3109752813140352,True,139.92526245117188,142.74978637695312,-17.374737548828136,17.374737548828136,-14.550213623046886,181,125,6.763311471507034,10.539680357892822,5.601322068847656,0.3,0.1,1.0,20,40,v2.1_极低筹码非线性修正,1.419309999999999,0.5,24.0,15.0,181,6.7633114715070395,6.25580248435473,10.539680357892815,9.987229431086242,12,12,139.92526245117188,0.0,139.92526245117188,-17.374737548828136,17.374737548828136
123272.SZ,中汽转债,2026-06-30,2026-06-29,157.3,85.14190317195325,10.3904,67.5189,48.991661279232,AA+,汽车,制造,10-20,50-300,AAA/AA+,141.71294724518918,141.71294724518918,0.0,False,True,130.45759108826107,152.9683034021173,False,6.0,223.0,8.448123564079674,2026,80-90,7.0,0.622825991283651,0.3690801449002825,1.0,麒麟转债、威唐转债、保隆转债、爱迪转债、博俊转债、爱玛转债、明新转债,1.0647522516065238,-0.7529420103606365,2.1746507139280045,-1.1392836193588385,0.1428571428571428,-3.2258064516129004,-12.671232876712336,141.71294724518918,-15.587052754810829,True,0.7,0.575,6.110123395548524,15.587052754810829,2.426762186880529,144.1397094320697,0.9817977184944912,15.587052754810829,157.3,True,155.70218510985464,0.4164763914592438,146.58167685879553,157.3,0.0018772866,873159500.0,0.8403521519864491,2.34088230292639,6.2779278425702625,-0.337255134302945,True,146.72601318359375,147.99166870117188,-10.573986816406261,10.573986816406261,-9.308331298828136,181,125,6.763311471507034,10.539680357892822,5.601322068847656,0.3,0.1,1.0,20,40,v2.1_极低筹码非线性修正,1.6588049999999994,0.5,24.0,15.0,181,6.7633114715070395,6.25580248435473,10.539680357892815,9.987229431086242,12,12,146.72601318359375,0.0,146.72601318359375,-10.573986816406261,10.573986816406261
123273.SZ,三江转债,2026-07-03,2026-07-02,157.3,85.23908523908524,2.9,28.431942,72.320833832851,A+,基础化工,周期,0-3,0-50,A+/A,143.15997091444524,143.15997091444524,0.0,False,True,131.0333210854835,155.28662074340698,False,6.0,215.0,9.108633615141994,2026,80-90,7.0,0.737898394264321,0.5923623262911303,1.0,苏利转债、丰山转债、双箭转债、双乐转债、龙星转债、天业转债、蓝晓转02,-0.277744599335761,-0.7838727600895199,-2.348249864498001,2.8224236057246888,0.1428571428571428,7.705779334500873,-12.017167381974248,143.15997091444524,-14.140029085554772,True,0.7,0.6,6.37590551764435,14.140029085554772,3.764661208146923,146.92463212259216,0.999251189759055,14.140029085554772,157.3,True,157.28586424664877,0.5120038893113942,148.58978332953046,157.3,0.0002068789,270745700.0,0.9336058620689655,1.0647107369924282,8.483376960046897,0.04802478540098328,True,157.3000030517578,157.0970916748047,3.0517578011313162e-06,3.0517578011313162e-06,-0.20290832519532387,183,125,6.842120768896216,10.589212660430167,5.601322068847656,0.3,0.1,1.0,20,40,v2.1_极低筹码非线性修正,0.1925430000000002,0.5,24.0,15.0,183,6.842120768896221,6.3401583280515865,10.58921266043016,10.045658269248495,12,12,157.3000030517578,15.0,157.3,0.0,0.0
113703.SH,翔26转债,2026-07-07,2026-07-06,144.634,75.0683682771194,13.0102,88.9316427447,56.308364280222,AA-,家用电器,消费,10-20,50-300,AA/AA-,136.92253906074973,136.92253906074973,0.0,False,False,122.66730800267644,151.177770118823,True,6.0,219.0,8.855621732536333,2026,<80,7.0,0.5307366637063502,0.5242615509464955,0.4285714285714285,小熊转债、亿田转债、明新转债、佳禾转债、铭利转债、莱克转债、清源转债,0.3129370770162218,1.5879982653126623,3.449900922970997,-1.4733165848945795,0.1428571428571428,0.7339449541284182,-21.94312796208532,136.92253906074973,-7.711460939250259,False,0.7,0.625,6.649497786272886,20.377460939250284,3.628528447675499,140.55106750842523,0.9269450312347368,20.377460939250284,157.3,True,154.95536056255,0.5005289767082463,144.57217131462613,157.3,0.0032594796,1024064000.0,0.7871239489016312,2.565733665196415,5.72618772824789,0.0021159076224060063,False,139.85252380371094,141.3297576904297,-4.781476196289049,4.781476196289049,-3.3042423095702986,184,125,6.804935346520463,10.560398422909914,5.601322068847656,0.3,0.1,1.0,20,40,v2.1_极低筹码非线性修正,2.769559999999998,0.5,24.0,15.0,184,6.804935346520467,6.305700945833917,10.560398422909909,10.018323094037681,12,12,139.85252380371094,0.0,139.85252380371094,-4.781476196289049,4.781476196289049
113704.SH,春风转债,2026-07-07,2026-07-06,157.3,111.3777410012412,21.78763,413.175597996,37.402951362394,AA+,汽车,制造,20-50,300+,AAA/AA+,167.6777153402499,157.3,-10.377715340249893,True,True,143.04476894192675,157.3,True,6.0,219.0,8.855621732536333,2026,110-120,7.0,0.4991034660983598,0.1691542881794386,1.0,爱玛转债、锡振转债、麒麟转债、威唐转债、博俊转债、卓镁转债、超达转债,-0.8345294628557691,1.302701340906776,-1.919668074856005,0.0399026798357349,0.1428571428571428,6.504193701535055,17.70878880629645,157.3,0.0,True,0.65,0.625,7.035070833235399,0.0,-0.7569841753549775,156.54301582464504,0.3999762557206095,0.0,157.3,False,157.3,0.5470730948707976,157.3,156.54301582464504,0.0052881851,1723574000.0,0.7910791582195953,3.0813423775523776,5.242280173263222,0.18885166701023273,True,157.3000030517578,155.21734619140625,3.0517578011313162e-06,3.0517578011313162e-06,-2.0826538085937614,184,125,6.804935346520463,10.560398422909914,5.601322068847656,0.3,0.1,1.0,20,40,v2.1_极低筹码非线性修正,4.551889999999999,0.5,24.0,15.0,184,6.804935346520467,6.305700945833917,10.560398422909909,10.018323094037681,12,12,157.3000030517578,0.0,157.3,0.0,0.0
118069.SH,爱科转债,2026-07-09,2026-07-08,157.3,75.39432176656152,2.66954,17.780970474,73.160395072212,AA-,机械设备,制造,0-3,0-50,AA/AA-,141.38252800637613,141.38252800637613,0.0,False,True,127.12729694830286,155.6377590644494,False,6.0,221.0,7.242603685940928,2026,<80,7.0,0.6885078065106937,0.4512826593620391,1.0,博实转债、章鼓转债、XD佳力转、铭利转债、万讯转债、耐普转02、迪威转债,1.7148869387222063,0.9935598863825732,6.911942845791011,-3.975070576111273,0.2857142857142857,-1.601097895699899,-23.23340471092077,141.38252800637613,-15.917471993623876,True,0.65,0.625,7.035070833235399,15.917471993623876,3.605752905177568,144.98828091155372,0.9986237562661608,15.917471993623876,157.3,True,157.3,0.5836644933407343,148.35037542619398,157.3,0.000386159,232848000.0,0.8722401612262787,0.9819061729252593,7.859261356215556,0.33783487843476057,True,157.3000030517578,156.96763610839844,3.0517578011313162e-06,3.0517578011313162e-06,-0.33236389160157387,186,126,6.757470876386087,10.509318253142656,5.594815355573381,0.3,0.1,1.0,20,40,v2.1_极低筹码非线性修正,0.34106000000000003,0.5,24.0,15.0,186,6.75747087638609,6.263604571127579,10.50931825314265,9.97048150713782,12,12,157.3000030517578,9.181192404898162,157.3,0.0,0.0
113705.SH,豪26转债,2026-07-10,2026-07-09,131.072,81.8435754189944,18.0,80.89338613529999,46.057410430105,AA-,汽车,制造,10-20,50-300,AA/AA-,142.17317397024982,142.17317397024982,0.0,False,False,127.3384967447454,157.00785119575423,True,6.0,214.0,9.20997873613109,2026,80-90,7.0,0.7687550688657926,0.6577239540517221,1.0,上声转债、明新转债、伯25转债、凯众转债、保隆转债、爱迪转债、上26转债,-0.2708998564686604,-0.046301532827634,0.7987206405119984,-0.3966492855381476,0.1428571428571428,-3.512623490669597,-16.603415559772294,142.17317397024982,11.101173970249818,False,0.65,0.65,7.270975954973153,15.126826029750193,2.714800128081597,144.88797409833143,0.787823695692475,15.126826029750193,157.3,True,157.14228229593888,0.4793066964429289,147.61096572923967,157.3,0.0042825351,1381008000.0,0.7672266666666666,2.8903717578961645,5.453210131652477,-0.0828205222578896,False,143.90728759765625,144.08514404296875,12.835287597656247,12.835287597656247,13.013144042968747,187,126,6.721334684810535,10.481180804382133,5.594815355573381,0.3,0.1,1.0,20,40,v2.1_极低筹码非线性修正,4.189920000000001,0.5,24.0,15.0,187,6.721334684810539,6.230109359517271,10.481180804382127,9.943786729630157,12,12,143.90728759765625,0.0,143.90728759765625,12.835287597656247,12.835287597656247
113706.SH,金帝转债,2026-07-10,2026-07-09,157.3,92.161985630307,9.7,61.8319014274,68.993041677756,AA,机械设备,制造,3-10,50-300,AA/AA-,153.19254443576042,153.19254443576042,0.0,False,True,138.35786721025602,157.3,True,6.0,214.0,9.20997873613109,2026,90-100,7.0,0.55560293120116,0.2585166059948066,1.0,正帆转债、永贵转债、博实转债、天准转债、泰瑞转债、祥和转债、迪威转债,1.8704735176179592,-1.38111722874617,0.3396890117992983,-5.367340414681005,0.2857142857142857,-19.09403669724772,-6.183510638297873,153.19254443576042,-4.1074555642395865,True,0.65,0.625,7.692082346156516,4.1074555642395865,0.9001928097966254,154.09273724555706,0.9973815820570816,4.1074555642395865,157.3,True,157.3,0.6170005565141675,155.0932712125052,157.3,0.002817497,693681000.0,0.7151350515463919,2.272125885509337,5.871906376824645,0.47683638973284914,True,155.60610961914062,154.97567749023438,-1.6938903808593864,1.6938903808593864,-2.3243225097656364,187,126,6.721334684810535,10.481180804382133,5.594815355573381,0.3,0.1,1.0,20,40,v2.1_极低筹码非线性修正,2.7631899999999985,0.5,24.0,15.0,187,6.721334684810539,6.230109359517271,10.481180804382127,9.943786729630157,12,12,155.60610961914062,0.0,155.60610961914062,-1.6938903808593864,1.6938903808593864
118070.SH,南芯转债,2026-07-10,2026-07-09,157.3,108.02919708029196,15.86881,202.541277312,103.68312636011,AA+,电子,科技,10-20,50-300,AAA/AA+,174.3268982734431,157.3,-17.026898273443095,True,True,142.4653227744956,157.3,True,6.0,214.0,9.20997873613109,2026,100-110,7.0,0.7538939051678827,0.7125567951784897,1.0,艾为转债、斯达转债、胜蓝转02、统联转债、本川转债、国微转债、芯海转债,-2.5344334019772456,-1.929238712881528,-4.706487855794013,1.795899519169181,0.1428571428571428,-5.279999999999996,13.139034878165322,157.3,0.0,True,0.65,0.625,7.897455124368496,0.0,-1.467523295015367,155.83247670498466,0.9896258882266356,0.0,157.3,False,157.3,0.6109687380069847,157.3,155.83247670498466,0.0071111026,946900000.0,0.5967051089527192,2.7643555474798513,4.946097969834401,0.45138608716130046,True,157.3000030517578,154.65011596679688,3.0517578011313162e-06,3.0517578011313162e-06,-2.6498840332031364,187,126,6.721334684810535,10.481180804382133,5.594815355573381,0.3,0.1,1.0,20,40,v2.1_极低筹码非线性修正,6.3998099999999996,0.5,24.0,15.0,187,6.721334684810539,6.230109359517271,10.481180804382127,9.943786729630157,12,12,157.3000030517578,0.0,157.3,0.0,0.0
123274.SZ,维科转债,2026-07-10,2026-07-09,157.3,80.71308253790006,6.3,39.748273975,109.11995014315,A+,汽车,制造,3-10,0-50,A+/A,147.65860520007527,147.65860520007527,0.0,False,True,132.82392797457086,157.3,True,6.0,214.0,9.20997873613109,2026,80-90,7.0,0.7935381075182998,0.6983871039615176,1.0,凯众转债、明新转债、爱迪转债、保隆转债、博俊转债、伯25转债、上声转债,0.2536015121426881,2.560842675119192,2.347988588253994,-0.9435187701871296,0.1428571428571428,-0.6908462867012077,-8.468640560331108,147.65860520007527,-9.64139479992474,True,0.7,0.65,7.732504536937659,9.64139479992474,1.5449933922592554,149.20359859233452,0.999537882245224,9.64139479992474,157.3,True,157.3,0.5835401179797783,151.87821069435356,157.3,0.0007868839,554682400.0,0.880448253968254,1.840549633397487,7.147429842665686,0.33732306811124374,True,156.97377014160156,156.74118041992188,-0.32622985839844887,0.32622985839844887,-0.5588195800781364,187,126,6.721334684810535,10.481180804382133,5.594815355573381,0.3,0.1,1.0,20,40,v2.1_极低筹码非线性修正,0.7531759999999998,0.5,24.0,15.0,187,6.721334684810539,6.230109359517271,10.481180804382127,9.943786729630157,12,12,156.97377014160156,0.0,156.97377014160156,-0.32622985839844887,0.32622985839844887
127114.SZ,宜化转债,2026-07-14,2026-07-13,130.0,89.41761363636364,33.0,136.9269152408,62.10715061979,AA+,基础化工,周期,20-50,50-300,AAA/AA+,144.96980817584767,144.96980817584767,0.0,False,False,130.13513095034327,157.3,False,6.0,219.0,9.344715777242332,2026,80-90,7.0,0.7204841824336606,0.6621098686255457,1.0,和邦转债、合顺转债、蓝晓转02、双乐转债、聚合转债、惠云转债、阳谷转债,1.9027916405582288,2.804220304483793,8.926701554087511,-3.867363283775976,0.4285714285714285,-10.645848119233502,-7.765567765567772,144.96980817584767,14.969808175847676,False,0.75,0.675,7.805571434966252,12.330191824152337,-0.4755357622155898,144.49427241363207,0.1755296764204832,0.0,144.96980817584767,False,156.86558256858524,0.4765570132779296,149.37683771749417,144.49427241363207,0.0109223304,2251400200.0,0.6822424848484849,3.4965075614664802,4.516945924839919,-0.0938407504466118,False,145.5625762939453,142.85606384277344,15.562576293945312,15.562576293945312,12.856063842773438,191,127,6.6583507693625235,10.413099267905922,5.651826948030727,0.3,0.1,1.0,20,40,v2.1_极低筹码非线性修正,10.485997999999997,0.5,24.0,15.0,191,6.658350769362527,6.177412869458868,10.413099267905917,9.883635418214295,13,13,145.5625762939453,0.0,145.5625762939453,15.562576293945312,15.562576293945312
110101.SH,宝钛转债,2026-07-16,2026-07-15,135.046,90.44544867656552,35.0,133.87326642780002,55.630892299568,AAA,有色金属,周期,20-50,50-300,AAA/AA+,148.5733144596829,148.5733144596829,0.0,False,False,133.53562185201818,157.3,True,6.0,220.0,9.391945527717644,2026,90-100,7.0,0.6318808198236032,0.5101281043517757,0.8571428571428571,亚科转债、金田转债、顺博转债、银邦转债、豪美转债、金25转债、恒锋转债,-0.491401980091865,-1.5495640762852334,-0.8317333492400039,0.3875968992248069,0.1428571428571428,7.028265851795257,-8.101016726795663,148.5733144596829,13.527314459682913,False,0.7,0.675,7.740595122473264,8.726685540317106,3.180100767389226,151.75341522707214,0.1036905548155517,0.0,148.5733144596829,False,156.4625355780686,0.3978636759599044,151.17733785069544,151.75341522707214,0.0078835015,2719438000.0,0.7769822857142857,3.5553480614894135,4.842983121015937,-0.4143744476699814,False,149.43966674804688,146.72067260742188,14.393666748046883,14.393666748046883,11.674672607421883,192,128,6.7047269439697255,10.446497450872409,5.7292546772956845,0.3,0.1,1.0,20,40,v2.1_极低筹码非线性修正,7.805619999999999,0.5,24.0,15.0,192,6.704726943969727,6.226293928961401,10.446497450872402,9.921637590393045,14,14,149.43966674804688,0.0,149.43966674804688,14.393666748046883,14.393666748046883
118071.SH,华峰转债,2026-07-17,2026-07-16,157.3,125.55039866714267,7.49475,846.42685026,117.42937066241,AA,电子,科技,3-10,300+,AA/AA-,200.00651988329724,157.3,-42.70651988329723,True,True,142.2623073923353,157.3,True,6.0,224.0,8.851040056743624,2026,>=120,7.0,0.7235982980485363,0.6176898052593763,1.0,珂玛转债、斯达转债、鼎龙转债、路维转债、宏微转债、国微转债、瑞可转债,-1.3895609221337426,2.1750254149461443,14.244045423375498,-24.66286221367625,0.1428571428571428,-22.283609576427253,15.991424330712988,157.3,0.0,True,0.7,0.675,8.040911452799929,0.0,-3.8686602575951263,153.43133974240487,0.9153163632981736,0.0,157.3,False,157.3,0.5955602919094171,157.3,153.43133974240487,0.0025634147,510583000.0,0.6812542112812302,2.0142027754278713,5.96641504211372,0.3869999570690279,True,157.3000030517578,157.19712829589844,3.0517578011313162e-06,3.0517578011313162e-06,-0.10287170410157387,193,129,6.744566010312094,10.47078466230008,5.796420662340267,0.3,0.1,1.0,20,40,v2.1_极低筹码非线性修正,2.3889199999999997,0.5,24.0,15.0,193,6.744566010312097,6.268611922842673,10.470784662300073,9.94999023554422,15,15,157.3000030517578,0.0,157.3,0.0,0.0
118072.SH,鼎通转债,2026-07-17,2026-07-16,148.148,71.8515370449072,9.3,423.8283081792,72.333706676582,A+,通信,科技,3-10,300+,A+/A,138.33631237462777,138.33631237462777,0.0,False,False,123.29861976696304,153.3740049822925,True,6.0,224.0,8.851040056743624,2026,<80,7.0,0.4939143717256851,0.5154528510857357,0.2857142857142857,神宇转债、中贝转债、澳弘转债、金05转债、瑞可转债、立讯转债、国微转债,2.0340256335397795,1.8772899711615336,8.8681918595265,-9.625525384171606,0.2857142857142857,-10.936814071234158,-25.46656869948568,138.33631237462777,-9.81168762537223,False,0.75,0.7,7.67319241558323,18.963687625372245,3.2969198962777213,141.6332322709055,0.8612522429652877,18.963687625372245,157.3,True,157.3,0.3904072982022526,143.88898391195758,157.3,0.0027444849,659244000.0,0.7088645161290322,2.2300144001592104,5.898161871902382,-0.44560048365440436,False,144.58120727539062,143.1566162109375,-3.566792724609371,3.566792724609371,-4.991383789062496,193,129,6.744566010312094,10.47078466230008,5.796420662340267,0.3,0.1,1.0,20,40,v2.1_极低筹码非线性修正,2.7075600000000004,0.5,24.0,15.0,193,6.744566010312097,6.268611922842673,10.470784662300073,9.94999023554422,15,15,144.58120727539062,0.0,144.58120727539062,-3.566792724609371,3.566792724609371
111025.SH,圣泉转债,2026-07-21,2026-07-20,142.472,53.19209039548022,25.0,318.7499083468,89.297135194865,AA+,基础化工,周期,20-50,300+,AAA/AA+,131.5953581591416,131.5953581591416,0.0,False,False,116.55766555147687,146.63305076680632,True,6.0,220.0,10.965231892015057,2026,<80,7.0,0.5890102883540296,0.3701775159364456,1.0,联瑞转债、回天转债、惠云转债、赛特转债、博22转债、和邦转债、聚合转债,-0.1851602907333528,1.8716410265829304,27.55570845933299,-11.084049053540134,0.2857142857142857,-24.75524475524476,-48.77584330794343,131.5953581591416,-10.876641840858412,False,0.75,0.675,7.890430716811705,25.70464184085841,-0.1630777380895658,131.43228042105204,0.0864343957918656,0.0,131.5953581591416,False,154.3661550429481,0.3645804348589458,138.6239152843168,131.43228042105204,0.0059546476,1935617000.0,0.7742467999999999,3.2188758248682006,5.12358325508796,-0.5555383143397356,False,132.79974365234375,132.0665740966797,-9.672256347656258,9.672256347656258,-10.405425903320321,191,128,6.69140386994846,10.396899160268399,5.857142103672028,0.3,0.1,1.0,20,40,v2.1_极低筹码非线性修正,5.643830000000002,0.5,24.0,15.0,191,6.691403869948463,6.210465954067014,10.396899160268392,9.866566011825332,15,15,132.79974365234375,0.0,132.79974365234375,-9.672256347656258,9.672256347656258
123275.SZ,肇民转债,2026-07-24,2026-07-23,157.3,70.62130177514794,5.9,58.0567658132,77.175144174514,AA-,汽车,制造,3-10,50-300,AA/AA-,143.4203408909476,143.4203408909476,0.0,False,True,128.65354809726026,157.3,True,6.0,223.0,9.88649484026973,2026,<80,7.0,0.7711139952297835,0.5992893916390141,1.0,上声转债、凯众转债、爱迪转债、保隆转债、维科转债、上26转债、威唐转债,1.0954132890985766,0.7525507334502323,3.5267332565805063,-0.8956306999973851,0.1428571428571428,-11.098696461824954,-26.57643801907105,143.4203408909476,-13.879659109052398,True,0.7,0.65,8.434262808854626,13.879659109052398,2.9348102002344905,146.3551510911821,0.997831582120434,13.879659109052398,157.3,True,157.3,0.5791391876605831,149.44903176701442,157.3,0.0016649046,437339300.0,0.7412530508474576,1.7749523509116738,6.39798745448858,0.3192406748815609,True,155.8096923828125,153.39370727539062,-1.4903076171875114,1.4903076171875114,-3.9062927246093864,192,129,6.706929143269856,10.39325586700578,5.886716632695161,0.3,0.1,1.0,20,40,v2.1_极低筹码非线性修正,1.526607,0.5,24.0,15.0,192,6.706929143269858,6.228496112366959,10.393255867005772,9.86556389676062,15,15,155.8096923828125,0.0,155.8096923828125,-1.4903076171875114,1.4903076171875114
113707.SH,科博转债,2026-07-31,2026-07-30,157.3,92.2958735733099,14.9074,169.82174235,33.37713792172,AA+,汽车,制造,10-20,50-300,AAA/AA+,156.5554497209922,156.5554497209922,0.0,False,True,141.78865692730483,157.3,True,6.0,220.0,11.591280549622164,2026,90-100,7.0,0.816750217128824,0.7782264057762429,1.0,中汽转债、豪26转债、爱迪转债、博俊转债、上声转债、伯25转债、凯众转债,-0.4946157972535364,0.7675274343956783,-3.9097132791009983,5.277389277389277,0.0,3.240854407070959,-3.132918682331254,156.5554497209922,-0.7445502790078251,True,0.7,0.65,9.128245764307248,0.7445502790078251,1.602974652951188,157.3,0.973793347457308,0.7445502790078251,157.3,True,157.3,0.5880119971050017,156.88380309337057,157.3,0.0012837694,1367638000.0,0.9174222198371278,2.7018577339597556,6.65795468485906,0.3557531211916253,True,157.27989196777344,157.2517547607422,-0.02010803222657387,0.02010803222657387,-0.04824523925782387,192,128,6.7104993095397925,10.39365005954511,5.926418827533722,0.3,0.1,1.0,20,40,v2.1_极低筹码非线性修正,1.2310200000000011,0.5,24.0,15.0,192,6.710499309539796,6.232066278636897,10.393650059545102,9.865979173112954,15,15,157.27989196777344,0.0,157.27989196777344,-0.02010803222657387,0.02010803222657387
123276.SZ,久吾转02,2026-08-04,2026-08-03,157.3,87.93103448275862,3.0,26.1440707584,69.520867360114,A+,环保,周期,3-10,0-50,A+/A,160.0917961567113,157.3,-2.791796156711285,True,True,142.53320720631265,157.3,True,6.0,223.0,9.9125120774198,2026,80-90,7.0,0.665392104974867,0.6368615730334187,0.7142857142857143,京源转债、严牌转债、侨银转债、海天转债、百畅转债、龙星转债、甬金转债,0.098146598380493,0.5242632047500553,1.8497050353815008,-1.4312331138176204,0.0,8.229813664596275,-11.13472163195921,157.3,0.0,True,0.7,0.65,9.165473278257638,0.0,3.4793445117866373,157.3,0.9998882267896714,0.0,157.3,False,157.3,0.6290278079926339,157.3,157.3,0.000863293,211597700.0,0.7053256666666666,1.0986122886681098,7.054756411176845,0.5280483599282302,True,157.3000030517578,157.3000030517578,3.0517578011313162e-06,3.0517578011313162e-06,3.0517578011313162e-06,189,126,6.581671620525379,10.315302454546892,5.92806394304548,0.3,0.1,1.0,20,40,v2.1_极低筹码非线性修正,0.8840230000000001,0.5,24.0,15.0,189,6.581671620525382,6.095644414528786,10.315302454546885,9.774730638833494,15,15,157.3000030517578,0.0,157.3,0.0,0.0
110102.SH,江农转债,2026-08-05,2026-08-04,157.3,99.7577519379845,11.85,88.670835,61.156253230782,AA+,基础化工,周期,10-20,50-300,AAA/AA+,170.37710406530255,157.3,-13.077104065302535,True,True,143.04476894192675,157.3,True,6.0,219.0,9.561141284925736,2026,90-100,7.0,0.6082885736721328,0.4087542520758203,0.8571428571428571,宜化转债、杭氧转债、苏利转债、华康转债、天业转债、齐翔转2、合顺转债,-0.4467670614809522,-0.6478725638309386,-0.8487346267675022,-0.5710555314388244,0.0,6.134020618556701,9.23076923076922,157.3,0.0,True,0.7,0.675,9.165473278257638,0.0,0.626323957373704,157.3,0.9975451047766556,0.0,157.3,False,157.3,0.5267518571726896,157.3,157.3,0.0035830364,848425000.0,0.7159704641350211,2.47232786758114,5.631544681626357,0.10710971261091348,True,157.3000030517578,156.19915771484375,3.0517578011313162e-06,3.0517578011313162e-06,-1.1008422851562614,189,125,6.565784254931897,10.312989840339835,5.951466733398438,0.3,0.1,1.0,20,40,v2.1_极低筹码非线性修正,3.3657500000000002,0.5,24.0,15.0,189,6.5657842549319,6.079757032788437,10.312989840339828,9.772290099046476,15,15,157.3000030517578,0.0,157.3,0.0,0.0
113708.SH,曙26转债,2026-08-06,2026-08-05,146.723,81.41243456699422,80.0,1297.052142516,74.991046397525,AAA,计算机,科技,50+,300+,AAA/AA+,151.88192030852463,151.88192030852463,0.0,False,False,137.62668925045136,157.3,True,6.0,222.0,10.266184237016724,2026,80-90,7.0,0.5531482383279013,0.4362446743060051,0.7142857142857143,鼎捷转债、浩瀚转债、卫宁转债、声迅转债、中贝转债、宏图转债、国微转债,1.4896087803873197,3.1852439974054403,-5.532729914021996,7.4047016739801075,0.4285714285714285,2.319944598337953,-9.679062659195104,151.88192030852463,5.158920308524614,False,0.7,0.675,8.250896893590236,5.418079691475384,2.777286091371977,154.65920639989662,5.740329057514413e-11,0.0,151.88192030852463,False,156.96054881158602,0.421883032299256,153.59626722563362,154.65920639989662,0.0401778365,4071021000.0,0.508877625,4.382026634673881,3.2144397662416684,-0.3150481134936429,False,151.9998321533203,146.71739196777344,5.276832153320299,5.276832153320299,-0.005608032226575688,190,125,6.531227511757296,10.285814589309538,5.951466733398438,0.3,0.1,1.0,20,40,v2.1_极低筹码非线性修正,39.289789999999996,0.5,24.0,15.0,190,6.5312275117573,6.047758311563234,10.285814589309531,9.746539619244418,15,15,151.9998321533203,0.0,151.9998321533203,5.276832153320299,5.276832153320299
118073.SH,赛斯转债,2026-08-12,2026-08-11,157.3,90.17695099818512,5.519,75.784312305,65.400200294728,AA,环保,周期,3-10,50-300,AA/AA-,163.67092432178373,157.3,-6.370924321783718,True,True,143.04476894192675,157.3,True,6.0,234.0,11.42268479239326,2026,90-100,7.0,0.6862545257960315,0.5257122805403484,1.0,严牌转债、绿茵转债、百畅转债、久吾转02、伟22转债、侨银转债、京源转债,-2.870142303097642,-3.1642207061106133,-4.3052967677525125,5.308636681612244,0.1428571428571428,5.788423153692612,4.64657101487429,157.3,0.0,True,0.65,0.675,8.508842909016467,0.0,0.4809584888417409,157.3,0.999452445242039,0.0,157.3,False,157.3,0.6559116220115756,157.3,157.3,0.001122375,443692000.0,0.8039354955607899,1.7081966844573642,6.792308303123302,0.6451275201908471,True,157.3000030517578,157.3000030517578,3.0517578011313162e-06,3.0517578011313162e-06,3.0517578011313162e-06,184,124,6.494348488849142,10.171737918942767,5.819102545953567,0.3,10.0,0.9,20,40,v2.1_极低筹码非线性修正,1.0820800000000006,0.5,24.0,15.0,184,6.494348488849144,5.955118579553982,10.171737918942755,9.573605135671585,15,15,157.3000030517578,0.0,157.3,0.0,0.0
110103.SH,申能转债,2026-08-13,2026-08-12,157.3,96.45308924485126,20.0,412.5708913968,29.652532771703,AAA,公用事业,周期,20-50,300+,AAA/AA+,156.6558880074562,156.6558880074562,0.0,False,True,142.40065694938295,157.3,True,6.0,233.0,11.131119345211973,2026,90-100,7.0,0.7282192432276153,0.5652746392159071,1.0,节能转债、燃23转债、广核转债、太能转债、天壕转债、晶科转债、蓝天转债,1.1359113474685874,1.385757858811386,4.177107268043997,-2.6114043436878065,0.4285714285714285,0.7168458781362075,1.566265060240957,156.6558880074562,-0.6441119925437988,True,0.65,0.675,7.358731045299997,0.6441119925437988,0.4838156015496638,157.13970360900586,0.4480147198915443,0.0,156.6558880074562,False,157.2841095480777,0.5589019977099002,156.92588461699245,157.13970360900586,0.0057065953,1422541000.0,0.7112705,2.995732273553991,5.166132702855971,0.23670706245625286,True,156.40771484375,154.81924438476562,-0.8922851562500114,0.8922851562500114,-2.4807556152343864,185,124,6.4592439189189195,10.144209484383424,5.819102545953567,0.3,10.0,0.9,20,40,v2.1_极低筹码非线性修正,5.77459,0.5,24.0,15.0,185,6.4592439189189195,5.922928749394231,10.144209484383413,9.547695466687335,15,15,156.40771484375,0.0,156.40771484375,-0.8922851562500114,0.8922851562500114
118074.SH,特宝转债,2026-08-13,2026-08-12,157.3,101.36612021857924,15.33266,242.301275328,47.628960518086,AA+,医药生物,消费,10-20,50-300,AAA/AA+,167.78203519938543,157.3,-10.482035199385422,True,True,143.04476894192675,157.3,True,6.0,233.0,11.131119345211973,2026,100-110,7.0,0.7457398142648083,0.5830465311166709,1.0,华海转债、九强转债、百洋转债、大参转债、康泰转2、益丰转债、漱玉转债,1.0191626394150175,0.4560959399554219,2.801196608614994,0.2402722815737279,0.2857142857142857,3.0555555555555447,1.522148110141952,157.3,0.0,True,0.65,0.675,6.611584007186646,0.0,0.6611924011646554,157.3,0.9583082833363092,0.0,157.3,False,157.3,0.6781050212887625,157.3,157.3,0.0010241693,1430778000.0,0.9331570647232769,2.729985193813301,6.883873433999405,0.7450768353265925,True,157.3000030517578,157.3000030517578,3.0517578011313162e-06,3.0517578011313162e-06,3.0517578011313162e-06,185,124,6.4592439189189195,10.144209484383424,5.819102545953567,0.3,10.0,0.9,20,40,v2.1_极低筹码非线性修正,1.0248800000000018,0.5,24.0,15.0,185,6.4592439189189195,5.922928749394231,10.144209484383413,9.547695466687335,15,15,157.3000030517578,0.0,157.3,0.0,0.0
127115.SZ,炬申转债,2026-08-13,2026-08-12,157.3,99.63662790697676,3.8,22.853351181,69.333453688634,AA-,交通运输,周期,3-10,0-50,AA/AA-,170.15398249048633,157.3,-12.853982490486317,True,True,143.04476894192675,157.3,True,6.0,233.0,11.131119345211973,2026,90-100,7.0,0.5319582971624304,0.4306070982197897,0.5714285714285714,盛航转债、嘉诚转债、南航转债、贵燃转债、蓝天转债、韵达转债、苏利转债,0.6958565509910138,0.6550041031986007,2.578148167881998,-0.7073932742301725,0.2857142857142857,4.736440030557687,-3.991596638655448,157.3,0.0,True,0.65,0.675,5.904582552908908,0.0,1.7895031474460672,157.3,0.999842835172644,0.0,157.3,False,157.3,0.7031748000900829,157.3,157.3,0.0003411438,345696900.0,0.9097286842105263,1.33500106673234,7.983206468691819,0.8624620966336376,True,157.3000030517578,157.3000030517578,3.0517578011313162e-06,3.0517578011313162e-06,3.0517578011313162e-06,185,124,6.4592439189189195,10.144209484383424,5.819102545953567,0.3,10.0,0.9,20,40,v2.1_极低筹码非线性修正,0.3430309999999999,0.5,24.0,15.0,185,6.4592439189189195,5.922928749394231,10.144209484383413,9.547695466687335,15,15,157.3000030517578,9.042894631954614,157.3,0.0,0.0
123277.SZ,玉禾转债,2026-08-14,2026-08-13,157.3,101.46788990825688,15.0,66.1264128,57.267581985181,AA,环保,周期,10-20,50-300,AA/AA-,168.09205993459548,157.3,-10.792059934595471,True,True,143.04476894192675,157.3,True,6.0,234.0,9.205436839335068,2026,100-110,7.0,0.6293828355224018,0.436481681142974,1.0,伟22转债、绿动转债、百畅转债、侨银转债、绿茵转债、海天转债、京源转债,0.2910124038142947,-4.308247468008272,-0.7225411400499695,0.0,0.0,0.6674757281553312,-1.073345259391767,157.3,0.0,True,0.7,0.675,5.519009505946395,0.0,1.8463061585653304,157.3,0.9959110402023909,0.0,157.3,False,157.3,0.5795147004393417,157.3,157.3,0.0025136241,1233987100.0,0.8226580666666667,2.70805020110221,5.986029702666742,0.32078151053740206,True,157.17584228515625,156.96725463867188,-0.12415771484376137,0.12415771484376137,-0.33274536132813637,188,124,6.3609171077647115,10.06315657153984,5.819102545953567,0.3,10.0,0.9,20,40,v2.1_极低筹码非线性修正,2.6601289999999986,0.5,24.0,15.0,188,6.3609171077647115,5.833160126564802,10.06315657153983,9.471434260519223,15,15,157.17584228515625,0.0,157.17584228515625,-0.12415771484376137,0.12415771484376137
113709.SH,振26转债,2026-08-17,2026-08-14,157.3,82.32085296305482,8.78,250.834434128,82.342305479831,AA,基础化工,周期,3-10,50-300,AA/AA-,153.303495807301,153.303495807301,0.0,False,True,139.04826474922774,157.3,True,6.0,227.0,8.27974022372608,2026,80-90,7.0,0.6998822104217883,0.5198533040539919,1.0,三江转债、回天转债、龙星转债、蓝晓转02、双乐转债、杭氧转债、聚隆转债,0.4106031500915336,-2.1397663306361365,1.6254828952195055,0.4653040889677218,0.1428571428571428,0.60606060606061,2.4691358024691468,153.303495807301,-3.996504192699007,True,0.7,0.675,5.519009505946395,3.996504192699007,0.492421225770398,153.7959170330714,0.9962693112048197,3.996504192699007,157.3,True,157.3,0.5740615981211811,155.0241754951201,157.3,0.0019518252,677516000.0,0.7716583143507972,2.172476407647025,6.238990344181332,0.2984419650761291,True,157.03285217285156,156.58546447753906,-0.26714782714844887,0.26714782714844887,-0.7145355224609489,180,117,5.771129710218641,9.387458185441298,5.19220767603165,0.3,0.1,1.0,20,40,v2.1_极低筹码非线性修正,2.00484,0.5,24.0,15.0,180,5.771129710218642,5.2789317394917985,9.387458185441288,8.779185050007554,10,10,157.03285217285156,0.0,157.03285217285156,-0.26714782714844887,0.26714782714844887
123278.SZ,合金转债,2026-08-18,2026-08-17,157.3,107.725321888412,5.45,65.155584,48.942685217964,AA-,有色金属,周期,3-10,50-300,AA/AA-,171.37571082273035,157.3,-14.075710822730343,True,True,143.04476894192675,157.3,True,6.0,231.0,7.2156958169126115,2026,100-110,7.0,0.6575597898679018,0.4754903264069699,1.0,金田转债、银邦转债、丽岛转债、顺博转债、亚科转债、金25转债、宝钛转债,-0.0121014288381043,0.9353665271557676,1.109886409744,-0.8538883055516311,0.0,1.482479784366575,19.71383147853736,157.3,0.0,True,0.7,0.675,4.922961115900151,0.0,-1.964169153843788,155.33583084615623,0.999670609458564,0.0,157.3,False,157.3,0.6654328005400859,157.3,155.33583084615623,0.0006738268,475903700.0,0.8732177981651377,1.6956156086751528,7.30253745336903,0.6875999022011497,True,157.3000030517578,157.3000030517578,3.0517578011313162e-06,3.0517578011313162e-06,3.0517578011313162e-06,180,117,5.755295495266383,9.384603401625606,5.19220767603165,0.3,0.1,1.0,20,40,v2.1_极低筹码非线性修正,0.6909629999999998,0.5,24.0,15.0,180,5.7552954952663855,5.263097524539543,9.384603401625595,8.776132403551705,10,10,157.3000030517578,0.0,157.3,0.0,0.0
123279.SZ,天脉转债,2026-08-18,2026-08-17,157.3,114.86926270901134,7.86,355.230144,112.46007646687,AA,电子,科技,3-10,300+,AA/AA-,196.6864773950468,157.3,-39.3864773950468,True,True,143.36826689564714,157.3,True,6.0,231.0,7.2156958169126115,2026,110-120,7.0,0.7380710816096478,0.6117257923555386,1.0,本川转债、珂玛转债、统联转债、华峰转债、颀中转债、国力转债、艾为转债,-2.191789525611904,-6.159915042940704,-13.67482752015902,3.80772751126196,0.0,24.062702003878456,35.51632833186231,157.3,0.0,True,0.75,0.7,4.36790241738766,0.0,1.4859987487513724,157.3,0.9991099858536288,0.0,157.3,False,157.3,0.7327661662785927,157.3,157.3,0.0015223584,625955100.0,0.796380534351145,2.061786606441115,6.487494567631557,1.0087025849673703,True,157.3000030517578,157.3000030517578,3.0517578011313162e-06,3.0517578011313162e-06,3.0517578011313162e-06,180,117,5.755295495266383,9.384603401625606,5.19220767603165,0.3,0.1,1.0,20,40,v2.1_极低筹码非线性修正,1.6004490000000005,0.5,24.0,15.0,180,5.7552954952663855,5.263097524539543,9.384603401625595,8.776132403551705,10,10,157.3000030517578,0.0,157.3,0.0,0.0
118075.SH,奥普转债,2026-08-19,2026-08-18,157.3,82.38352329534094,12.7,151.08302238,66.845906814009,AA,机械设备,制造,10-20,50-300,AA/AA-,150.43083853450813,150.43083853450813,0.0,False,True,136.83305514495132,157.3,True,6.0,236.0,7.697013952048499,2026,80-90,7.0,0.7677607096910544,0.7712019542256955,1.0,昌红转债、金帝转债、应流转债、天准转债、集智转债、精测转2、泰坦转债,-1.3879388357482376,-3.404527694218769,-7.097056420718491,6.796358525921487,0.1428571428571428,6.359177351346701,2.708991191623733,150.43083853450813,-6.869161465491885,True,0.75,0.7,4.1625296391756805,6.869161465491885,1.763948051832342,152.19478658634046,0.994180859221911,6.869161465491885,157.3,True,157.3,0.6715862498885122,153.8907643258744,157.3,0.0014819851,1113307000.0,0.8766196850393702,2.5416019934645457,6.51437280613989,0.7153682046192965,True,157.10580444335938,156.5277099609375,-0.19419555664063637,0.19419555664063637,-0.7722900390625114,179,114,5.659239398295652,9.326894848402484,5.12753469420316,0.3,0.1,1.0,20,40,v2.1_极低筹码非线性修正,1.566929999999999,0.5,24.0,15.0,179,5.659239398295654,5.164291684137289,9.326894848402473,8.71085260226497,9,9,157.10580444335938,0.0,157.10580444335938,-0.19419555664063637,0.19419555664063637
123280.SZ,三鑫转债,2026-08-19,2026-08-18,157.3,104.21810699588478,5.3,52.8871370575,32.070625836547,AA-,医药生物,消费,3-10,50-300,AA/AA-,163.68448839615948,157.3,-6.384488396159469,True,True,143.7022166104432,157.3,True,6.0,236.0,7.697013952048499,2026,100-110,7.0,0.7023358259099198,0.4907131058425324,1.0,山河转债、东亚转债、九强转债、万孚转债、百洋转债、南药转债、奥锐转债,0.0438469518798251,0.8531761383347811,0.7420390641575061,0.5001813091123353,0.1428571428571428,7.995735607675902,7.880724174653886,157.3,0.0,True,0.75,0.725,4.505987712450275,0.0,0.4969845544126867,157.3,0.9997524801581932,0.0,157.3,False,157.3,0.7094240788351767,157.3,157.3,0.0007459088,451758600.0,0.852374716981132,1.667706820558076,7.200907217244623,0.8925885956301415,True,157.3000030517578,157.3000030517578,3.0517578011313162e-06,3.0517578011313162e-06,3.0517578011313162e-06,179,114,5.659239398295652,9.326894848402484,5.12753469420316,0.3,0.1,1.0,20,40,v2.1_极低筹码非线性修正,0.7824140000000005,0.5,24.0,15.0,179,5.659239398295654,5.164291684137289,9.326894848402473,8.71085260226497,9,9,157.3000030517578,0.0,157.3,0.0,0.0
123281.SZ,中仑转债,2026-08-24,2026-08-21,157.3,97.09072978303747,10.68,78.761969,36.291710165232,AA-,基础化工,周期,,,,,,,,,,,,,,,2026,,,,,,,,,,,,,,156.99959160416728,,True,0.75,,,,,,,,,,,0.7466458433540214,157.16781561421016,,0.0010230912,955010800.0,0.8942048689138576,2.3683728335320486,6.884926646426116,1.0808026289059254,True,157.29762268066406,157.29425048828125,-0.0023773193359488687,0.0023773193359488687,-0.005749511718761369,178,112,5.547688285570465,9.2594376085849,5.135177286420549,0.3,0.1,1.0,20,40,v2.1_极低筹码非线性修正,1.1298920000000003,0.5,24.0,15.0,178,5.547688285570468,5.049959949131674,9.25943760858489,8.63497210910419,9,9,157.29762268066406,0.0,157.29762268066406,-0.0023773193359488687,0.0023773193359488687
