转债代码,转债名称,上市日期,预测信息日,实际上市收盘价,上市前一日平价,发行规模亿元,正股市值亿元,正股20日波动率,债项评级,申万行业,板块,余额组,市值组,评级组,模型合理价值,规则映射后预测价,规则调整额,预测触及上限,实际触及上限,预测区间下限_80pct,预测区间上限_80pct,区间覆盖,有效分组数,全市场样本数_1日,全市场训练RMSE_1日,年份,平价分组,自动同类样本数,自动同类平均得分,自动同类平均相关系数,自动同类同行业占比,自动同类券,同类残差收益5日_pct,同类残差收益10日_pct,同类溢价变化5日_pct,同类正股超额5日_pct,同类高热度占比,目标正股5日收益_pct,目标正股20日收益_pct,基础预测价,基础预测误差,实际触及157.30,近期20只新券触顶率,近期40只新券触顶率,近期20只基础MAE,距涨幅上限空间,连续题材修正额,连续题材修正预测价,极端状态概率,极端状态修正额,自动题材修正预测价,是否启动极端修正,tmp,动态相似新券触顶率,动态相似新券预测价,组合保护预测价,网上中签率,原股东配售金额元,原股东配售率,ln发行规模,中签热度,相似概率logit,实际触顶
118010.SH,洁特转债,2022-08-02,2022-08-01,125.135,89.96475222890318,4.4,60.903575124,25.907489603852,A+,医药生物,消费,3-10,50-300,A+/A,127.05641250615275,127.05641250615275,0.0,False,False,117.46255282890888,136.65027218339662,True,6.0,320.0,8.266841173967933,2022.0,80-90,7.0,0.6736516522803973,0.5209097696382763,1.0,美诺转债、润达转债、同和转债、科华转债、大参转债、健友转债、正川转债,-0.1261392701346003,-1.1157012706347291,0.6278869975442003,-2.373830648610531,0.1428571428571428,1.7112048757618403,-8.825383483925197,127.05641250615275,1.9214125061527485,False,,,7.817087189654808,30.24358749384725,2.8136099051654178,129.87002241131816,0.0318619272032644,0.0,127.05641250615275,False,127.05641250615275,,127.05641250615275,129.87002241131816,0.0012693291,289074000.0,,1.4816045409242156,6.669266785810723,,False
118011.SH,银微转债,2022-08-02,2022-08-01,128.07,94.9921752738654,5.0,38.9694,45.207870336224,A+,电子,科技,3-10,0-50,A+/A,132.64595442658307,132.64595442658307,0.0,False,False,123.0520947493392,142.23981410382694,True,6.0,320.0,8.266841173967933,2022.0,90-100,7.0,0.7432934216987049,0.5640709026189946,1.0,世运转债、洁美转债、明电转债、兴森转债、利德转债、环旭转债、闻泰转债,-2.320395286784706,-1.846023519659656,-7.754519559526793,6.99418626825985,0.1428571428571428,7.016925246826533,2.2918773171553664,132.64595442658307,4.575954426583081,False,,,7.580699092158133,24.654045573416937,1.5752235386057332,134.22117796518882,0.1133345317852732,0.0,132.64595442658307,False,132.64595442658307,,132.64595442658307,134.22117796518882,0.0018293582,283244000.0,,1.6094379124341003,6.30379008402459,,False
127066.SZ,科利转债,2022-08-03,2022-08-02,133.52,99.15280828365232,15.343705,369.86512458,55.684446206424,AA,电力设备,制造,10-20,300+,AA/AA-,131.6734442859251,131.6734442859251,0.0,False,False,122.07958460868122,141.26730396316896,True,6.0,320.0,7.559083051182042,2022.0,90-100,7.0,0.6419252374205039,0.3993407501902993,1.0,天奈转债、嘉元转债、海优转债、恩捷转债、宏发转债、锦浪转债、隆22转债,0.5890324799298609,0.7251969466771014,-0.3244518079605019,2.98884413823185,0.2857142857142857,1.5032763715790765,-0.9404388714733593,131.6734442859251,-1.846555714074924,False,,,7.569949570926338,25.626555714074925,0.885248520071483,132.55869280599657,0.0005056399630964,0.0,131.6734442859251,False,131.6734442859251,,131.6734442859251,132.55869280599657,0.0037950854,1088607700.0,,2.7307052922002693,5.574048365093931,,False
123152.SZ,润禾转债,2022-08-11,2022-08-10,157.3,141.64673727365903,2.9235,52.604448,97.349188019236,A+,基础化工,周期,0-3,50-300,A+/A,177.64102935815967,157.3,-20.34102935815966,True,True,147.70614032275614,157.3,True,6.0,321.0,9.403936298889343,2022.0,>=120,7.0,0.6426213960688748,0.4381159652568077,1.0,鸿达转债、杭氧转债、锦鸡转债、华通转债、川恒转债、道恩转债、兄弟转债,-0.1725487491564398,0.5679829731179102,0.3800676080600027,0.6889564336372667,0.2857142857142857,27.76579352850539,46.55355249204667,157.3,0.0,True,,,7.258306933207359,0.0,-2.539370719952621,154.7606292800474,0.9724083122805915,0.0,157.3,False,157.3,,157.3,154.7606292800474,0.000604878,218408000.0,,1.0727815286335882,7.4104837731606725,,True
123153.SZ,英力转债,2022-08-11,2022-08-10,143.0,94.0748440748441,3.4,23.892,44.482884552989,A+,电子,科技,3-10,0-50,A+/A,137.28133954862005,137.28133954862005,0.0,False,False,127.68747987137618,146.87519922586392,True,6.0,321.0,9.403936298889343,2022.0,90-100,7.0,0.6779899157877309,0.4597044497848415,1.0,利德转债、晨丰转债、超声转债、捷捷转债、长信转债、胜蓝转债、洁美转债,-0.3820458451171106,-1.524019554351138,-1.323043136577997,3.3667743962653818,0.0,8.44817255841821,-5.778240499739717,137.28133954862005,-5.718660451379947,False,,,7.113895987876603,20.01866045137996,2.619398618129619,139.90073816674968,0.3120095447845772,0.0,137.28133954862005,False,137.28133954862005,,137.28133954862005,139.90073816674968,0.0004853285,280716600.0,,1.2237754316221157,7.6306845767165505,,False
113061.SH,拓普转债,2022-08-12,2022-08-11,147.467,112.14625945643036,25.0,882.188280886,47.239105576876,AA+,汽车,制造,20-50,300+,AAA/AA+,139.85365448560424,139.85365448560424,0.0,False,False,130.25979480836037,149.4475141628481,True,6.0,325.0,8.503188482077482,2022.0,110-120,7.0,0.6889517219691124,0.5825916200706744,1.0,伯特转债、升21转债、亚太转债、今飞转债、文灿转债、银轮转债、美力转债,-0.6617709705927517,-1.5268989109225268,0.3024305563272484,-1.6484937472365235,0.1428571428571428,-2.031575082609227,1.870705013998464,139.85365448560424,-7.613345514395775,False,,,7.1976673040642085,17.446345514395773,0.5672816424783286,140.42093612808256,1.3598601740764848e-06,0.0,139.85365448560424,False,139.85365448560424,,139.85365448560424,140.42093612808256,0.0026421752,2200550000.0,,3.2188758248682006,5.9361527616817,,False
113652.SH,伟22转债,2022-08-12,2022-08-11,128.238,82.16133942161339,14.77,457.268204757,56.296086560565,AA,环保,周期,10-20,300+,AA/AA-,120.87345975070862,120.87345975070862,0.0,False,False,111.27960007346476,130.46731942795248,True,6.0,325.0,8.503188482077482,2022.0,80-90,7.0,0.6377633945423593,0.3855184598717392,1.0,迪龙转债、国祯转债、海环转债、龙净转债、中环转2、绿动转债、盈峰转债,1.275937102407636,1.711588402030043,2.593694429016004,-2.402104536829386,0.4285714285714285,-9.490274983232736,-8.90988862639217,120.87345975070862,-7.36454024929138,False,,,7.024183779343704,36.42654024929139,1.0019444814989151,121.87540423220752,5.588737822986454e-05,0.0,120.87345975070862,False,120.87345975070862,,120.87345975070862,121.87540423220752,0.0008412999,1379320000.0,,2.6925980965432883,7.080562362271177,,False
118014.SH,高测转债,2022-08-12,2022-08-11,142.034,101.22627048697086,4.833,195.67220456,53.196703860791,A+,电力设备,制造,3-10,50-300,A+/A,137.16882007746682,137.16882007746682,0.0,False,False,127.57496040022296,146.7626797547107,True,6.0,325.0,8.503188482077482,2022.0,100-110,7.0,0.6242925330155653,0.4030204292908134,1.0,海优转债、天奈转债、隆22转债、帝尔转债、上22转债、福莱转债、科利转债,0.5103165384101129,1.8117782858970304,0.7998786463679988,2.831537575859677,0.4285714285714285,8.9881934746731,-1.333180094242048,137.16882007746682,-4.865179922533173,False,,,7.06013365359983,20.131179922533192,1.5625912937752635,138.73141137124207,0.0826509333396171,0.0,137.16882007746682,False,137.16882007746682,,137.16882007746682,138.73141137124207,0.001308512,335395000.0,,1.575467392862947,6.638864665229859,,False
113651.SH,松霖转债,2022-08-17,2022-08-16,149.127,91.31483715319663,6.1,60.7128925012,30.279176415418,AA,轻工制造,制造,3-10,50-300,AA/AA-,129.482620170946,129.482620170946,0.0,False,False,119.88876049370214,139.07647984818988,False,6.0,331.0,8.549907690333391,2022.0,90-100,7.0,0.7723168683255087,0.6474526797924531,1.0,嘉美转债、翔港转债、景兴转债、东风转债、鹰19转债、山鹰转债、合兴转债,-0.6180677699519009,0.5336833840916988,-0.5071603291744999,0.6628975295437822,0.0,0.3978779840848823,-12.027890761185356,129.482620170946,-19.644379829054003,False,0.125,,7.247092928455098,27.817379829054005,2.528109536618682,132.01072970756468,0.0415268926308396,0.0,129.482620170946,False,129.482620170946,,129.482620170946,132.01072970756468,0.0003775006,566127000.0,,1.8082887711792655,7.881938399872484,,False
118015.SH,芯海转债,2022-08-18,2022-08-17,143.543,98.32142857142856,4.1,76.9994465604,62.79855829368,A+,电子,科技,3-10,50-300,A+/A,140.17969664507677,140.17969664507677,0.0,False,False,129.97408763776627,150.38530565238727,True,6.0,332.0,8.494588216480093,2022.0,90-100,7.0,0.8127728338188643,0.7161685525255808,1.0,洁美转债、银微转债、捷捷转债、利德转债、富瀚转债、聚飞转债、明电转债,0.8720294489931603,0.6661317583334146,1.726967494558501,-3.54075694204622,0.0,-4.343293954134819,1.981848490461191,140.17969664507677,-3.3633033549232323,False,0.1111111111111111,,8.190929238152505,17.120303354923237,0.545289239241491,140.72498588431827,0.3749960242177724,0.0,140.17969664507677,False,140.17969664507677,,140.17969664507677,140.72498588431827,0.0011987649,263793000.0,,1.410986973710262,6.7264635022296915,,False
127067.SZ,恒逸转2,2022-08-18,2022-08-17,119.94,88.09523809523809,30.0,339.1309587375,31.811816521845,AA+,石油石化,周期,20-50,300+,AAA/AA+,123.29827575430951,123.29827575430951,0.0,False,False,113.09266674699904,133.50388476162,True,6.0,332.0,8.494588216480093,2022.0,80-90,7.0,0.5829355576608198,0.6768139841613994,0.2857142857142857,恒逸转债、齐翔转2、凤21转债、美锦转债、岩土转债、金能转债、北港转债,-0.0363049855565053,0.2513935194649064,0.0104502386844984,1.0449918502243083,0.1428571428571428,0.5434782608695787,-5.900305188199395,123.29827575430951,3.358275754309517,False,0.1,,8.316708747643926,34.0017242456905,1.6558581695602428,124.95413392386976,1.649235478151736e-06,0.0,123.29827575430951,False,123.29827575430951,,123.29827575430951,124.95413392386976,0.0037309199,2545343400.0,,3.4011973816621555,5.591100453748701,,False
123154.SZ,火星转债,2022-08-23,2022-08-22,129.0,88.17577334489735,5.28999,123.525,31.181651858819,AA-,家用电器,消费,3-10,50-300,AA/AA-,127.2803946142706,127.2803946142706,0.0,False,False,117.07478560696012,137.4860036215811,True,6.0,336.0,8.392766108122354,2022.0,80-90,7.0,0.5633208482618812,0.402741511816428,0.7142857142857143,荣泰转债、科沃转债、朗科转债、奇精转债、宏辉转债、华翔转债、奇正转债,0.9637581137792396,-0.7228738613390341,1.6505981112970076,-0.0775472485129991,0.4285714285714285,-2.7423469387755084,-11.15642295368482,127.2803946142706,-1.7196053857293947,False,0.0909090909090909,,8.285444002217377,30.01960538572941,2.1568977281610247,129.43729234243162,0.0154519736382453,0.0,127.2803946142706,False,127.2803946142706,,127.2803946142706,129.43729234243162,0.0012205729,386354800.0,,1.665816355509253,6.7084349402959935,,False
118016.SH,京源转债,2022-08-25,2022-08-24,124.964,92.24694903086863,3.325,13.78721475,46.970148833366,A,环保,周期,3-10,0-50,A+/A,131.73629245837373,131.73629245837373,0.0,False,False,121.53068345106324,141.94190146568425,True,6.0,336.0,7.305830902028815,2022.0,90-100,7.0,0.5703690011744647,0.2363055572004241,1.0,海环转债、中环转2、惠城转债、龙净转债、绿茵转债、国祯转债、维尔转债,0.882685591923749,0.9060408379003786,0.1764736224880003,2.211442431159938,0.1428571428571428,-2.7252081756245383,-9.887798036465645,131.73629245837373,6.772292458373727,False,0.0833333333333333,0.0833333333333333,7.6855767154186365,25.56370754162629,1.7179435968892576,133.45423605526298,0.1581928464234227,0.0,131.73629245837373,False,134.43523052131204,0.0434865090467391,132.57004975783158,133.45423605526298,0.000842649,234237000.0,,1.2014696741078175,7.078960056775282,-3.090844140144121,False
113653.SH,永22转债,2022-08-26,2022-08-25,126.464,103.31965684446102,7.7,52.942974267,52.560853721935,AA-,基础化工,周期,3-10,50-300,AA/AA-,135.23263510652953,135.23263510652953,0.0,False,False,125.02702609921904,145.43824411384003,True,6.0,340.0,7.80665016618814,2022.0,100-110,7.0,0.6829712435313734,0.4814352975090908,1.0,裕兴转债、国光转债、博22转债、金能转债、元力转债、利尔转债、嘉澳转债,0.0081546242843266,-0.7691269643196043,-0.3847111993504004,0.3169400862092275,0.1428571428571428,-6.4189189189189255,0.6540697674418672,135.23263510652953,8.76863510652953,False,0.0769230769230769,0.0769230769230769,7.838113805659281,22.067364893470483,0.0864239632092055,135.31905906973873,0.0698190637469851,0.0,135.23263510652953,False,137.90366135129233,0.0351867628311854,135.81499445764135,135.31905906973873,0.001077566,644950000.0,,2.0412203288596382,6.833050484962022,-3.311264590050677,False
118017.SH,深科转债,2022-08-29,2022-08-26,130.362,102.96101949025488,3.6,22.261688,113.97672424296,A+,机械设备,制造,3-10,0-50,A+/A,142.04215464098596,142.04215464098596,0.0,False,False,131.83654563367546,152.24776364829646,False,6.0,338.0,7.012027701224104,2022.0,100-110,7.0,0.6769523696372216,0.4863309163568249,1.0,锋龙转债、耐普转债、万讯转债、百达转债、三超转债、昌红转债、华锐转债,0.2260832429624438,2.5128970298077906,3.9465454428839983,-6.343581471886861,0.4285714285714285,-12.7936507936508,3.6212749905695896,142.04215464098596,11.68015464098596,False,0.0714285714285714,0.0714285714285714,7.811651866774343,15.257845359014055,-1.2582173084840236,140.78393733250192,0.7777509516623644,15.257845359014055,157.3,True,144.15561406135035,0.0847987139731758,143.01253888932044,157.3,0.0007162703,276376000.0,,1.2809338454620642,7.241452948277616,-2.378863648539,False
123155.SZ,中陆转债,2022-08-31,2022-08-30,119.0,76.06918238993711,3.6,24.19,54.945335212559,A+,电力设备,制造,3-10,0-50,A+/A,120.63483371906402,120.63483371906402,0.0,False,False,109.43238998382212,131.83727745430593,True,6.0,340.0,5.528314068709952,2022.0,<80,7.0,0.7241502654354764,0.6098121985244143,1.0,海优转债、宏丰转债、精达转债、杭电转债、起帆转债、西子转债、红相转债,0.5325239214329563,0.2324862233691431,3.026078723644801,-6.349052957093148,0.2857142857142857,-10.37421267135975,-17.999999999999993,120.63483371906402,1.6348337190640194,False,0.0666666666666666,0.0666666666666666,6.998024922403909,36.66516628093599,2.7924792865691463,123.42731300563317,0.0296190066077635,0.0,120.63483371906402,False,123.00430865966588,0.0373720373738445,121.66252269249104,123.42731300563317,0.000730707,274113700.0,,1.2809338454620642,7.221497999358055,-3.248744244528567,False
113654.SH,永02转债,2022-09-01,2022-08-31,120.543,86.42501776830134,6.10547,59.3956186176,34.914846882735,AA-,机械设备,制造,3-10,50-300,AA/AA-,123.26126540171956,123.26126540171956,0.0,False,False,112.05882166647766,134.46370913696146,True,6.0,335.0,7.127565610831929,2022.0,80-90,7.0,0.6766422965296618,0.4690752131561045,1.0,精测转债、艾迪转债、沪工转债、华锐转债、耐普转债、大族转债、XD法兰转,1.6486663232867251,3.1355612992228763,4.631964249353999,-1.594689363322943,0.4285714285714285,-5.882352941176472,-13.142857142857146,123.26126540171956,2.718265401719549,False,0.0625,0.0625,6.957724003174103,34.038734598280456,1.44367904602947,124.70494444774904,0.0101968071761556,0.0,123.26126540171956,False,125.17429727249052,0.0268094105858371,123.94568421047028,124.70494444774904,0.001553915,440810000.0,,1.8091850906763782,6.466977726087345,-3.5918269739841633,False
113655.SH,欧22转债,2022-09-01,2022-08-31,131.664,104.01721664275468,20.0,794.94329214,47.253601725312,AA,轻工制造,制造,20-50,300+,AA/AA-,133.02018290417163,133.02018290417163,0.0,False,False,121.81773916892972,144.22262663941353,True,6.0,335.0,7.127565610831929,2022.0,100-110,7.0,0.5240812674193946,0.1165038432082373,1.0,江山转债、乐歌转债、帝欧转债、景兴转债、鹰19转债、山鹰转债、鹤21转债,-1.5700480872614817,-0.8214461605709673,-3.179656912731005,2.1273245906497595,0.0,12.4031007751938,12.665112665112677,133.02018290417163,1.3561829041716464,False,0.0588235294117647,0.0588235294117647,5.128347498977537,24.279817095828378,0.6532842912063157,133.67346719537795,2.957498332565273e-06,0.0,133.02018290417163,False,134.55182166368962,0.0306394054561347,133.57812227447155,133.67346719537795,0.0018188038,1787113000.0,,2.995732273553991,6.3095762467259595,-3.454349732748597,False
123156.SZ,博汇转债,2022-09-02,2022-09-01,120.52,90.69767441860463,3.97,23.99124,43.020470349967,A+,石油石化,周期,3-10,0-50,A+/A,125.71171789604702,125.71171789604702,0.0,False,False,115.8985064684293,135.52492932366474,True,6.0,336.0,5.544973785545913,2022.0,90-100,7.0,0.5498149176730348,0.4517975126499879,0.5714285714285714,恒逸转2、恒逸转债、齐翔转2、彤程转债、盛虹转债、中金转债、凌钢转债,-0.1872847860229423,-1.220395611630912,-0.2614519743190033,0.762721543646222,0.1428571428571428,-3.3286118980169865,-0.5826656955571718,125.71171789604702,5.191717896047024,False,0.0555555555555555,0.0555555555555555,5.014909343784462,31.58828210395299,0.5428936327196481,126.25461152876667,0.0455593275638174,0.0,125.71171789604702,False,127.48615979485012,0.0227149921250781,126.24986358047406,126.25461152876667,0.0005573422,332959100.0,,1.3787660946990992,7.492331144023376,-3.761753174348545,False
127068.SZ,顺博转债,2022-09-07,2022-09-06,125.4,81.25305922662753,8.3,72.874,50.670879911386,AA-,有色金属,周期,3-10,50-300,AA/AA-,120.99207482565131,120.99207482565131,0.0,False,False,111.1788633980336,130.80528625326903,True,6.0,339.0,6.747755591311452,2022.0,80-90,7.0,0.7129598379150304,0.5940087982174098,1.0,新星转债、豪美转债、万顺转2、万顺转债、金田转债、国城转债、楚江转债,1.4785024786590075,0.0121518656684078,2.0531538281340005,0.4000000000000003,0.2857142857142857,1.3431013431013603,-15.736040609137047,120.99207482565131,-4.407925174348691,False,0.0526315789473684,0.0526315789473684,5.051347478692162,36.307925174348696,3.30500666506697,124.29708149071828,0.0052484066633363,0.0,120.99207482565131,False,122.7554535377505,0.0240875700966326,121.64800209517662,124.29708149071828,0.000741748,742501600.0,,2.1162555148025524,7.206500995123234,-3.701676915108441,False
127069.SZ,小熊转债,2022-09-07,2022-09-06,132.56,94.29657794676808,5.36,81.2448,34.980701800964,AA-,家用电器,消费,3-10,50-300,AA/AA-,127.54693129613348,127.54693129613348,0.0,False,False,117.73371986851576,137.3601427237512,True,6.0,339.0,6.747755591311452,2022.0,90-100,7.0,0.5499712092651942,0.2765824025022941,0.8571428571428571,火星转债、奥佳转债、荣泰转债、科沃转债、奇精转债、朗科转债、健友转债,1.2481250947742129,2.255397662306233,4.535243233109,-3.326362625139057,0.2857142857142857,0.1731102135025919,2.2379269729092988,127.54693129613348,-5.013068703866523,False,0.05,0.05,5.226061020483366,29.75306870386653,0.2839765585585583,127.83090785469204,0.0199465110319562,0.0,127.54693129613348,False,128.8280532989375,0.0180781328841431,127.95034124343812,127.83090785469204,0.000572555,468428000.0,,1.6789639750827108,7.465401757281298,-3.9948086601848645,False
118018.SH,瑞科转债,2022-09-14,2022-09-13,121.262,81.95610071013557,4.3,45.702,51.080723627776,A+,基础化工,周期,3-10,0-50,A+/A,123.09991054581457,123.09991054581457,0.0,False,False,113.28669911819684,132.91312197343228,True,6.0,349.0,7.303300709394837,2022.0,80-90,7.0,0.7876499022578262,0.6504332461099936,1.0,道恩转债、正丹转债、双箭转债、元力转债、裕兴转债、锦鸡转债、永22转债,1.210263317244524,3.155386808794089,2.483621992523993,-1.4337575624170371,0.5714285714285714,2.2965350523771244,-18.333869411386296,123.09991054581457,1.837910545814566,False,0.05,0.0476190476190476,5.380643830369055,34.200089454185445,3.671422638638772,126.77133318445334,0.0256567299622429,0.0,123.09991054581457,False,124.89924723181336,0.0187779346821134,123.5815658302344,126.77133318445334,0.0017053137,237185000.0,,1.4586150226995167,6.374006196900628,-3.9561163068213987,False
127071.SZ,天箭转债,2022-09-19,2022-09-16,119.016,83.2234983995481,4.95,68.68340234600001,29.869862297347,AA+,国防军工,科技,3-10,50-300,AAA/AA+,121.87055077353,121.87055077353,0.0,False,False,112.05733934591228,131.68376220114772,True,6.0,341.0,6.003468731654646,2022.0,80-90,7.0,0.6697687256573719,0.6210934219209568,0.7142857142857143,航新转债、应急转债、三角转债、火炬转债、盛路转债、晨丰转债、银微转债,-3.457907050277872,-0.2319327519253455,-6.4212116993006605,4.598497134389612,0.0,-4.556251349600515,-17.042042042042038,121.87055077353,2.854550773529993,False,0.05,0.0454545454545454,5.243741636330629,35.42944922647001,2.497076426468576,124.36762719999858,0.0090257469714078,0.0,121.87055077353,False,123.12425117035777,0.017703474735585,122.34096904298738,124.36762719999858,0.0023395832,220443300.0,,1.599387576580599,6.057782485135837,-4.0161322902700745,False
123157.SZ,科蓝转债,2022-09-20,2022-09-19,116.911,85.89263420724095,4.946,63.5957536192,38.180425905818,AA-,计算机,科技,3-10,50-300,AA/AA-,123.54558631494952,123.54558631494952,0.0,False,False,114.20813515110272,132.88303747879633,True,6.0,343.0,5.911041415123216,2022.0,80-90,7.0,0.7741400643246267,0.6520672999804777,1.0,太极转债、思特转债、久其转债、山石转债、拓尔转债、银信转债、蓝盾转退,-2.085177827464661,-0.8862241729174686,-0.5502993551910009,1.0429479635429284,0.2857142857142857,-6.964164976335363,-14.745972738537796,123.54558631494952,6.634586314949516,False,0.05,0.0434782608695652,5.294141389303382,33.754413685050494,1.547653073299632,125.09323938824916,0.0148045753844755,0.0,123.54558631494952,False,124.66289820032635,0.0149254078554988,123.92343510832896,125.09323938824916,0.0030732594,163796800.0,,1.5985791690992244,5.785016586770237,-4.189652380463462,False
111006.SH,嵘泰转债,2022-09-21,2022-09-20,126.278,98.01154586273252,6.5067,49.5649584,94.156431307616,AA-,汽车,制造,3-10,0-50,AA/AA-,131.63479080268823,131.63479080268823,0.0,False,False,122.29733963884144,140.97224196653502,True,6.0,340.0,5.997373924252898,2022.0,90-100,7.0,0.8184477069452606,0.7235772353312193,1.0,正裕转债、明新转债、贝斯转债、远东转债、今飞转债、汽模转2、卡倍转债,-1.5599561925635343,-0.7446677445185075,-3.593124695750504,2.0680494931991977,0.0,-2.984126984126989,-15.016685205784208,131.63479080268823,5.356790802688224,False,0.0,0.0416666666666666,5.6258707050508585,25.665209197311786,2.84429619000065,134.47908699268888,0.0844425248843804,0.0,131.63479080268823,False,132.92276246355843,0.0247181260708947,132.11058771011952,134.47908699268888,0.0010037538,536034000.0,,1.8728324152545341,6.904008506907231,-3.675189707159345,False
127070.SZ,大中转债,2022-10-11,2022-10-10,112.299,86.00352112676056,15.2,147.3316,27.608118951183,AA,钢铁,周期,10-20,50-300,AA/AA-,119.60697723131068,119.60697723131068,0.0,False,False,110.7324943692414,128.48146009337998,True,6.0,338.0,6.312825199908871,2022.0,80-90,7.0,0.7412501672671544,0.7066676262787022,0.7142857142857143,友发转债、凌钢转债、本钢转债、甬金转债、中特转债、东湖转债、中金转债,0.3526202335837372,-0.5996883292901202,0.6551975300044006,0.4546882018787168,0.0,-2.104208416833675,-9.031657355679712,119.60697723131068,7.307977231310673,False,0.0,0.04,5.6077772226162725,37.69302276868933,1.9248158416899184,121.5317930730006,0.0001140034371803,0.0,119.60697723131068,False,120.84147009853692,0.019637977454539,120.1621382798044,121.5317930730006,0.0018836803,1299099500.0,,2.7212954278522306,6.27452780937168,-3.9104565975163026,False
113656.SH,嘉诚转债,2022-10-12,2022-10-11,113.872,75.06527415143603,8.0,40.2352515375,26.749545806699,AA-,交通运输,周期,3-10,0-50,AA/AA-,115.41710846435308,115.41710846435308,0.0,False,False,106.5426256022838,124.29159132642236,True,6.0,332.0,6.559179848040803,2022.0,<80,7.0,0.6467303462273241,0.5731373256800892,0.7142857142857143,北港转债、招路转债、宏川转债、长久转债、南航转债、文科转债、美锦转债,0.1720489414999686,0.2074742345788988,-0.3951753694099977,1.0358596930786224,0.2857142857142857,-6.807131280388989,-14.519326065411295,115.41710846435308,1.5451084643530777,False,0.0,0.0384615384615384,5.592508808462017,41.88289153564693,2.0932939804776827,117.51040244483076,0.001035888122697,0.0,115.41710846435308,False,116.67146095030874,0.0179229142865408,115.9801060706525,117.51040244483076,0.0012370158,668175000.0,,2.0794415416798357,6.695053412815848,-4.003589782041989,False
118019.SH,金盘转债,2022-10-13,2022-10-12,133.066,102.93440736478712,9.76702,152.31546,83.085028245959,AA,电力设备,制造,3-10,50-300,AA/AA-,133.8407919170665,133.8407919170665,0.0,False,False,125.62353812099704,142.05804571313595,True,6.0,334.0,6.791856382217897,2022.0,100-110,7.0,0.7969146488041499,0.7217801319891003,1.0,高测转债、西子转债、科利转债、宏发转债、通光转债、日丰转债、嘉元转债,-0.2267942415425652,-1.2219623932439434,0.076075293427003,-0.1175686810078513,0.1428571428571428,17.2346002621232,9.085365853658557,133.8407919170665,0.7747919170664943,False,0.0,0.037037037037037,5.301537219215102,23.459208082933515,1.969081681349484,135.80987359841598,0.0169381638787719,0.0,133.8407919170665,False,134.7972743365129,0.0189191220417555,134.17366263260948,135.80987359841598,0.0029954965,658860000.0,,2.2790114041749256,5.810645284860272,-3.9484817417345552,False
113062.SH,常银转债,2022-10-17,2022-10-14,118.79,100.990099009901,60.0,223.65384348,27.389655337433,AA+,银行,金融,50+,50-300,AAA/AA+,125.43225105851651,125.43225105851651,0.0,False,False,117.21499726244704,133.64950485458598,True,6.0,338.0,6.786325640303368,2022.0,100-110,7.0,0.7012356542388362,0.5080337480130632,1.0,苏农转债、张行转债、江银转债、无锡转债、杭银转债、成银转债、紫银转债,-0.2560600633749915,0.993401225703871,1.4058812394040103,-4.086021505376358,0.2857142857142857,2.5125628140703515,2.383939774153077,125.43225105851651,6.642251058516507,False,0.0,0.0357142857142857,5.097017818941768,31.86774894148349,1.162827160432562,126.59507821894908,6.325918253259575e-10,0.0,125.43225105851651,False,126.5281398466095,0.0243395401788718,126.01398582534507,126.59507821894908,0.0187802588,4009088000.0,,4.0943445622221,3.974949024679294,-3.6910124405599443,False
110088.SH,淮22转债,2022-10-20,2022-10-19,128.009,105.0098879367172,30.0,395.2290228525,48.422257052568,AAA,煤炭,周期,20-50,300+,AAA/AA+,133.6632051930796,133.6632051930796,0.0,False,False,125.44595139701012,141.88045898914905,True,6.0,342.0,6.964668026073054,2022.0,100-110,7.0,0.4393196423856713,0.4533862569500776,0.2857142857142857,能化转债、美锦转债、英特转债、中特转债、成银转债、皖天转债、万青转债,1.6514995486806978,1.3985698562725375,3.179133221363502,-4.574509076846301,0.4285714285714285,-5.962219598583241,5.847176079734218,133.6632051930796,5.654205193079605,False,0.0,0.0344827586206896,4.446911380414893,23.63679480692042,-0.2722596592731994,133.3909455338064,3.6234132899941953e-06,0.0,133.6632051930796,False,134.53624002959577,0.0175803812123164,133.9748630905868,133.3909455338064,0.0048963279,2489350000.0,,3.4011973816621555,5.31926976297549,-4.023234951003779,False
123158.SZ,宙邦转债,2022-10-21,2022-10-20,129.999,103.06289455225624,19.7,327.2720318504,35.876601839078,AA,电力设备,制造,10-20,300+,AA/AA-,131.86362780703757,131.86362780703757,0.0,False,False,123.64637401096812,140.08088160310703,True,6.0,339.0,6.849465115485542,2022.0,100-110,7.0,0.7497614992739966,0.6616899445040205,1.0,通光转债、通裕转债、凯中转债、起帆转债、精达转债、杭电转债、白电转债,-0.1145977194866074,-0.4262571450854713,-0.4874339075510008,-0.3896027694654691,0.1428571428571428,-1.3870246085011306,10.642570281124474,131.86362780703757,1.8646278070375784,False,0.0,0.0333333333333333,4.561456472322712,25.43637219296244,-0.5982981856152719,131.2653296214223,6.184736511875231e-05,0.0,131.86362780703757,False,132.56532714567993,0.0143568818117171,132.13751804900747,131.2653296214223,0.0054476967,1393509500.0,,2.9806186357439426,5.212562383490826,-4.229064943974088,False
123159.SZ,崧盛转债,2022-10-24,2022-10-21,120.1,82.24448897795591,2.9435,25.2141552,47.894212114977,AA-,电力设备,制造,0-3,0-50,AA/AA-,123.16362915924309,123.16362915924309,0.0,False,False,114.94637536317362,131.38088295531256,True,6.0,344.0,6.848014040865041,2022.0,80-90,7.0,0.8026985125633515,0.6998513455931913,1.0,宏丰转债、杭电转债、白电转债、中陆转债、凯发转债、海优转债、西子转债,-1.4837155854438722,-1.8175925694932904,-2.7581892039049976,3.088803088803082,0.1428571428571428,5.93701600413008,-15.346534653465335,123.16362915924309,3.063629159243092,False,0.0,0.032258064516129,4.486774074959115,34.136370840756925,3.799964578198068,126.96359373744116,0.0271198319741162,0.0,123.16362915924309,False,123.94305166503632,0.0126631653625095,123.48783504086742,126.96359373744116,0.000967697,190122400.0,,1.0795993494861789,6.940591536216522,-4.356313838278006,False
113658.SH,密卫转债,2022-10-25,2022-10-24,124.48,102.78706800445931,8.72388,227.454660738,43.269090435291,AA-,交通运输,周期,3-10,50-300,AA/AA-,131.75007155232475,131.75007155232475,0.0,False,False,123.5328177562553,139.9673253483942,True,6.0,345.0,7.070278713345949,2022.0,100-110,7.0,0.5801858137531075,0.3528749427079932,0.8571428571428571,嘉诚转债、南航转债、宏川转债、大秦转债、招路转债、北港转债、永22转债,0.7138912242139126,2.24605037353518,0.6091791598930012,0.5336687683745289,0.4285714285714285,-4.217743611053382,6.589595375722546,131.75007155232475,7.270071552324751,False,0.0,0.03125,4.5539752636348,25.549928447675256,-0.863061174624553,130.8870103777002,0.0035208713261693,0.0,131.75007155232475,False,132.50833402534985,0.0141975789582848,132.02213189721056,130.8870103777002,0.0027158533,583246000.0,,2.1660640930865953,5.908649083999242,-4.2403844960082795,False
123160.SZ,泰福转债,2022-10-25,2022-10-24,120.81,96.5811965811966,3.3489,20.5208,64.671499686741,A,机械设备,制造,3-10,0-50,A+/A,132.4822555020753,132.4822555020753,0.0,False,False,124.7756973968678,140.1888136072828,False,6.0,345.0,7.070278713345949,2022.0,90-100,7.0,0.5339413841866062,0.1628748427559636,1.0,斯莱转债、耐普转债、昌红转债、永02转债、隆华转债、精测转债、艾迪转债,1.3810645353227842,-0.2945862725154274,2.2355379102889987,1.636842698973795,0.4285714285714285,-12.4031007751938,8.810784785748682,132.4822555020753,11.672255502075302,False,0.0,0.0303030303030303,4.578864218332351,24.817744497924707,-2.465171577138622,130.01708392493668,0.1409133057088716,0.0,132.4822555020753,False,133.1905080919642,0.014031923187078,132.74343601542887,130.01708392493668,0.0011513525,215092000.0,,1.2086319337066591,6.766817940698952,-4.252289016131179,False
113657.SH,再22转债,2022-10-27,2022-10-26,121.106,90.56291390728477,5.1,55.7849872998,34.826771847481,AA-,建筑材料,周期,3-10,50-300,AA/AA-,123.8258780002979,123.8258780002979,0.0,False,False,116.1193198950904,131.5324361055054,True,6.0,345.0,5.770805235586234,2022.0,90-100,7.0,0.6647277585183263,0.4311215082781164,1.0,天路转债、垒知转债、山玻转债、濮耐转债、旗滨转债、万青转债、长海转债,0.6458862328791595,1.4649781808277194,1.3554332168445011,-0.9545548304293272,0.1428571428571428,-1.795332136445249,-4.8695652173913135,123.8258780002979,2.7198780002979106,False,0.0,0.0294117647058823,4.72404523810964,33.474121999702106,1.309226075301405,125.13510407559932,0.00957622345333,0.0,123.8258780002979,False,124.54774496608184,0.0104913378534889,124.08926924273374,125.13510407559932,0.0016175809,345303000.0,,1.62924053973028,6.426823517383999,-4.546658568711393,False
123161.SZ,强联转债,2022-10-27,2022-10-26,125.22,92.92882685430844,12.1,265.6134060576,104.32374547202,AA,电力设备,制造,10-20,50-300,AA/AA-,129.806684692179,129.806684692179,0.0,False,False,122.1001265869715,137.5132427973865,True,6.0,345.0,5.770805235586234,2022.0,90-100,7.0,0.6831891712267081,0.533521266193149,1.0,宏发转债、天能转债、申昊转债、帝尔转债、通裕转债、金盘转债、海优转债,0.4843836622743035,0.999373136664366,0.7724777474055085,-1.7876156953785916,0.1428571428571428,-17.795918367346943,-1.9354838709677469,129.806684692179,4.586684692179006,False,0.0,0.0285714285714285,4.276031406075237,27.493315307821007,-0.9485912845594192,128.85809340761958,0.0032337413367979,0.0,129.806684692179,False,130.54067511351423,0.0161608343014936,130.13992087699532,128.85809340761958,0.0041411698,785496200.0,,2.4932054526026954,5.486776970671108,-4.108871754871576,False
127073.SZ,天赐转债,2022-10-27,2022-10-26,122.2,92.81032363785334,34.105,872.9678888782,56.890296215142,AA,电力设备,制造,20-50,300+,AA/AA-,125.9802142072746,125.9802142072746,0.0,False,False,118.2736561020671,133.6867723124821,True,6.0,345.0,5.770805235586234,2022.0,90-100,7.0,0.7326814604039031,0.6503480012561889,1.0,白电转债、杭电转债、嘉元转债、恩捷转债、隆22转债、凯中转债、精达转债,-2.424068518444581,-3.874567501994312,-3.1013308800734976,0.9029447236994448,0.1428571428571428,-5.99585062240664,-5.604166666666666,125.9802142072746,3.780214207274597,False,0.0,0.0277777777777777,4.423623954730987,31.31978579272541,1.1682191138778977,127.1484333211525,7.556743587455305e-09,0.0,125.9802142072746,False,126.59844175064214,0.0134023086564688,126.29503228446104,127.1484333211525,0.010486683,2293651300.0,,3.5294440011066825,4.557649112487952,-4.298835368871055,False
110090.SH,爱迪转债,2022-10-28,2022-10-27,124.071,103.27522451135764,15.7,172.1030292,77.460390864575,AA,汽车,制造,10-20,50-300,AA/AA-,133.67205729061936,133.67205729061936,0.0,False,False,126.25775598830712,141.08635859293162,False,6.0,345.0,5.8660322975131125,2022.0,100-110,7.0,0.7921697896638175,0.7359128507872938,1.0,泉峰转债、嵘泰转债、拓普转债、银轮转债、贝斯转债、威唐转债、亚太转债,-2.247947901780322,-0.2179142530617066,-5.060752659764994,4.353132739863663,0.0,2.4096385542168752,1.1904761904761862,133.67205729061936,9.601057290619366,False,0.0,0.027027027027027,4.476721395008739,23.627942709380648,0.8537133812350994,134.52577067185447,0.0024980597870165,0.0,133.67205729061936,False,134.25365420973316,0.0119795420223542,133.88434624006098,134.52577067185447,0.0032118015,1226799000.0,,2.7536607123542622,5.740923284309158,-4.412503040550038,False
110089.SH,兴发转债,2022-10-31,2022-10-28,110.055,72.71117855336368,28.0,319.6208406125,35.385059129075,AA+,基础化工,周期,20-50,300+,AAA/AA+,113.86321299971644,113.86321299971644,0.0,False,False,106.44891169740418,121.27751430202868,True,6.0,345.0,6.662037895472194,2022.0,<80,7.0,0.781894848371876,0.690299187607071,1.0,洋丰转债、天业转债、正丹转债、川恒转债、三力转债、鸿达转债、锦鸡转债,0.6755742200564151,1.7430978506505952,2.080751022565007,-1.4933039809209236,0.0,-6.837329876863252,-20.711527854385,113.86321299971644,3.808212999716432,False,0.0,0.0263157894736842,4.888965114331125,43.43678700028357,2.9035972875346663,116.7668102872511,3.833738032640393e-07,0.0,113.86321299971644,False,114.95406270551078,0.0152910987016273,114.36136014769362,116.7668102872511,0.0072156457,2043056000.0,,3.332204510175204,4.931503596651168,-4.165075190928294,False
111007.SH,永和转债,2022-11-01,2022-10-31,139.95,113.25802615933414,8.0,102.775128714,60.569321860406,AA-,基础化工,周期,3-10,50-300,AA/AA-,139.15003806656892,139.15003806656892,0.0,False,False,131.73573676425667,146.56433936888118,True,6.0,344.0,5.975799324579737,2022.0,110-120,7.0,0.7398924978429905,0.6436005294053257,1.0,元力转债、丰山转债、博22转债、苏利转债、润禾转债、金禾转债、瑞科转债,1.348424738848322,-0.502547480551822,2.5995395538229484,-3.703684652681832,0.1428571428571428,-6.617647058823517,18.102913825170507,139.15003806656892,-0.7999619334310637,False,0.0,0.0256410256410256,4.819789869514596,18.149961933431086,-2.0626316166166045,137.0874064499523,0.0545708527304209,0.0,139.15003806656892,False,139.94873951849004,0.0122961998952267,139.31741973658708,137.0874064499523,0.0007836564,719364000.0,,2.0794415416798357,7.1515398989862975,-4.386092592299414,False
118021.SH,新致转债,2022-11-02,2022-11-01,125.566,99.81308411214954,4.8481,25.2719733552,45.616237445503,A,计算机,科技,3-10,0-50,A+/A,129.06262576853317,129.06262576853317,0.0,False,False,121.64832446622091,136.47692707084542,True,6.0,351.0,5.584154853165587,2022.0,90-100,7.0,0.8650145787026,0.8590803865157113,1.0,科蓝转债、多伦转债、山石转债、拓尔转债、天地转债、银信转债、思特转债,-3.2737852042821856,-4.262863462038262,-7.785590880120992,8.61846814602718,0.0,9.202453987730074,14.102564102564097,129.06262576853317,3.496625768533164,False,0.0,0.025,4.639391707468714,28.237374231466845,-0.1962565053418954,128.86636926319127,0.0380299983470042,0.0,129.06262576853317,False,129.64210125629666,0.0103598263097544,129.2820264878943,128.86636926319127,0.0020574731,263204000.0,,1.5785868756169845,6.186276699617593,-4.55940594491869,False
127072.SZ,博实转债,2022-11-03,2022-11-02,130.1,100.50600885515496,4.5,162.483195,43.278174338618,AA,机械设备,制造,3-10,50-300,AA/AA-,130.33418805691775,130.33418805691775,0.0,False,False,122.9198867546055,137.74848935923,True,6.0,348.0,5.809218201976262,2022.0,100-110,7.0,0.7816125332099839,0.7174969394616,1.0,昌红转债、隆华转债、耐普转债、泰福转债、金轮转债、艾迪转债、大业转债,1.1610917690910318,0.0462254718359802,2.863776234227004,-3.2078096242514342,0.2857142857142857,2.8478964401294604,9.661835748792267,130.33418805691775,0.234188056917759,False,0.0,0.025,4.563569560702046,26.96581194308225,0.1726473804266362,130.5068354373444,0.0154370566943533,0.0,130.33418805691775,False,130.4746024704158,0.0104546827272201,130.54562731317787,130.5068354373444,0.0013361865,310123100.0,,1.5040773967762742,6.617935617801888,-4.550195576238883,False
123162.SZ,东杰转债,2022-11-04,2022-11-03,135.3,113.77171215880892,5.7,37.2769102377,32.978633241734,A,机械设备,制造,3-10,0-50,A+/A,135.6828306406199,135.6828306406199,0.0,False,False,128.26852933830764,143.09713194293215,True,6.0,355.0,6.862104489109525,2022.0,110-120,7.0,0.5837597763680079,0.2952897340923371,1.0,万讯转债、智能转债、华兴转债、沪工转债、耐普转债、杭叉转债、华锐转债,-0.3540512106023614,-2.4606123671624665,-1.764645496534495,1.95588557579508,0.0,3.498871331828446,22.26666666666666,135.6828306406199,0.3828306406198862,False,0.0,0.025,4.483383436257205,21.61716935938012,-1.7032107097276554,133.97961993089226,0.0561655165963245,0.0,135.6828306406199,False,135.80551413604965,0.0116281581552723,135.87135653875504,133.97961993089226,0.0021710938,328944200.0,,1.7404661748405046,6.132524183123429,-4.442629401236602,False
118020.SH,芳源转债,2022-11-07,2022-11-04,127.018,89.79591836734693,6.42,85.5592496,51.502896171753,A+,电力设备,制造,3-10,50-300,A+/A,124.63120964849657,124.63120964849657,0.0,False,False,117.31191981358975,131.95049948340338,True,6.0,355.0,5.703075420632823,2022.0,80-90,7.0,0.8033878646956116,0.7012155356752748,1.0,通裕转债、宏丰转债、白电转债、中辰转债、嘉元转债、杭电转债、宙邦转债,-0.5128893032821342,1.3490295859890444,-0.3389777750520011,0.8637692987825574,0.0,22.13294375456538,17.66361717100633,124.63120964849657,-2.386790351503436,False,0.0,0.025,4.3597974296117,32.668790351503446,0.9543716424466212,125.58558129094318,0.0088825642993657,0.0,124.63120964849657,False,124.7787027087847,0.0090914206759456,124.85396393554142,125.58558129094318,0.0029731194,327530000.0,,1.8594181177018698,5.818143574319548,-4.59511985013459,False
118022.SH,锂科转债,2022-11-07,2022-11-04,128.859,103.48984771573603,32.5,314.6535429632,40.555464081636,AA,电力设备,制造,20-50,300+,AA/AA-,130.4862424243248,130.4862424243248,0.0,False,False,123.16695258941796,137.8055322592316,True,6.0,355.0,5.703075420632823,2022.0,100-110,7.0,0.8026507568988964,0.7321000305056168,1.0,通裕转债、宏丰转债、天赐转债、嘉元转债、宙邦转债、中辰转债、精达转债,0.3944233783565034,1.3490295859890444,0.0290475408090031,2.0135600783361074,0.0,11.103542234332409,9.463087248322145,130.4862424243248,1.627242424324777,False,0.0,0.0,4.147407631439396,26.813757575675226,0.6672883087059251,131.15353073303072,1.7813646949616997e-06,0.0,130.4862424243248,False,130.62124762223195,0.0090971222268643,130.66918844684537,131.15353073303072,0.0099407722,2230916000.0,,3.481240089335692,4.611110575214364,-4.59511985013459,False
123163.SZ,金沃转债,2022-11-07,2022-11-04,125.9,87.5,3.1,18.33216,43.799337733322,A,机械设备,制造,3-10,0-50,A+/A,123.9549017172388,123.9549017172388,0.0,False,False,116.635611882332,131.27419155214562,True,6.0,355.0,5.703075420632823,2022.0,80-90,7.0,0.8149083519332928,0.7319675469575708,1.0,耐普转债、金轮转债、锋龙转债、隆华转债、艾迪转债、君禾转债、昌红转债,-1.360602889602545,-0.3892200980498784,-2.896418461645005,1.2823693300001882,0.1428571428571428,9.395050412465622,-1.2003311258278138,123.9549017172388,-1.945098282761208,False,0.0,0.0,3.960930212521224,33.345098282761214,2.469349375279553,126.42425109251836,0.028350168547962,0.0,123.9549017172388,False,124.11610853762792,0.0086003314721273,124.1699858908906,126.42425109251836,0.0006724805,235523800.0,,1.1314021114911006,7.304537443191208,-4.59511985013459,False
118023.SH,广大转债,2022-11-09,2022-11-08,126.291,100.48309178743962,15.5,71.299072,52.37649474441,AA-,电力设备,制造,10-20,50-300,AA/AA-,131.05612999153578,131.05612999153578,0.0,False,False,123.77847730341384,138.33378267965773,True,6.0,363.0,5.657723942512146,2022.0,100-110,7.0,0.7292876228546676,0.572272929349266,1.0,天能转债、强联转债、通裕转债、起帆转债、西子转债、金盘转债、高测转债,1.7149655776082362,0.5001104357173854,2.228915902249679,-1.1420571765399457,0.5714285714285714,2.337023370233693,18.181818181818187,131.05612999153578,4.765129991535787,False,0.0,0.0,3.6927862650937504,26.243870008464228,-1.2753507576344911,129.78077923390128,0.0022852690860028,0.0,131.05612999153578,False,131.16783230176952,0.0087907251241841,131.2291569771152,129.78077923390128,0.0044150582,1084595000.0,,2.740840023925201,5.422734262680144,-4.59511985013459,False
127074.SZ,麦米转2,2022-11-09,2022-11-08,125.35,90.86802194256212,12.2,140.1155269888,65.049575163919,AA-,电力设备,制造,10-20,50-300,AA/AA-,127.15344269447375,127.15344269447375,0.0,False,False,119.87579000635182,134.4310953825957,True,6.0,363.0,5.657723942512146,2022.0,90-100,7.0,0.7314987254679506,0.5827815386984498,1.0,福莱转债、海优转债、宙邦转债、高测转债、隆22转债、通22转债、杭电转债,-1.2708954429421615,3.1432443285286653,-0.2873042243327199,0.8851544045997306,0.1428571428571428,7.398932112890932,1.6606498194945862,127.15344269447375,1.803442694473759,False,0.0,0.0,3.853787341452886,30.14655730552625,0.8964907603883503,128.0499334548621,0.0023041004238676,0.0,127.15344269447375,False,127.27640652596254,0.0081412388680845,127.33751543752976,128.0499334548621,0.0037250892,826561700.0,,2.501435951739211,5.5926644811285975,-4.59511985013459,False
123164.SZ,法本转债,2022-11-14,2022-11-11,130.0,112.41007194244604,6.006616,46.842073375,46.816168797975,A+,计算机,科技,3-10,0-50,A+/A,139.4549867587555,139.4549867587555,0.0,False,False,132.17733407063355,146.73263944687744,False,6.0,356.0,5.685086380470658,2022.0,110-120,7.0,0.7887079984260421,0.7438931901448979,1.0,新致转债、科蓝转债、思特转债、银信转债、天地转债、拓尔转债、万兴转债,-0.9895542334599928,1.6277460017891618,-1.7002364175924942,0.14550027868101,0.0,6.11205432937183,14.468864468864462,139.4549867587555,9.454986758755496,False,0.0,0.0,3.905219880323249,17.845013241244516,-0.4124521700616306,139.04253458869383,0.1095474012794214,0.0,139.4549867587555,False,139.54579605778324,0.0096032022661755,139.5835137124542,139.04253458869383,0.0014782133,448337100.0,,1.7928615284043647,6.5169211502246585,-4.59511985013459,False
113659.SH,莱克转债,2022-11-15,2022-11-14,125.793,96.69300556043312,12.0,189.760568144,26.094044400811,AA,家用电器,消费,10-20,50-300,AA/AA-,125.59385693229332,125.59385693229332,0.0,False,False,118.27456709738652,132.91314676720015,True,6.0,368.0,5.409308761529251,2022.0,90-100,7.0,0.6434004836821746,0.4411514609860228,1.0,三花转债、朗科转债、奇精转债、科沃转债、华翔转债、火星转债、小熊转债,0.5137267026057675,0.8983672370131381,1.053872230716003,-0.0857222190128292,0.2857142857142857,-4.425802719120631,-4.783861671469747,125.59385693229332,-0.1991430677066858,False,0.0,0.0,4.045856665335199,31.70614306770669,0.8638966683707353,126.45775360066406,0.000498750851543,0.0,125.59385693229332,False,125.74093470250249,0.0091402234461355,125.8112078564838,126.45775360066406,0.0035126819,807088000.0,,2.4849066497880004,5.651375459186278,-4.59511985013459,False
123165.SZ,回天转债,2022-11-15,2022-11-14,124.001,85.35378525482434,8.5,74.3282481375,94.41491437527,AA-,基础化工,周期,3-10,50-300,AA/AA-,127.99410439705252,127.99410439705252,0.0,False,False,120.67481456214573,135.31339423195934,True,6.0,368.0,5.409308761529251,2022.0,80-90,7.0,0.693828547412429,0.4991659717469645,1.0,润禾转债、双箭转债、道恩转债、瑞丰转债、永22转债、天业转债、金能转债,0.5422114845711536,-0.0249336456700846,1.200452780662005,-0.0590329205742201,0.1428571428571428,-8.874801901743268,-10.668047643707911,127.99410439705252,3.99310439705252,False,0.0,0.0,3.773103559066553,29.305895602947487,1.2002188893295602,129.1943232863821,0.024884431482477,0.0,127.99410439705252,False,128.14063970050307,0.010612650448028,128.2273643166279,129.1943232863821,0.0025746726,573274900.0,,2.1400661634962708,5.962032898581197,-4.535039184702851,False
127075.SZ,百川转2,2022-11-16,2022-11-15,126.111,105.21235521235522,9.78,64.655003421,40.186940308793,AA-,基础化工,周期,3-10,50-300,AA/AA-,131.49753304778466,131.49753304778466,0.0,False,False,124.17824321287785,138.81682288269147,True,6.0,361.0,5.284010132450529,2022.0,100-110,7.0,0.7880387593896927,0.674807181839738,1.0,永东转2、川恒转债、润禾转债、苏利转债、裕兴转债、鸿达转债、震安转债,0.4012074484504,0.0500540090631329,0.8838623279479947,-0.4433545537222194,0.2857142857142857,-0.2744739249771255,-2.7653880463871627,131.49753304778466,5.386533047784653,False,0.0,0.0,3.8795273885673,25.802466952215354,1.3025214559271396,132.8000545037118,0.0093666194417679,0.0,131.49753304778466,False,131.6032051539104,0.0078759257648127,131.64994678348316,132.8000545037118,0.0029632996,666206500.0,,2.280339484046726,5.82145190176628,-4.59511985013459,False
118024.SH,冠宇转债,2022-11-17,2022-11-16,117.213,89.40033783783785,30.89043,237.4968616399,51.475416600686,AA,电力设备,制造,20-50,50-300,AA/AA-,123.2744958631211,123.2744958631211,0.0,False,False,115.99684317499916,130.55214855124305,True,6.0,363.0,5.078123122054885,2022.0,80-90,7.0,0.7827609072281353,0.6820275616098704,1.0,通裕转债、嘉元转债、天赐转债、宙邦转债、崧盛转债、锂科转债、通光转债,0.2340726852949379,0.488907202025762,1.0509306640339986,-2.0861900217818863,0.1428571428571428,-0.1885902876001877,-10.86315789473683,123.2744958631211,6.0614958631211096,False,0.0,0.0,3.995672582994378,34.02550413687891,2.683169383379999,125.95766524650112,2.273186915201964e-06,0.0,123.2744958631211,False,123.41214629097146,0.0079718166902169,123.47792967444968,125.95766524650112,0.0084614072,2154710000.0,,3.4304464271961796,4.772239783498854,-4.59511985013459,False
118025.SH,奕瑞转债,2022-11-18,2022-11-17,125.722,92.6643861649563,14.3501,336.7214088052,51.285131396578,AA,医药生物,消费,10-20,300+,AA/AA-,124.55974405611344,124.55974405611344,0.0,False,False,117.28209136799153,131.83739674423538,True,6.0,367.0,5.059344324091991,2022.0,90-100,7.0,0.6062499868769775,0.3282077707221176,1.0,微芯转债、润达转债、三诺转债、药石转债、洁特转债、柳药转债、博瑞转债,-1.02312640695979,0.2156786711168194,-1.890222664991004,-0.6983595932797293,0.2857142857142857,1.7909332630144936,-8.814960629921254,124.55974405611344,-1.1622559438865494,False,0.0,0.0,3.935243798534196,32.74025594388657,2.6934193302825484,127.253163386396,0.0001178494820155,0.0,124.55974405611344,False,124.70102677922632,0.0085078284563172,124.76865541700332,127.253163386396,0.0046259088,923771000.0,,2.6637569108224644,5.376082430023517,-4.59511985013459,False
118026.SH,利元转债,2022-11-18,2022-11-17,117.536,77.7290581894583,9.5,149.7584,47.13636366547,A+,电力设备,制造,3-10,50-300,A+/A,117.80925846428494,117.80925846428494,0.0,False,False,110.937410187121,124.68110674144889,True,6.0,367.0,5.059344324091991,2022.0,<80,7.0,0.7138574322456153,0.5347029188216881,1.0,嘉元转债、海优转债、高测转债、中陆转债、天奈转债、福莱转债、帝尔转债,2.635876038356952,3.600374692830448,6.169122870076997,-8.322944695417489,0.5714285714285714,-4.489841733078914,-17.910375765761422,117.80925846428494,0.273258464284936,False,0.0,0.0,3.409743820624758,39.490741535715074,3.486104177313804,121.29536264159874,0.0007074859218216,0.0,117.80925846428494,False,117.9620448597538,0.0082634105259224,118.05400462124696,121.29536264159874,0.0016550793,767915000.0,,2.2512917986064953,6.403906355893162,-4.59511985013459,False
127076.SZ,中宠转2,2022-11-21,2022-11-18,115.998,78.65961199294532,7.690459,65.58713165399999,52.096451260678,AA-,农林牧渔,消费,3-10,50-300,AA/AA-,118.17594023535392,118.17594023535392,0.0,False,False,111.50768089686596,124.84419957384188,True,6.0,367.0,5.124197318051445,2022.0,<80,7.0,0.7545628898152187,0.6106026125603545,1.0,佩蒂转债、大禹转债、金农转债、巨星转债、希望转债、正邦转债、回盛转债,0.5223744528418651,-0.4390427219315325,1.3867812208830017,-0.9479393159720462,0.1428571428571428,1.7335766423357546,-5.827702702702697,118.17594023535392,2.1779402353539155,False,0.0,0.0,3.287412843824109,39.12405976464609,2.07191801576482,120.24785825111874,0.0028675904566226,0.0,118.17594023535392,False,118.34478312382416,0.0081866294023662,118.4161608688608,120.24785825111874,0.0026743501,498109600.0,,2.039980469642672,5.924048881423122,-4.59511985013459,False
113063.SH,赛轮转债,2022-11-24,2022-11-23,125.715,100.55309734513276,20.08985,278.4707657748,51.489056713385,AA,汽车,制造,20-50,50-300,AA/AA-,126.33303537816656,126.33303537816656,0.0,False,False,119.6647760396786,133.0012947166545,True,6.0,363.0,5.891738626358856,2022.0,100-110,7.0,0.7839035610899759,0.6801981079412067,1.0,泉峰转债、麒麟转债、模塑转债、汽模转2、正裕转债、嵘泰转债、拓普转债,-0.0900487622545805,-0.7423920207403626,-0.2671201613914977,0.0333217561899967,0.1428571428571428,-3.5031847133757954,11.124694376528122,126.33303537816656,0.6180353781665531,False,0.0,0.0,3.166975620982855,30.96696462183345,-1.0456432679001395,125.2873921102664,5.628718345518092e-05,0.0,126.33303537816656,False,126.45038830415382,0.0070980172719995,126.49788841547694,125.2873921102664,0.0049557803,1448452000.0,,3.0002147123977747,5.307200646302773,-4.59511985013459,False
123166.SZ,蒙泰转债,2022-11-25,2022-11-24,143.0,119.6940726577438,3.0,30.048,62.760962465629,A+,基础化工,周期,3-10,0-50,A+/A,144.58660585597846,144.58660585597846,0.0,False,False,137.95048659231554,151.22272511964138,True,6.0,362.0,5.189604841427496,2022.0,110-120,7.0,0.6067328853937572,0.3699960952352681,1.0,彤程转债、飞鹿转债、回天转债、永和转债、瑞科转债、锦鸡转债、聚合转债,0.2693477720818486,-2.920703505991339,-0.163805734879002,0.3781512605042003,0.2857142857142857,1.2944983818770297,17.492492492492495,144.58660585597846,1.586605855978462,False,0.0,0.0,3.008866679527453,12.71339414402155,-1.1572585379592295,143.42934731801924,0.5311819305250824,0.0,144.58660585597846,False,145.17716293728338,0.0360133910013824,144.92999518167596,143.42934731801924,0.000335871,262147700.0,,1.0986122886681098,7.998783400291941,-3.2871865618815894,False
111008.SH,沿浦转债,2022-11-28,2022-11-25,137.433,116.21736361706644,3.84,43.8,75.270051903617,A+,汽车,制造,3-10,0-50,A+/A,144.01786577547728,144.01786577547728,0.0,False,False,137.38174651181436,150.6539850391402,True,6.0,365.0,5.2398879119624775,2022.0,110-120,7.0,0.7715160999686932,0.6722383994363895,1.0,华锋转债、卡倍转债、银轮转债、爱迪转债、泉峰转债、小康转债、明新转债,0.9535315316542,2.1212765598222805,0.5414024052030051,-1.5563466747577692,0.1428571428571428,-7.140434192672995,19.02173913043479,144.01786577547728,6.584865775477283,False,0.0,0.0,2.6081441077954075,13.282134224522736,-2.5301654501976603,141.4877003252796,0.5022654138367568,0.0,144.01786577547728,False,144.0780371919179,0.0090224484841342,144.10774380432736,141.4877003252796,0.0006304499,312755000.0,,1.3454723665996355,7.369076866461913,-4.59511985013459,False
111009.SH,盛泰转债,2022-12-01,2022-11-30,128.467,109.35779816513762,7.0118,66.222752,32.398062720709,AA,纺织服饰,消费,3-10,50-300,AA/AA-,132.7175113766978,132.7175113766978,0.0,False,False,126.08139211303488,139.3536306403607,True,6.0,364.0,5.128626251932783,2022.0,100-110,7.0,0.5015164523516925,0.1776995201842958,1.0,搜特转债、鲁泰转债、太平转债、孚日转债、维格转债、起步转债、富春转债,-1.797819623108144,-0.231805385995054,-3.0084789104309984,2.7377481690366468,0.1428571428571428,10.575139146567714,8.659981768459435,132.7175113766978,4.250511376697773,False,0.0,0.0,2.7469767465834503,24.582488623302226,0.7155999786466394,133.43311135534444,0.0214996612509355,0.0,132.7175113766978,False,132.81486439264654,0.0074677958391649,132.85519413139085,133.43311135534444,0.002909188,376276000.0,,1.947594444119412,5.8398812745377136,-4.59511985013459,False
111010.SH,立昂转债,2022-12-07,2022-12-06,128.021,108.04319083296603,33.9,331.8587504177,34.341122298192,AA,电子,科技,20-50,300+,AA/AA-,130.58466185819256,130.58466185819256,0.0,False,False,123.94854259452964,137.22078112185548,True,6.0,370.0,5.140108453646706,2022.0,100-110,7.0,0.7797099727209567,0.7496262318292216,1.0,洁美转债、长信转债、银微转债、崇达转2、利德转债、联创转债、景20转债,-0.4069517893704289,0.6880155124075027,-1.6163138501949987,1.24783991060069,0.0,6.217504332755652,8.04319083296605,130.58466185819256,2.5636618581925745,False,0.0,0.0,2.919504218746785,26.71533814180745,0.5865420867607404,131.1712039449533,1.0150246687485204e-06,0.0,130.58466185819256,False,130.69731705757383,0.0076698865978921,130.73833956867156,131.1712039449533,0.0086005182,2485698000.0,,3.5234150143864045,4.75593282172403,-4.59511985013459,False
123167.SZ,商络转债,2022-12-09,2022-12-08,125.36,101.58730158730158,3.965,44.352,38.159228922669,A+,电子,科技,3-10,0-50,A+/A,131.17980244907005,131.17980244907005,0.0,False,False,124.54368318540712,137.81592171273297,True,6.0,371.0,5.294504433783956,2022.0,100-110,7.0,0.790070950351683,0.6995790685644832,1.0,洁美转债、联创转债、银微转债、英力转债、富瀚转债、长信转债、明电转债,-0.0263941715011854,1.231130867471204,0.3341454375880026,-0.9206601710081364,0.2857142857142857,2.923976608187129,2.4745269286754024,131.17980244907005,5.819802449070053,False,0.0,0.0,2.872856023229756,26.12019755092996,0.9444527523859504,132.124255201456,0.0511228104771926,0.0,131.17980244907005,False,131.27292523098748,0.006732229548134,131.31168782338665,132.124255201456,0.0006559265,324744000.0,,1.3775058550868113,7.329461817980362,-4.59511985013459,False
113064.SH,东材转债,2022-12-12,2022-12-09,125.186,106.97872340425532,14.0,115.2607547784,47.543950591855,AA,基础化工,周期,10-20,50-300,AA/AA-,132.76653501091403,132.76653501091403,0.0,False,False,126.1304157472511,139.40265427457695,False,6.0,374.0,5.367343372120083,2022.0,100-110,7.0,0.7151513250500915,0.5687658002907144,1.0,永东转2、苏利转债、百川转2、润禾转债、飞鹿转债、永东转债、回天转债,-0.0910299530854839,0.0002235697075499,0.1127826446260997,0.2420645282893097,0.0,-1.3343799058084804,6.706281833616301,132.76653501091403,7.580535010914019,False,0.0,0.0,3.1521367428373708,24.533464989085985,-0.3189081047536701,132.44762690616037,0.0029246165316221,0.0,132.76653501091403,False,132.84787226218842,0.0062848528992202,132.88217692483747,132.44762690616037,0.003311164,1046448000.0,,2.6390573296152584,5.7104554897802045,-4.59511985013459,False
113660.SH,寿22转债,2022-12-12,2022-12-09,127.517,104.6218487394958,3.98,78.5656664352,32.44799855249,AA-,医药生物,消费,3-10,50-300,AA/AA-,132.49346395469104,132.49346395469104,0.0,False,False,125.82520461620308,139.161723293179,True,6.0,374.0,5.367343372120083,2022.0,100-110,7.0,0.7452530278792375,0.6227264293023097,1.0,寿仙转债、康泰转2、溢利转债、九强转债、药石转债、健帆转债、美诺转债,-0.4374696421453187,0.0,-2.7155650972219205,4.360517674188724,0.0,6.438685546353207,6.35344367325148,132.49346395469104,4.976463954691042,False,0.0,0.0,3.5120219613520773,24.80653604530897,0.5874405129072664,133.08090446759832,0.0395176071230217,0.0,132.49346395469104,False,132.58159329097913,0.0065420939488059,132.6151789717057,133.08090446759832,0.0006018334,331831000.0,,1.3812818192963463,7.415529895142238,-4.59511985013459,False
123169.SZ,正海转债,2022-12-12,2022-12-09,122.073,96.5230536659108,14.0,104.7416542012,31.983232703963,AA-,有色金属,周期,10-20,50-300,AA/AA-,124.75540251204951,124.75540251204951,0.0,False,False,118.08714317356156,131.42366185053746,True,6.0,374.0,5.367343372120083,2022.0,90-100,7.0,0.6732855584375806,0.5442885265381175,1.0,新星转债、翔鹭转债、顺博转债、楚江转债、万顺转2、万顺转债、华友转债,0.0048296744865404,0.5203803378694826,-0.3559079071518964,0.4525453466366236,0.1428571428571428,-1.4660493827160614,-4.701492537313435,124.75540251204951,2.6824025120495207,False,0.0,0.0,3.6415056415114577,32.5445974879505,1.3857804982081086,126.14118301025762,0.0006168871556119,0.0,124.75540251204951,False,124.86580735067592,0.0068412651653028,124.92238717788436,126.14118301025762,0.0033853942,1035242000.0,,2.6390573296152584,5.688284924449949,-4.59511985013459,False
123168.SZ,惠云转债,2022-12-14,2022-12-13,116.0,94.25925925925924,4.9,40.72,28.29398212957,AA-,基础化工,周期,3-10,0-50,AA/AA-,123.88623467769898,123.88623467769898,0.0,False,False,117.21797533921102,130.55449401618694,False,6.0,376.0,5.231418996571287,2022.0,90-100,7.0,0.6866975002461848,0.4782427733358519,1.0,永22转债、苏利转债、利民转债、兄弟转债、美联转债、双箭转债、阿拉转债,-0.7882735036691864,0.8311350023565067,-1.486546998758005,0.7022908905883807,0.1428571428571428,-2.676864244741884,-6.776556776556775,123.88623467769898,7.88623467769898,False,0.0,0.0,3.694263645897695,33.41376532230103,1.47488331062668,125.36111798832566,0.0103499907015448,0.0,123.88623467769898,False,123.9934490887544,0.0064634272354846,124.04821025831716,125.36111798832566,0.0016934714,307748900.0,,1.589235205116581,6.380974773950618,-4.59511985013459,False
123170.SZ,南电转债,2022-12-15,2022-12-14,122.62,92.11764705882352,9.0,170.2974105,36.881265508228,AA-,电子,科技,3-10,50-300,AA/AA-,122.62899720877547,122.62899720877547,0.0,False,False,115.96073787028752,129.29725654726343,True,6.0,373.0,5.174868959960979,2022.0,90-100,7.0,0.8092576382962149,0.7668165899550031,1.0,明电转债、利德转债、银微转债、华正转债、聚飞转债、飞凯转债、富瀚转债,0.2564686294081863,0.3026770911041103,0.1866928088749926,0.6996615905245362,0.0,-1.073910296904612,-8.367466354593322,122.62899720877547,0.0089972087754688,False,0.0,0.0,3.9913204656445833,34.67100279122454,1.9268010229024464,124.55579823167793,0.0011131241763077,0.0,122.62899720877547,False,122.74147718358611,0.0064758545960387,122.7973904883566,124.55579823167793,0.0033905222,537699200.0,,2.1972245773362196,5.686771328154985,-4.59511985013459,False
113663.SH,新化转债,2022-12-16,2022-12-15,120.799,105.0601666152422,6.5,62.7810495,42.715483388212,AA-,基础化工,周期,3-10,50-300,AA/AA-,129.80475220965118,129.80475220965118,0.0,False,False,123.16863294598826,136.4408714733141,False,6.0,377.0,5.137309703892435,2022.0,100-110,7.0,0.6859476817877243,0.4964251109772236,1.0,川恒转债、回天转债、永和转债、兄弟转债、润禾转债、百川转2、飞鹿转债,0.4859694028134426,-0.3097344253310948,0.9083202063356,-0.9912903126083172,0.1428571428571428,-3.45903033739724,5.909797822706064,129.80475220965118,9.005752209651178,False,0.0,0.0,3.753513826506568,27.495247790348827,-0.2532895565022112,129.55146265314897,0.0195179146837363,0.0,129.80475220965118,False,129.8838763033808,0.0050728838987086,129.9093623595062,129.55146265314897,0.0013618871,497786000.0,,1.8718021769015913,6.598883967495314,-4.59511985013459,False
123171.SZ,共同转债,2022-12-16,2022-12-15,157.3,120.33898305084745,3.8,37.6494682,107.60643995644,A+,医药生物,消费,3-10,0-50,A+/A,146.91559111953103,146.91559111953103,0.0,False,True,140.24733178104307,153.583850458019,False,6.0,377.0,5.137309703892435,2022.0,>=120,7.0,0.7338924310573491,0.6494076969438802,1.0,北陆转债、科伦转债、盘龙转债、奇正转债、九强转债、现代转债、美诺转债,0.3390854789537357,-1.0925568327258586,0.3044846354845996,0.5157760162772473,0.2857142857142857,-3.941176470588248,17.144906743185075,146.91559111953103,-10.384408880468982,True,0.0,0.0,4.113629302265439,10.384408880468982,-2.060796129332846,144.85479499019817,0.7691241773392563,10.384408880468982,157.3,True,147.29894961917756,0.0358539968743113,147.19483304218747,157.3,0.0008421275,286085800.0,,1.33500106673234,7.079579130007435,-3.291787689012488,True
113065.SH,齐鲁转债,2022-12-19,2022-12-16,95.128,72.91311754684838,80.0,196.0596666952,21.618220782041,AAA,银行,金融,50+,50-300,AAA/AA+,108.65293685109243,108.65293685109243,0.0,False,False,101.98467751260448,115.3211961895804,False,6.0,373.0,5.061846933865122,2022.0,<80,7.0,0.8394145622923441,0.8031778829578499,1.0,青农转债、紫银转债、重银转债、兴业转债、无锡转债、中信转债、苏农转债,0.7629203101740879,-0.599993840552588,0.6259700450299945,0.2677636362805047,0.2857142857142857,-3.1674208144796268,1.904761904761898,108.65293685109243,13.524936851092434,False,0.05,0.025,4.160100408351113,48.64706314890758,0.350584099697834,109.00352095079027,3.34371338554424e-13,0.0,108.65293685109243,False,109.16365354988991,0.0209426158580498,109.41703441820484,109.00352095079027,0.0416256098,3451817000.0,,4.382026634673881,3.1790396809389874,-3.8448041366426873,False
113661.SH,福22转债,2022-12-22,2022-12-21,118.921,92.51575226678963,30.3,801.5902386939999,36.930480192479,AA,电力设备,制造,20-50,300+,AA/AA-,119.13211139053034,119.13211139053034,0.0,False,False,112.2602631133664,126.00395966769428,True,6.0,374.0,5.184587069891602,2022.0,90-100,7.0,0.7395751318474755,0.6391778976597678,1.0,帝尔转债、金盘转债、科利转债、海优转债、隆22转债、恩捷转债、天赐转债,-1.7669366004217553,-2.6341597635094867,-2.744656488727,2.03108855062486,0.1428571428571428,1.861252115059231,-7.47002766676913,119.13211139053034,0.2111113905303341,False,0.05,0.025,4.826390097520401,38.16788860946967,2.277512822686072,121.40962421321642,1.36358115650974e-08,0.0,119.13211139053034,False,119.3856222048451,0.0133010671060998,119.51286662629988,121.40962421321642,0.0036548372,2635622000.0,,3.4111477125153233,5.611703728496074,-4.306520694822113,False
118027.SH,宏图转债,2022-12-22,2022-12-21,117.677,86.54819480373412,10.088,142.2661457295,34.437066735889,A,计算机,科技,10-20,50-300,A+/A,117.45822340443183,117.45822340443183,0.0,False,False,110.5863751272679,124.33007168159575,True,6.0,374.0,5.184587069891602,2022.0,80-90,7.0,0.7230635277567495,0.5630380376444866,1.0,新致转债、汉得转债、科蓝转债、多伦转债、山石转债、太极转债、银信转债,0.6111011542108618,1.8857528420154623,2.291024708625006,-1.8710779879090864,0.4285714285714285,-3.9325842696629087,-7.467532467532456,117.45822340443183,-0.2187765955681726,False,0.05,0.025,4.637290447194291,39.84177659556818,1.302736922382617,118.76096032681446,0.0007048991800931,0.0,117.45822340443183,False,117.70982564667048,0.0120579237837634,117.81853023363117,118.76096032681446,0.0033271276,639711000.0,,2.3113465986626185,5.705645929810796,-4.405902049472986,False
113662.SH,豪能转债,2022-12-23,2022-12-22,110.283,82.0813771517997,5.0,41.3047656476,24.975235214226,AA-,汽车,制造,3-10,0-50,AA/AA-,115.91935325385468,115.91935325385468,0.0,False,False,109.04750497669076,122.7912015310186,True,6.0,375.0,4.950313283887352,2022.0,80-90,7.0,0.8026126168298839,0.6835417104764074,1.0,亚太转债、今飞转债、嵘泰转债、正裕转债、联诚转债、威唐转债、远东转债,1.2649842494578492,0.61086830365269,4.086237391730496,-0.7399469709954476,0.4285714285714285,-6.087735004476269,-13.662551440329215,115.91935325385468,5.636353253854679,False,0.05,0.025,4.378902624583467,41.38064674614533,1.6071969936396575,117.52655024749434,0.0042590142715435,0.0,115.91935325385468,False,116.19568587746086,0.0132479291491566,116.33050916103409,117.52655024749434,0.0008277862,413291000.0,,1.6094379124341003,7.096755649482004,-4.31057756361093,False
113664.SH,大元转债,2023-01-04,2023-01-03,122.79,88.69715271786022,4.5,34.28939232,41.485103323961,AA-,机械设备,制造,3-10,0-50,AA/AA-,120.1080351717572,120.1080351717572,0.0,False,False,113.34022001447904,126.87585032903536,True,6.0,378.0,5.71840251679224,2023.0,80-90,7.0,0.8220783199574229,0.7297427374324439,1.0,耐普转债、泰福转债、华兴转债、万讯转债、金沃转债、锋龙转债、博实转债,-0.6122056994715418,-1.3080576453261017,-1.0639043743590015,-0.0127982129040971,0.2857142857142857,3.1093279839518484,-9.666080843585243,120.1080351717572,-2.681964828242812,False,0.05,0.025,4.3576454941201455,37.19196482824282,2.9804827311968376,123.08851790295404,0.0147488185603918,0.0,120.1080351717572,False,120.32388002687289,0.0107738188331468,120.4085597900884,123.08851790295404,0.0005208462,390967000.0,,1.5040773967762742,7.560055761326966,-4.51980399338026,False
118028.SH,会通转债,2023-01-04,2023-01-03,116.293,92.2829581993569,8.3,39.5443207152,24.174443394262,AA-,基础化工,周期,3-10,0-50,AA/AA-,119.2722789858696,119.2722789858696,0.0,False,False,112.63615972220668,125.90839824953252,True,6.0,378.0,5.71840251679224,2023.0,90-100,7.0,0.7624798391761186,0.5798438865504787,1.0,苏利转债、惠云转债、永22转债、百川转2、利民转债、飞鹿转债、兄弟转债,0.2707277389208073,1.523568314718301,0.0951327503899968,0.445933086948691,0.1428571428571428,2.499999999999991,-9.272918861959967,119.2722789858696,2.9792789858695983,False,0.05,0.025,4.433630938337958,38.02772101413041,2.469116061958569,121.74139504782818,0.0029190863938155,0.0,119.2722789858696,False,119.48666321315264,0.0106402772302071,119.5757481063871,121.74139504782818,0.0010044264,717933000.0,,2.1162555148025524,6.9033386466774065,-4.532411450177451,False
110091.SH,合力转债,2023-01-06,2023-01-05,124.333,97.70833333333331,20.47505,104.1434388414,34.053255636346,AA+,机械设备,制造,20-50,50-300,AAA/AA+,122.12006048103812,122.12006048103812,0.0,False,False,115.5252505976664,128.71487036440985,True,6.0,376.0,5.750398849813443,2023.0,90-100,7.0,0.7631193287426487,0.6914917322490268,1.0,华兴转债、杭叉转债、耐普转债、万讯转债、隆华转债、XD法兰转、大族转债,-1.3616450935374187,-0.7801870520032901,-1.541232931557451,2.240030939068616,0.1428571428571428,6.996197718631181,-0.9154929577464666,122.12006048103812,-2.212939518961875,False,0.05,0.025,4.568931964417192,35.17993951896189,1.6250194575882797,123.7450799386264,0.0001144704404544,0.0,122.12006048103812,False,122.31544190259568,0.0114211145654799,122.42140607077766,123.7450799386264,0.0051280816,1502554000.0,,3.0192070717385935,5.273023646853868,-4.460804645454284,False
123172.SZ,漱玉转债,2023-01-06,2023-01-05,118.3,85.09637987776212,8.0,73.36654,46.022143118128,AA-,医药生物,消费,3-10,50-300,AA/AA-,117.64766059829176,117.64766059829176,0.0,False,False,111.05285071492004,124.24247048166347,True,6.0,376.0,5.750398849813443,2023.0,80-90,7.0,0.8125343774126826,0.7453382596642767,1.0,北陆转债、柳药转债、大参转债、奇正转债、亚药转债、现代转债、塞力转债,-0.5786414526007863,1.324068026779799,-1.948395061809448,2.718103630417179,0.0,7.738095238095233,-13.645038167938928,117.64766059829176,-0.6523394017082325,False,0.05,0.025,4.5706819285975895,39.65233940170825,3.661724314157549,121.30938491244932,0.003058612170146,0.0,117.64766059829176,False,119.10166707413846,0.010499752916745,117.9599154230084,121.30938491244932,0.0012731523,659713500.0,,2.0794415416798357,6.666259327914139,-4.545848289599718,False
118029.SH,富淼转债,2023-01-09,2023-01-06,120.32,90.07897334649554,4.5,22.292375,59.423924225956,A+,基础化工,周期,3-10,0-50,A+/A,121.81563971828754,121.81563971828754,0.0,False,False,115.22082983491582,128.41044960165928,True,6.0,375.0,5.827095050428788,2023.0,90-100,7.0,0.7580090383632783,0.601615490057012,1.0,利民转债、回天转债、兄弟转债、永东转债、苏利转债、川恒转债、三力转债,-0.6594164195923896,0.2160731681775707,-1.0250033872187017,1.0897024286350532,0.0,11.144945188794145,-4.649947753396033,121.81563971828754,1.4956397182875492,False,0.05,0.025,4.572397129774673,35.48436028171247,2.9368811061596425,124.7525208244472,0.031722545759772,0.0,121.81563971828754,False,122.01112113817872,0.010938542194154,122.1067500974181,124.7525208244472,0.0007687998,365006000.0,,1.5040773967762742,7.170679960453906,-4.504463937585902,False
127078.SZ,优彩转债,2023-01-09,2023-01-06,118.5,92.51700680272108,6.0,22.1950912,35.056010557331,A+,基础化工,周期,3-10,0-50,A+/A,119.97073081105704,119.97073081105704,0.0,False,False,113.37592092768531,126.56554069442876,True,6.0,375.0,5.827095050428788,2023.0,90-100,7.0,0.754420723881014,0.5557515988478869,1.0,兄弟转债、回天转债、三力转债、苏利转债、惠云转债、利民转债、金能转债,-1.079143104195604,-0.3564848900187725,-1.7177112106826995,1.0897024286350532,0.0,5.754276827371707,-7.356948228882832,119.97073081105704,1.470730811057038,False,0.05,0.025,4.567848822890128,37.32926918894297,2.702428146335132,122.67315895739218,0.0091121166565899,0.0,119.97073081105704,False,120.16220526121305,0.0089894489204707,120.2224079800164,122.67315895739218,0.0015610131,435060600.0,,1.791759469228055,6.462420245427681,-4.59511985013459,False
127077.SZ,华宏转债,2023-01-10,2023-01-09,130.0,112.97124600638978,5.15,102.8889718064,51.588204338866,AA-,环保,周期,3-10,50-300,AA/AA-,135.54032838227573,135.54032838227573,0.0,False,False,128.945518498904,142.13513826564747,True,6.0,381.0,7.203331437326758,2023.0,110-120,7.0,0.6423685121697188,0.4524339758620582,1.0,中环转2、京源转债、联泰转债、旺能转债、绿茵转债、东湖转债、侨银转债,-0.439696547761618,0.2877453925447946,-0.4173414839414953,-0.3968948231116709,0.0,18.578135479543924,10.087173100871729,135.54032838227573,5.540328382275732,False,0.05,0.025,4.312142074669116,21.75967161772428,1.9407844565124168,137.48111283878814,0.0896987541014936,0.0,135.54032838227573,False,136.37187658801668,0.0111847639301654,135.72286097495737,137.48111283878814,0.0018782723,311930000.0,,1.6389967146756448,6.277402914031591,-4.481955006442707,False
113665.SH,汇通转债,2023-01-11,2023-01-10,116.221,87.97083839611179,3.6,33.786184,43.259937195812,AA-,建筑装饰,周期,3-10,0-50,AA/AA-,121.06713977805953,121.06713977805953,0.0,False,False,114.4723298946878,127.66194966143124,True,6.0,385.0,5.804625092555056,2023.0,80-90,7.0,0.7564564869893413,0.6289419505393635,1.0,亚泰转债、设研转债、建工转债、北方转债、交建转债、核建转债、岭南转债,1.4556486678834402,0.0787740304046757,2.641870137538998,-1.4053075271911797,0.4285714285714285,2.40452616690241,-11.922141119221418,121.06713977805953,4.846139778059524,False,0.05,0.025,4.376632924948014,36.23286022194048,3.0677785684585688,124.13491834651808,0.0225791103212296,0.0,121.06713977805953,False,121.2624804446098,0.0092299327907381,121.31795992655806,124.13491834651808,0.0015708549,186194000.0,,1.2809338454620642,6.456135285527394,-4.59511985013459,False
127079.SZ,华亚转债,2023-01-16,2023-01-13,131.1,90.56059951001586,3.4,50.272,45.385491099906,A+,电子,科技,3-10,50-300,A+/A,124.00878326103272,124.00878326103272,0.0,False,False,117.413973377661,130.60359314440444,False,6.0,381.0,7.001844086345328,2023.0,90-100,7.0,0.8787670068305768,0.8114245645193751,1.0,联创转债、南电转债、商络转债、春秋转债、胜蓝转债、利德转债、明电转债,-1.1376940479994957,-0.2444791975554763,-1.7803239928069985,0.9271523178808084,0.1428571428571428,-0.0159108989657874,-12.734342452437163,124.00878326103272,-7.091216738967276,False,0.05,0.025,4.490756820941361,33.29121673896729,2.764571419527603,126.77335468056032,0.0335288254753812,0.0,124.00878326103272,False,124.17933660689438,0.0093079959086332,124.24118914293253,126.77335468056032,0.000714123,264643500.0,,1.2237754316221157,7.244455341553711,-4.59511985013459,False
111011.SH,冠盛转债,2023-02-06,2023-02-03,135.587,110.10491441192713,6.0165,33.059523,26.656596977646,AA-,汽车,制造,3-10,0-50,AA/AA-,135.817125095498,135.817125095498,0.0,False,False,129.18100583183508,142.45324435916092,True,6.0,386.0,6.754794127835139,2023.0,110-120,7.0,0.7234919086758944,0.5890501751246642,1.0,沿浦转债、嵘泰转债、麒麟转债、今飞转债、拓普转债、泉峰转债、银轮转债,-0.9651818244579906,0.3356977978400675,-1.244589396969996,3.0046300970599127,0.1428571428571428,6.063829787234054,16.200466200466202,135.817125095498,0.2301250954980105,False,0.05,0.025,4.554327535436222,21.48287490450201,-1.2194662839718635,134.59765881152614,0.0713979945993995,0.0,135.817125095498,False,135.93749486297614,0.0109708785950666,135.99388960483572,134.59765881152614,0.0011022811,492776000.0,,1.7945056948960803,6.810373519109521,-4.501479414704442,False
110092.SH,三房转债,2023-02-07,2023-02-06,120.007,97.79179810725552,25.0,120.786529956,21.568510277868,AA,基础化工,周期,20-50,50-300,AA/AA-,124.45456412109736,124.45456412109736,0.0,False,False,117.81844485743444,131.09068338476027,True,6.0,385.0,7.283599129332982,2023.0,90-100,7.0,0.6466419070141142,0.434302575793758,1.0,正丹转债、鸿达转债、惠云转债、新化转债、震安转债、飞鹿转债、苏利转债,0.1226001558756838,0.3465290288721681,0.7534827648675009,-0.2628446257655348,0.0,1.3071895424836557,2.310231023102327,124.45456412109736,4.447564121097358,False,0.05,0.025,4.186807039665422,32.84543587890265,0.6338940142322537,125.08845813532962,3.0362164684812382e-05,0.0,124.45456412109736,False,124.62165911118996,0.0104481787618351,124.71194536027724,125.08845813532962,0.0021847102,2283146000.0,,3.2188758248682006,6.126272090809876,-4.550824452748396,False
111012.SH,福新转债,2023-02-07,2023-02-06,140.803,106.63338088445076,4.29018,26.4262815375,27.541726198843,A+,基础化工,周期,3-10,0-50,A+/A,132.77009229863728,132.77009229863728,0.0,False,False,126.17374946655217,139.3664351307224,False,6.0,385.0,7.283599129332982,2023.0,100-110,7.0,0.6877183189389907,0.4950495554974375,1.0,裕兴转债、新化转债、瑞科转债、阿拉转债、美联转债、天业转债、百川转2,0.1114233972960567,1.0049995446015882,0.9184217020475014,-2.7729256567270766,0.1428571428571428,2.0477815699658564,11.901197604790426,132.77009229863728,-8.032907701362717,False,0.05,0.025,4.160362047985737,24.52990770136273,-0.3049071553578864,132.4651851432794,0.0795711850752225,0.0,132.77009229863728,False,132.8879322114377,0.0092474645216934,132.94022188702886,132.4651851432794,0.0004632816,383005000.0,,1.4563286901016697,7.677175481417753,-4.59511985013459,False
123173.SZ,恒锋转债,2023-02-08,2023-02-07,157.3,110.4693140794224,2.424357,25.162836552,34.27577359634,A,计算机,科技,0-3,0-50,A+/A,139.90983355643675,139.90983355643675,0.0,False,True,133.1777893618301,146.6418777510434,False,6.0,389.0,7.324052858259223,2023.0,110-120,7.0,0.7848207088982747,0.6854662139033584,1.0,新北转债、汉得转债、思特转债、法本转债、银信转债、丝路转债、山石转债,-3.320583968757773,-4.8759943681455375,-6.263137138178999,6.564841820888079,0.0,4.152484683458146,5.882352941176472,139.90983355643675,-17.39016644356326,True,0.05,0.025,4.427887307451398,17.39016644356326,0.3702274844635537,140.2800610409003,0.3313457053597143,0.0,139.90983355643675,False,140.50326551719,0.0108205060434814,140.05096135726154,140.2800610409003,0.0007107646,174016400.0,,0.8855663345905647,7.24916926596282,-4.515432763912865,True
118030.SH,睿创转债,2023-02-10,2023-02-09,144.675,118.35869294088302,15.6469,211.638269375,28.63151491959,AA,国防军工,科技,10-20,50-300,AA/AA-,139.698563893229,139.698563893229,0.0,False,False,132.9665196986223,146.43060808783565,True,6.0,386.0,6.76319989727005,2023.0,110-120,7.0,0.4792243309771087,0.4397472425691279,0.4285714285714285,火炬转债、三角转债、盛路转债、南电转债、捷捷转债、特发转2、景20转债,-0.2119631460363868,1.658757283211864,-1.1185476658939972,0.9842753374537327,0.0,2.5945945945945903,19.43116033224266,139.698563893229,-4.976436106771018,False,0.1,0.05,4.903083895744612,17.60143610677102,-1.706590633670156,137.99197325955885,0.0036642521756162,0.0,139.698563893229,False,140.75082794216922,0.0199277414446455,139.96163154407162,137.99197325955885,0.0050459839,1079278000.0,,2.750272814298028,5.289162619414418,-3.8955134987663347,False
127080.SZ,声迅转债,2023-02-10,2023-02-09,157.3,116.29175187457396,2.8,27.923808,69.774958670762,A+,计算机,科技,0-3,0-50,A+/A,146.2652778047749,146.2652778047749,0.0,False,True,139.53323361016825,152.99732199938157,False,6.0,386.0,6.76319989727005,2023.0,110-120,7.0,0.7253464732085553,0.5921506014403844,1.0,科达转债、丝路转债、天地转债、汉得转债、银信转债、法本转债、新致转债,-1.9342976510406216,-1.857524941257941,-3.2683988066879994,4.7014214146697375,0.0,7.566204287515754,12.830687830687836,146.2652778047749,-11.0347221952251,True,0.1,0.05,5.151455840644389,11.0347221952251,-0.439186214012583,145.82609159076233,0.8108247021435949,11.0347221952251,157.3,True,147.91874293214383,0.1372020472069594,147.40076766143363,157.3,0.0006626378,216331300.0,,1.0296194171811581,7.3192820217328975,-1.8387259052502176,True
123174.SZ,精锻转债,2023-03-07,2023-03-06,122.87,89.76317799847212,9.8,56.6080634775,25.463050940811,AA-,汽车,制造,3-10,50-300,AA/AA-,121.09771249814264,121.09771249814264,0.0,False,False,113.97072479650387,128.2247001997814,True,6.0,389.0,6.002303039540649,2023.0,80-90,7.0,0.7385853003551327,0.6172928512984152,1.0,威唐转债、银轮转债、豪能转债、今飞转债、汽模转2、亚太转债、卡倍转债,0.2374987548469567,0.0741258541167303,0.7426199469579977,-3.44387594755301,0.4285714285714285,-2.246256239600664,-8.203125,121.09771249814264,-1.7722875018573632,False,0.15,0.075,5.252904339923085,36.20228750185737,2.371715954991717,123.46942845313436,0.0057256643259974,0.0,121.09771249814264,False,122.59850651263,0.0179466031989304,121.58499356465973,123.46942845313436,0.00142319,830915500.0,,2.2823823856765264,6.554854448056671,-4.002244822238989,False
118031.SH,天23转债,2023-03-15,2023-03-14,117.203,81.53250107619458,88.64751,1234.8362333814,24.628972497022,AA,电力设备,制造,50+,300+,AA/AA-,113.4219883167375,113.4219883167375,0.0,False,False,106.29500061509872,120.54897601837628,True,6.0,381.0,4.999066979373559,2023.0,80-90,7.0,0.7246171908920348,0.5610373563816072,1.0,隆22转债、福莱转债、福22转债、天赐转债、通22转债、海优转债、高测转债,0.99540981372523,0.4346133834932119,1.8231247111409985,-3.270073969943421,0.2857142857142857,-2.871794871794875,-12.409434253121631,113.4219883167375,-3.7810116832625056,False,0.1,0.075,4.822298270992504,43.878011683262514,2.808712682572767,116.23070099931026,6.305116760146985e-16,0.0,113.4219883167375,False,114.050034752322,0.0287989964350875,114.36972034327124,116.23070099931026,0.0275001162,6041720000.0,,4.484667944139279,3.593565048863993,-3.518192913098505,False
123175.SZ,百畅转债,2023-03-17,2023-03-16,130.0,92.6906779661017,4.2,42.1140481125,35.621636555873,A+,环保,周期,3-10,0-50,A+/A,124.70056618085448,124.70056618085448,0.0,False,False,117.57357847921573,131.82755388249325,True,6.0,380.0,5.374493893853351,2023.0,90-100,7.0,0.6901949564497654,0.5448337991726915,1.0,洪城转债、伟22转债、东湖转债、绿动转债、国祯转债、京源转债、盈峰转债,-0.5345110169202826,-0.8853203704905629,-1.492829453089005,1.191230415972444,0.0,-1.979088872292756,-8.376963350785338,124.70056618085448,-5.29943381914552,False,0.1,0.075,4.335102012601007,32.59943381914553,1.9650849489438595,126.66565112979832,0.0435526172250008,0.0,124.70056618085448,False,127.16942934783702,0.0159517804343536,125.09058043877992,126.66565112979832,0.0014195538,274853600.0,,1.4350845252893227,6.55741268210021,-4.1221044504958195,False
113666.SH,爱玛转债,2023-03-20,2023-03-17,128.021,100.13052700277368,20.0,352.6933924548001,47.77357180786,AA,汽车,制造,20-50,300+,AA/AA-,128.85672162391614,128.85672162391614,0.0,False,False,121.72973392227738,135.9837093255549,True,6.0,381.0,5.469626374151815,2023.0,100-110,7.0,0.5889821572946229,0.3821418393143046,0.8571428571428571,华锋转债、贵轮转债、永安转债、联诚转债、远东转债、欧22转债、正裕转债,0.9962117389889916,2.180938493819218,1.4635887007349986,-1.514918464715509,0.1428571428571428,-1.823708206686936,5.301990391214817,128.85672162391614,0.8357216239161573,False,0.1,0.075,4.589518134031767,28.443278376083867,-0.0707168200583944,128.78600480385774,0.0001045409906075,0.0,128.85672162391614,False,129.13127357399114,0.0187112321140579,129.2558782117509,128.78600480385774,0.0017337521,1820673000.0,,2.995732273553991,6.35746737508867,-3.959742785635314,False
123176.SZ,精测转2,2023-03-22,2023-03-21,130.0,102.7302174919019,12.76,185.244306264,36.845731566376,AA-,机械设备,制造,10-20,50-300,AA/AA-,129.85310004344365,129.85310004344365,0.0,False,False,122.72611234180488,136.9800877450824,True,6.0,377.0,5.254284722633451,2023.0,100-110,7.0,0.6796064216386208,0.5109776525674647,1.0,精测转债、华兴转债、昌红转债、大丰转债、永02转债、合力转债、东杰转债,0.1810901329898374,-2.2508471433202013,0.6631740514200004,0.3624046428210459,0.1428571428571428,-1.7554211535624864,4.127579737335818,129.85310004344365,-0.1468999565563535,False,0.1,0.075,4.620365385449166,27.446899956556365,0.1280924480053782,129.98119249144904,0.0028629439426446,0.0,129.85310004344365,False,130.99697482513005,0.0178483919017362,130.22051231362792,129.98119249144904,0.0043389193,823251200.0,,2.546315277916644,5.440129971094356,-4.007832268874697,False
123178.SZ,花园转债,2023-03-23,2023-03-22,121.0,94.33838051349572,12.0,78.9593829181,15.392847185842,AA-,医药生物,消费,10-20,50-300,AA/AA-,123.42553777031404,123.42553777031404,0.0,False,False,116.73940180213876,130.11167373848932,True,6.0,381.0,4.971781632327668,2023.0,90-100,7.0,0.7264715815006053,0.5944385836315581,1.0,美诺转债、北陆转债、溢利转债、康医转债、健帆转债、康泰转2、塞力转债,-0.1312024358618767,-1.2006199467559324,-0.2260749623444997,0.1754407425488713,0.0,1.7033356990773685,-5.287508261731666,123.42553777031404,2.425537770314037,False,0.1,0.075,4.34589272058425,33.874462229685975,2.04398970483176,125.4695274751458,0.0019513051783881,0.0,123.42553777031404,False,124.82385346470356,0.0181530208619991,123.8867306349724,125.4695274751458,0.0041236091,768513900.0,,2.4849066497880004,5.491026503934895,-3.99059848494821,False
123177.SZ,测绘转债,2023-03-24,2023-03-23,157.0,111.053412462908,4.066821,21.79632,45.132577302505,A+,建筑装饰,周期,3-10,0-50,A+/A,138.26919492582246,138.26919492582246,0.0,False,False,132.1030250802301,144.4353647714148,False,6.0,381.0,5.074630882286439,2023.0,110-120,7.0,0.6834926545570704,0.4596707480704047,1.0,设研转债、岭南转债、亚泰转债、中装转2、城市转债、海波转债、精装转债,0.1242766119948012,1.1648506236876313,0.0208138696579993,0.5536456707812665,0.1428571428571428,12.303075768942229,9.992652461425422,138.26919492582246,-18.73080507417754,False,0.1,0.075,4.333071367687811,19.03080507417755,0.9212460710655076,139.19044099688796,0.3643310010747538,0.0,138.26919492582246,False,141.0252281966469,0.1503721642451626,140.4154724355714,139.19044099688796,0.0007604194,327311200.0,,1.4028616131706593,7.181640434787495,-1.7316850970863886,False
123179.SZ,立高转债,2023-03-27,2023-03-24,143.0,105.23603380746238,9.5,172.89614,37.708529678426,AA-,食品饮料,消费,3-10,50-300,AA/AA-,133.30289613193867,133.30289613193867,0.0,False,False,126.6167601637634,139.98903210011397,False,6.0,390.0,5.427838923163407,2023.0,100-110,7.0,0.5768705001090374,0.4163108453056178,0.8571428571428571,百润转债、仙乐转债、华统转债、洽洽转债、巨星转债、伊力转债、新乳转债,1.7581155262869148,2.3457525631395857,3.46750456533,-4.943602744066943,0.5714285714285714,2.140856342537023,1.703356908058562,133.30289613193867,-9.697103868061332,False,0.1,0.075,5.120647672103209,23.997103868061345,1.3495456118131484,134.6524417437518,0.0128931135486775,0.0,133.30289613193867,False,135.1954930683176,0.0178762542082632,133.62462987869435,134.6524417437518,0.0018881657,754014000.0,,2.2512917986064953,6.272149450279427,-4.006244062844072,False
123180.SZ,浙矿转债,2023-03-28,2023-03-27,157.3,90.61283049805289,3.2,44.21,45.043304055201,AA-,机械设备,制造,3-10,0-50,AA/AA-,126.45565806392628,126.45565806392628,0.0,False,True,119.26657767056966,133.6447384572829,False,6.0,393.0,5.506535645341617,2023.0,90-100,7.0,0.6216699399794683,0.3390961436863519,1.0,大丰转债、永02转债、深科转债、XD法兰转、XD佳力转、东杰转债、耐普转债,0.2710919981758777,-0.0826297074892847,0.5080361887930067,-0.165955107276905,0.2857142857142857,-9.014200452768062,-3.32385742401049,126.45565806392628,-30.84434193607373,True,0.1,0.075,5.494855889558181,30.84434193607373,0.1909233946628561,126.64658145858914,0.0807501349227283,0.0,126.45565806392628,False,128.64643712906553,0.0155865358268647,126.81622539440828,126.64658145858914,0.0012512683,187941200.0,,1.1631508098056809,6.683597602067168,-4.145638542407085,True
118032.SH,建龙转债,2023-04-07,2023-04-06,122.625,78.20325203252033,7.0,57.18480782930001,32.671118702811,AA-,基础化工,周期,3-10,50-300,AA/AA-,118.06297186250222,118.06297186250222,0.0,False,False,110.4212969182312,125.70464680677324,True,6.0,391.0,7.490166893055181,2023.0,<80,7.0,0.6149199346783621,0.3266050835922583,1.0,阿拉转债、瑞科转债、聚合转债、会通转债、震安转债、洋丰转债、永东转债,0.0359721744108906,0.6316121725831356,0.2546701886085021,0.5806511937166248,0.0,2.3297872340425574,-18.21273701215883,118.06297186250222,-4.5620281374977765,False,0.15,0.1,7.004456016276455,39.23702813749779,3.6778760827954224,121.74084794529765,0.0081668723416449,0.0,118.06297186250222,False,120.26897060572594,0.0206425431092255,118.67043589610688,121.74084794529765,0.0022622382,462355000.0,,1.9459101490553132,6.091400601792607,-3.8595425547145865,False
113066.SH,平煤转债,2023-04-10,2023-04-07,116.005,85.32654792196777,29.0,232.910725073,29.782431313178,AAA,煤炭,周期,20-50,50-300,AAA/AA+,119.10072950082956,119.10072950082956,0.0,False,False,111.91164910747293,126.2898098941862,True,6.0,399.0,7.855336341630269,2023.0,80-90,7.0,0.5678690821502392,0.5477404864157508,0.4285714285714285,淮22转债、能化转债、美锦转债、皖天转债、甬金转债、旗滨转债、福22转债,0.7708188406910144,-0.236153458841502,1.1114288659869969,-2.199111929794828,0.2857142857142857,-3.2692307692307687,-12.9757785467128,119.10072950082956,3.095729500829563,False,0.15,0.1,7.157775437236967,38.19927049917045,2.802949925490303,121.90367942631984,4.664764813581506e-06,0.0,119.10072950082956,False,120.98556894003816,0.0253384130560959,119.8266611715917,121.90367942631984,0.0089291297,1970769000.0,,3.367295829986474,4.7184363468497885,-3.6497687735442104,False
113667.SH,春23转债,2023-04-11,2023-04-10,128.423,95.38461538461536,5.7,43.5526877472,26.409446830084,AA-,电子,科技,3-10,0-50,AA/AA-,127.88405173269764,127.88405173269764,0.0,False,False,120.694971339341,135.07313212605428,True,6.0,399.0,7.765624391782409,2023.0,90-100,7.0,0.6388936572953094,0.3308916929222106,1.0,春秋转债、联创转债、胜蓝转债、超声转债、晨丰转债、世运转债、商络转债,-1.392895385871008,-2.8544354352596737,-2.6724857847059944,3.933910069561208,0.1428571428571428,3.983228511530412,0.9155645981688608,127.88405173269764,-0.5389482673023593,False,0.15,0.1,7.239025371725594,29.41594826730237,1.0546561588795154,128.93870789157717,0.0492121987213777,0.0,127.88405173269764,False,131.73819258089773,0.078923755120093,129.62526455595307,128.93870789157717,0.0013060618,433335000.0,,1.7404661748405046,6.640738929186201,-2.4570605563428827,False
123181.SZ,亚康转债,2023-04-11,2023-04-10,157.3,102.74509803921568,2.61,31.44,57.81210624043,A+,计算机,科技,0-3,0-50,A+/A,139.55029553703412,139.55029553703412,0.0,False,True,132.3612151436775,146.73937593039074,False,6.0,399.0,7.765624391782409,2023.0,100-110,7.0,0.7562828224687806,0.6334617957926981,1.0,科蓝转债、山石转债、银信转债、城地转债、声迅转债、新北转债、多伦转债,-0.1633794126754167,0.1057082012258807,0.5830327418290047,-2.0710306919848542,0.2857142857142857,1.2886597938144284,3.068450039339088,139.55029553703412,-17.749704462965894,True,0.15,0.1,6.988956365976927,17.749704462965894,0.8490748377147619,140.39937037474888,0.631855135352984,17.749704462965894,157.3,True,143.8896991666121,0.2380412910053401,142.71916746102983,157.3,0.0006413633,193969800.0,,0.959350221334602,7.351914490926612,-1.163448216304771,True
118033.SH,华特转债,2023-04-14,2023-04-13,153.617,111.3156019947756,6.46,112.79145,53.562256459229,AA-,电子,科技,3-10,50-300,AA/AA-,142.83188974067957,142.83188974067957,0.0,False,False,135.19021479640855,150.4735646849506,False,6.0,401.0,7.46280212234288,2023.0,110-120,7.0,0.759955414873505,0.6415365645285843,1.0,立昂转债、洁美转债、华亚转债、南电转债、利德转债、飞凯转债、联得转债,1.8064939168377727,0.3094295044610321,4.814384677855504,-4.489799121155041,0.7142857142857143,-5.693592193944264,10.294117647058831,142.83188974067957,-10.78511025932042,False,0.2,0.125,7.634134600222245,14.46811025932044,-1.1451932524150203,141.68669648826454,0.4167949143936669,0.0,142.83188974067957,False,145.85177199550793,0.1375113258317114,144.32403650870847,141.68669648826454,0.0051331801,109402000.0,,1.8656293177945105,5.272029909325553,-1.836115734020608,False
123182.SZ,广联转债,2023-04-17,2023-04-14,130.0,96.19430693069306,7.0,65.746023,23.878573769681,A+,国防军工,科技,3-10,50-300,A+/A,128.61730078798533,128.61730078798533,0.0,False,False,120.7017315055536,136.53287007041706,True,6.0,396.0,7.1358947748688974,2023.0,90-100,7.0,0.65798120630118,0.5231059018466221,0.8571428571428571,天箭转债、三角转债、航新转债、应急转债、火炬转债、睿创转债、联创转债,1.182744667627616,2.3110006764777644,2.151549096983004,-1.9183490262886795,0.4285714285714285,-2.4780426599748995,0.1933612632935899,128.61730078798533,-1.3826992120146713,False,0.2,0.125,7.818829276239901,28.682699212014683,0.5505382394036061,129.16783902738894,0.0475588834971448,0.0,128.61730078798533,False,133.44668767027858,0.074469948696743,130.21930014208746,129.16783902738894,0.0018373415,513914000.0,,1.9459101490553132,6.299435589101162,-2.519970931019697,False
123184.SZ,天阳转债,2023-04-18,2023-04-17,128.5,105.09383378016086,9.75,63.4142561472,35.781400942821,AA-,计算机,科技,3-10,50-300,AA/AA-,134.55592140888805,134.55592140888805,0.0,False,False,126.64035212645632,142.4714906913198,True,6.0,402.0,7.257712950894863,2023.0,100-110,7.0,0.8111044384342817,0.7451940374375273,1.0,科蓝转债、银信转债、思特转债、恒锋转债、城地转债、声迅转债、山石转债,-1.60799486200347,-1.125889674077253,-3.476753170211502,0.1823958758931265,0.1428571428571428,2.483660130718945,4.116865869853914,134.55592140888805,6.055921408888054,False,0.2,0.125,7.876457982065733,22.74407859111196,1.111062952473768,135.6669843613618,0.0735664963710151,0.0,134.55592140888805,False,139.63969145906552,0.1404948761449241,136.95249128740457,135.6669843613618,0.0033180417,625789400.0,,2.277267285009756,5.708380519480924,-1.8111857668527058,False
110093.SH,神马转债,2023-04-20,2023-04-19,118.387,93.43675417661098,30.0,81.75897093420001,8.7326452014572,AAA,基础化工,周期,20-50,50-300,AAA/AA+,121.17808862324716,121.17808862324716,0.0,False,False,113.26251934081544,129.0936579056789,True,6.0,397.0,7.953671908366829,2023.0,90-100,7.0,0.6538328812197027,0.422377703888466,1.0,兄弟转债、三房转债、惠云转债、川恒转债、天业转债、阿拉转债、博22转债,0.0844159637473234,-0.4803619352100845,0.4987939713959974,-0.5975389330727665,0.1428571428571428,-0.1275510204081564,-0.5082592121982255,121.17808862324716,2.7910886232471626,False,0.2,0.125,7.9568758464552705,36.12191137675285,1.0402918223968975,122.21838044564406,1.6759785641884594e-05,0.0,121.17808862324716,False,122.74705847613644,0.0230588252208508,121.80278525405689,122.21838044564406,0.0047507796,2504291000.0,,3.4011973816621555,5.349446548087048,-3.7463778710905697,False
123183.SZ,海顺转债,2023-04-20,2023-04-19,120.4,87.36263736263736,6.33,30.771509295,25.255561580995,AA-,轻工制造,制造,3-10,0-50,AA/AA-,122.86345037906632,122.86345037906632,0.0,False,False,114.9478810966346,130.77901966149804,True,6.0,397.0,7.953671908366829,2023.0,80-90,7.0,0.6905594553935683,0.511230446510513,1.0,东风转债、松霖转债、好客转债、景兴转债、未来转债、特纸转债、帝欧转债,-0.5293322498249027,0.087759911441959,-1.1595146873930098,1.104450229000148,0.1428571428571428,0.8883248730964466,-10.220214568040651,122.86345037906632,2.463450379066316,False,0.2,0.125,7.694784892549492,34.43654962093369,2.453428421378682,125.316878800445,0.0334050047753199,0.0,122.86345037906632,False,127.28538417252064,0.0775082545433597,124.8652880192771,125.316878800445,0.0012439491,502155700.0,,1.8453002361560848,6.689464201900962,-2.4766939869357785,False
123185.SZ,能辉转债,2023-04-20,2023-04-19,128.47,85.33545478652877,3.47907,48.202422,29.091165784048,A+,建筑装饰,周期,3-10,0-50,A+/A,123.05916419390668,123.05916419390668,0.0,False,False,115.14359491147496,130.9747334763384,True,6.0,397.0,7.953671908366829,2023.0,80-90,7.0,0.5051885265700155,-0.0914146435748539,1.0,铁汉转债、鸿路转债、汇通转债、亚泰转债、精装转债、建工转债、中装转2,0.0232692624824023,1.3194024641601332,0.2574999786279939,0.4328712279547841,0.1428571428571428,-1.2883435582822125,-12.8857606930157,123.05916419390668,-5.410835806093317,False,0.15,0.125,6.948449089324645,34.24083580609333,2.3175665311376847,125.37673072504435,0.0464287990793448,0.0,123.05916419390668,False,127.21754666180564,0.078780686746957,125.08230161360206,125.37673072504435,0.001856957,157412700.0,,1.2467650166917321,6.28881615250702,-2.459030258266865,False
127084.SZ,柳工转2,2023-04-20,2023-04-19,119.995,87.54764930114358,30.0,134.4419008829,22.939997297812,AAA,机械设备,制造,20-50,50-300,AAA/AA+,120.18228326821963,120.18228326821963,0.0,False,False,112.2667139857879,128.09785255065137,True,6.0,397.0,7.953671908366829,2023.0,80-90,7.0,0.5205014390804606,0.1822238494011856,1.0,浙矿转债、弘亚转债、博实转债、斯莱转债、大元转债、耐普转债、泰福转债,-0.4084329712595707,0.9630504669556662,-1.2289754534570072,-0.6048410597575271,0.1428571428571428,3.609022556390973,-0.433526011560692,120.18228326821963,0.1872832682196303,False,0.15,0.125,6.970169074290757,37.11771673178038,1.6363622383759644,121.8186455065956,8.581470510366699e-06,0.0,120.18228326821963,False,122.59478995785165,0.0219832544651901,120.79425942728082,121.8186455065956,0.0145227548,1445470500.0,,3.4011973816621555,4.232038563063001,-3.7952457892566933,False
123186.SZ,志特转债,2023-04-21,2023-04-20,119.1,86.66017526777021,6.14033,58.346026548,35.444658192162,A+,建筑装饰,周期,3-10,50-300,A+/A,122.89404290574016,122.89404290574016,0.0,False,False,114.97847362330845,130.80961218817188,True,6.0,400.0,7.780057589449616,2023.0,80-90,7.0,0.5948628893831794,0.3052614039333963,1.0,海波转债、鸿路转债、花王转债、岩土转债、精工转债、测绘转债、精装转债,1.2253340005643,0.8377420461766965,3.9097876517418033,-2.2535431371782435,0.4285714285714285,-11.221945137157109,-10.169063840524862,122.89404290574016,3.79404290574017,False,0.1,0.125,6.427797127940485,34.40595709425985,0.659923043613839,123.553965949354,0.0157213682501378,0.0,122.89404290574016,False,125.84475885990264,0.0698623200992414,124.69680289662011,123.553965949354,0.0009582814,515839800.0,,1.8148784866431291,6.950369086173683,-2.588806168570581,False
123187.SZ,超达转债,2023-04-25,2023-04-24,124.0,85.27272727272728,4.69,20.4743325108,50.131204747136,A,汽车,制造,3-10,0-50,A+/A,123.00896849056365,123.00896849056365,0.0,False,False,115.36729354629264,130.65064343483465,True,6.0,395.0,6.661273012072412,2023.0,80-90,7.0,0.8160177956185652,0.718252579510219,1.0,今飞转债、威唐转债、汽模转2、冠盛转债、泉峰转债、豪能转债、联诚转债,-0.1927670139689891,0.0247081356029228,1.3553861619322978,-0.8724218781008708,0.1428571428571428,-4.253147329023477,-14.416058394160592,123.00896849056365,-0.991031509436354,False,0.1,0.1,6.528884898134626,34.291031509436365,2.272918965687359,125.281887456251,0.0435188198882128,0.0,123.00896849056365,False,126.54857548273937,0.0888679962102058,125.29449993423212,125.281887456251,0.0004507243,420390700.0,,1.545432582458188,7.70465471359063,-2.3275357065723385,False
123188.SZ,水羊转债,2023-04-25,2023-04-24,125.0,103.06345733041576,6.94987,55.0199049408,33.26501067839,A+,美容护理,消费,3-10,50-300,A+/A,131.99438310817078,131.99438310817078,0.0,False,False,124.35270816389976,139.6360580524418,True,6.0,395.0,6.661273012072412,2023.0,100-110,7.0,0.443838050766764,0.4994650633742692,0.1428571428571428,共同转债、珀莱转债、康医转债、奥佳转债、火星转债、台21转债、雪榕转债,1.398066796719112,2.150028037784937,2.918855592793303,-0.4226135523125118,0.2857142857142857,1.0729613733905683,2.243125904486254,131.99438310817078,6.99438310817078,False,0.1,0.1,6.389385889443318,25.30561689182923,0.3374617110371533,132.33184481920793,0.0474832166892994,0.0,131.99438310817078,False,135.24958832955997,0.019748472221567,132.3691935623492,132.33184481920793,0.001146857,571239500.0,,1.9387229543657882,6.770730121667392,-3.9047330672462333,False
123189.SZ,晓鸣转债,2023-04-25,2023-04-24,119.9,85.89809572825529,3.29,31.74629935,39.491134644142,A+,农林牧渔,消费,3-10,0-50,A+/A,124.41154494140186,124.41154494140186,0.0,False,False,116.76986999713084,132.05321988567286,True,6.0,395.0,6.661273012072412,2023.0,80-90,7.0,0.6579779867375306,0.4813218040702335,1.0,牧原转债、金农转债、巨星转债、天康转债、希望转2、湘佳转债、希望转债,0.3543639972082721,1.4489174471634083,-0.9488258368409987,1.5195581328687036,0.0,-3.414351851851849,-6.811836962590723,124.41154494140186,4.511544941401851,False,0.1,0.1,6.474133353894581,32.888455058598154,1.4009928634316904,125.81253780483355,0.0550248549593241,0.0,124.41154494140186,False,128.5834353994217,0.0884528094540594,126.5933521278043,125.81253780483355,0.0007710026,247956200.0,,1.1908875647772805,7.167818812162792,-2.3326741818919694,False
123190.SZ,道氏转02,2023-04-25,2023-04-24,112.11,86.73997412677879,26.0,78.0015341061,26.108255430208,AA-,电力设备,制造,20-50,50-300,AA/AA-,120.47907039755869,120.47907039755869,0.0,False,False,112.83739545328768,128.1207453418297,False,6.0,395.0,6.661273012072412,2023.0,80-90,7.0,0.681686874071145,0.5151412149416527,1.0,高测转债、芳源转债、天23转债、帝尔转债、嘉元转债、锂科转债、通22转债,0.9695718560368576,0.9619963875261932,2.639737411757306,-2.4905817712012945,0.2857142857142857,-8.651226158038138,-13.091380427738176,120.47907039755869,8.369070397558687,False,0.1,0.1,6.657924519768867,36.820929602441325,1.7275206095152538,122.20659100707394,2.913993919380365e-05,0.0,120.47907039755869,False,122.22908907704046,0.0213883731924004,121.06972523527978,122.20659100707394,0.0071308368,1857507300.0,,3.258096538021482,4.943326688188604,-3.8232873942309964,False
127081.SZ,中旗转债,2023-04-25,2023-04-24,118.5,99.00891972249752,5.4,35.3259387,42.993175544531,A+,建筑材料,周期,3-10,0-50,A+/A,130.00598024747185,130.00598024747185,0.0,False,False,122.09041096504012,137.9215495299036,False,6.0,395.0,6.661273012072412,2023.0,90-100,7.0,0.644720384772391,0.416524872281404,1.0,再22转债、长海转债、山玻转债、濮耐转债、垒知转债、旗滨转债、冀东转债,1.037871451111734,1.1410531092204494,3.182599669234296,-2.8559975627046263,0.2857142857142857,-6.606419445310074,-3.1663974151857843,130.00598024747185,11.505980247471854,False,0.1,0.1,7.069033041818983,27.29401975252816,0.472296244823549,130.4782764922954,0.0740533270996647,0.0,130.00598024747185,False,133.5026407631521,0.0783485551598481,131.60981550655805,130.4782764922954,0.0007473094,462622800.0,,1.6863989535702288,7.199031268490788,-2.4649995818201207,False
127083.SZ,山路转债,2023-04-26,2023-04-25,117.022,89.35128518971848,48.36,113.952109619,36.920459255366,AA+,建筑装饰,周期,20-50,50-300,AAA/AA+,121.09223560750816,121.09223560750816,0.0,False,False,112.99209536690624,129.19237584811006,True,6.0,391.0,6.618712060426103,2023.0,80-90,7.0,0.6631832170947964,0.4200110033168282,1.0,交建转债、核建转债、建工转债、中装转2、岩土转债、精工转债、汇通转债,-0.0516384126591841,-1.1795327570034269,-1.6235797383319976,3.8059567326789945,0.0,-10.866910866910862,-0.4092769440654842,121.09223560750816,4.0702356075081525,False,0.1,0.1,7.523055165676874,36.20776439249185,-0.6854515205654911,120.40678408694266,5.9546047474292295e-08,0.0,121.09223560750816,False,122.58508526329504,0.0232661013616522,121.72404574483406,120.40678408694266,0.00878048,3917718700.0,,3.878673025746592,4.735224203125573,-3.7372168251421045,False
113668.SH,鹿山转债,2023-04-27,2023-04-26,115.23,77.33581584292484,5.24,42.6374511,33.251276768511,A+,基础化工,周期,3-10,0-50,A+/A,117.27281627977716,117.27281627977716,0.0,False,False,109.17267603917524,125.37295652037908,True,6.0,392.0,7.268699378151735,2023.0,<80,7.0,0.8577646689039005,0.7890894776848432,1.0,裕兴转债、利民转债、锦鸡转债、百川转2、回天转债、苏利转债、丰山转债,-0.5006647115544123,-0.5387953504068642,-1.461605203708995,1.892047130391017,0.0,-4.792665138570539,-7.9016327353356175,117.27281627977716,2.0428162797771563,False,0.1,0.1,6.790026692343403,40.02718372022285,1.3880868393599668,118.66090311913712,0.0086152483005696,0.0,117.27281627977716,False,119.14732424433492,0.0190833758278967,117.84570662247611,118.66090311913712,0.0012300542,391844000.0,,1.6563214983329508,6.7006970455279955,-3.939669884750095,False
127082.SZ,亚科转债,2023-04-27,2023-04-26,119.27,86.37770897832817,11.59,69.7594671954,36.257309442317,AA,有色金属,周期,10-20,50-300,AA/AA-,120.76683619057098,120.76683619057098,0.0,False,False,112.66669594996908,128.8669764311729,True,6.0,392.0,7.268699378151735,2023.0,80-90,7.0,0.7112770924860767,0.6287611905524179,1.0,楚江转债、顺博转债、华友转债、翔鹭转债、中矿转债、明泰转债、金田转债,0.536640786059054,-0.0952189899182422,4.769030369176004,-1.3959119956123978,0.2857142857142857,-8.374384236453203,-5.423728813559325,120.76683619057098,1.4968361905709884,False,0.1,0.1,6.407312312929196,36.53316380942903,-0.1138999362803607,120.65293625429062,0.0022946362040676,0.0,120.76683619057098,False,122.4436631128288,0.0197900234637128,121.30908031731518,120.65293625429062,0.0027603682,867485000.0,,2.4501426573516603,5.892391202353739,-3.902588865236987,False
123191.SZ,智尚转债,2023-04-28,2023-04-27,124.1,93.18734793187348,6.9958,41.364,48.432462294217,AA-,纺织服饰,消费,3-10,0-50,AA/AA-,126.10450421712268,126.10450421712268,0.0,False,False,118.00436397652076,134.20464445772458,True,6.0,396.0,6.986677710982959,2023.0,90-100,7.0,0.5865219247194838,0.3120089930166595,1.0,盛泰转债、孚日转债、鲁泰转债、富春转债、起步转债、搜特转债、开润转债,-1.0389895086133747,-0.1159946086870207,-1.0342679152859997,1.715033870997151,0.1428571428571428,2.4977698483496846,-4.884105960264895,126.10450421712268,2.004504217122687,False,0.05,0.1,4.939937025654058,31.19549578287733,1.5749884672586438,127.67949268438132,0.0217641657867776,0.0,126.10450421712268,False,128.9321051485022,0.0806377283628796,127.99115465343644,127.67949268438132,0.0006012601,637799100.0,,1.945309968983281,7.4164829383485955,-2.433713612854441,False
111013.SH,新港转债,2023-05-05,2023-05-04,133.534,94.44444444444444,3.69135,34.7191017,18.91294665951,AA-,公用事业,周期,3-10,0-50,AA/AA-,124.2578021029239,124.2578021029239,0.0,False,False,116.157661862322,132.35794234352582,False,6.0,402.0,6.9163276805660425,2023.0,90-100,7.0,0.6760670915171704,0.5703001425896578,0.8571428571428571,晶科转债、九洲转2、长集转债、皖天转债、节能转债、双箭转债、首华转债,-1.1974845213987917,-0.8385019911687965,-1.6891408730848507,2.202547738020222,0.0,3.83233532934133,0.3472222222222099,124.2578021029239,-9.276197897076088,False,0.05,0.1,4.812060829635303,33.04219789707611,1.1090944283525077,125.3668965312764,0.0216159315596271,0.0,124.2578021029239,False,126.85365845100144,0.0202574709624455,124.75981562625046,125.3668965312764,0.0004036098,326559000.0,,1.3059922448028412,7.815061988312811,-3.878766149745047,False
123194.SZ,百洋转债,2023-05-05,2023-05-04,129.0,104.5586107091172,8.6,151.7539,28.684303033365,AA-,医药生物,消费,3-10,50-300,AA/AA-,130.5264795116894,130.5264795116894,0.0,False,False,122.0300727517122,139.02288627166658,True,6.0,402.0,6.9163276805660425,2023.0,100-110,7.0,0.6386890768352161,0.3997597661442655,1.0,九强转债、花园转债、微芯转债、溢利转债、大参转债、柳药转债、康医转债,2.256473246994036,2.183808644256485,5.454177602358149,1.7832187627569551,0.2857142857142857,0.1386001386001423,8.037383177570078,130.5264795116894,1.526479511689388,False,0.05,0.1,5.121084249447629,26.773520488310623,-1.4232998029160653,129.10317970877333,0.0068844543169383,0.0,130.5264795116894,False,132.51617800631212,0.0209475118255221,130.9471084894692,129.10317970877333,0.0010472967,753770800.0,,2.151762203259462,6.861543006149748,-3.844565383126701,False
123195.SZ,蓝晓转02,2023-05-08,2023-05-05,129.7,95.07171357705164,5.460645,295.4221085168,43.635688471329,A+,基础化工,周期,3-10,50-300,A+/A,126.58495483064196,126.58495483064196,0.0,False,False,118.08854807066476,135.08136159061914,True,6.0,403.0,8.00063616252878,2023.0,90-100,7.0,0.5249334783540734,-0.1142440621828992,1.0,道恩转债、会通转债、双箭转债、阿拉转债、优彩转债、新化转债、润禾转债,0.3348177337267956,-1.2193691997866587,0.4811850007779981,-0.7919000679283528,0.4285714285714285,-8.022952529994786,-5.781767660574966,126.58495483064196,-3.1150451693580266,False,0.05,0.1,5.170460811666981,30.71504516935805,0.8744781369056759,127.45943296754764,0.0037485564565962,0.0,126.58495483064196,False,127.93871082685165,0.0253675510206973,127.1693289372195,127.45943296754764,0.0008211022,456937100.0,,1.697566914647926,7.104862973920518,-3.648589586087499,False
113669.SH,景23转债,2023-05-09,2023-05-08,120.245,87.59237650719564,11.54,190.8007835492,51.168219870413,AA,电子,科技,10-20,50-300,AA/AA-,122.48863268930356,122.48863268930356,0.0,False,False,113.99222592932637,130.98503944928075,True,6.0,407.0,9.087096821200111,2023.0,80-90,7.0,0.7957626608509781,0.7505290174188978,1.0,景20转债、南电转债、长信转债、飞凯转债、强力转债、崇达转2、晶瑞转2,0.4873371817153381,2.391177898773089,1.5793241826680031,-1.972659285159295,0.1428571428571428,0.0888888888888939,-14.761544284632864,122.48863268930356,2.2436326893035528,False,0.0,0.1,4.438727846986588,34.811367310696454,3.050417369822294,125.53905005912586,0.0007080347618254,0.0,122.48863268930356,False,125.05439966038372,0.0233912593305755,123.09934397961588,125.53905005912586,0.0016874092,971348000.0,,2.4458192610799534,6.384560944072667,-3.731723681987832,False
123193.SZ,海能转债,2023-05-09,2023-05-08,116.324,80.48999103674933,6.0,41.288761248,55.69018228213,AA-,电子,科技,3-10,0-50,AA/AA-,119.80361650730686,119.80361650730686,0.0,False,False,111.30720974732968,128.30002326728405,True,6.0,407.0,9.087096821200111,2023.0,80-90,7.0,0.7411671438237749,0.589710514645504,1.0,银微转债、明电转债、利德转债、景20转债、长信转债、环旭转债、华正转债,0.4282820888060176,5.219103060341736,1.1607726089529962,-2.392877471094468,0.2857142857142857,4.702681694520017,-18.190100212572112,119.80361650730686,3.479616507306858,False,0.0,0.1,4.011653968485744,37.49638349269316,4.043501070298722,123.84711757760556,0.0086413970646697,0.0,119.80361650730686,False,122.79084318338651,0.0213945591652808,120.40528045364572,123.84711757760556,0.0012609046,468679400.0,,1.791759469228055,6.6759258791039455,-3.822991893565204,False
123192.SZ,科思转债,2023-05-11,2023-05-10,157.298,126.53215161229492,7.249178,113.61372,81.489836256083,AA-,美容护理,消费,3-10,50-300,AA/AA-,151.61770495410326,151.61770495410326,0.0,False,True,143.12129819412607,157.3,True,6.0,399.0,7.131833870582437,2023.0,>=120,7.0,0.4068186421328582,0.3939771138821637,0.2857142857142857,水羊转债、珀莱转债、友发转债、大禹转债、大元转债、科沃转债、亚康转债,1.0324217134656504,-0.2236831857582685,3.581875581386001,1.6949653386466423,0.2857142857142857,0.2090800477897225,25.67896609852032,151.61770495410326,-5.680295045896742,True,0.0,0.1,4.116499833250353,5.682295045896751,-3.68313866978721,147.93456628431605,0.4601594232218577,0.0,151.61770495410326,False,152.8466542066525,0.1362515692040429,152.1983711666161,147.93456628431605,0.001083763,612185500.0,,1.9808880831283187,6.827316034555077,-1.8467786077752457,True
113670.SH,金23转债,2023-05-16,2023-05-15,121.358,84.33156431640131,7.7,51.4755215234,51.034182185569,AA,轻工制造,制造,3-10,50-300,AA/AA-,120.21337944728693,120.21337944728693,0.0,False,False,111.71697268730972,128.7097862072641,True,6.0,406.0,7.362089516952676,2023.0,80-90,7.0,0.6993928138203189,0.5032977947644867,1.0,欧22转债、江山转债、未来转债、蒙娜转债、松霖转债、海顺转债、好客转债,-1.477530802446275,0.1714431463402863,-2.0976386520330053,0.9170249853317712,0.1428571428571428,-1.0379596678529055,-15.411913814955655,120.21337944728693,-1.1446205527130786,False,0.05,0.125,4.097718515100788,37.086620552713086,2.9189382563281296,123.13231770361506,0.0078592995554841,0.0,120.21337944728693,False,122.2781731056268,0.0232589556732344,120.86032649491614,123.13231770361506,0.0006082031,703928000.0,,2.0412203288596382,7.405001685726436,-3.737531316930885,False
118034.SH,晶能转债,2023-05-19,2023-05-18,119.505,88.39738941261784,100.0,1219.0,44.753342952466,AA+,电力设备,制造,50+,300+,AAA/AA+,119.78533462668751,119.78533462668751,0.0,False,False,111.28892786671032,128.2817413866647,True,6.0,408.0,6.484422419758661,2023.0,80-90,7.0,0.8055709725808653,0.7411691234789338,1.0,天23转债、金盘转债、道氏转02、杭电转债、天赐转债、通22转债、隆22转债,-0.4550227768745358,-0.7531450263868703,-0.7631778380239993,0.5380476556495095,0.0,4.366438356164393,-9.435364041604766,119.78533462668751,0.2803346266875195,False,0.05,0.125,4.015395111574084,37.514665373312496,2.945852156020162,122.73118678270768,6.305116760146985e-16,0.0,119.78533462668751,False,120.4970268941682,0.0360972848250335,120.80096779750971,122.73118678270768,0.0106534059,8896612000.0,,4.605170185988092,4.541875635135822,-3.2847727217424274,False
123196.SZ,正元转02,2023-05-19,2023-05-18,130.0,86.69710806697107,3.5073,39.9756825792,58.566490599642,A+,计算机,科技,3-10,0-50,A+/A,122.63043042951632,122.63043042951632,0.0,False,False,114.13402366953912,131.1268371894935,True,6.0,408.0,6.484422419758661,2023.0,80-90,7.0,0.7948844057860073,0.6838135713549848,1.0,科蓝转债、山石转债、丝路转债、恒锋转债、思创转债、银信转债、多伦转债,-0.437064843765155,-1.1696566864712643,-0.731080472567001,-1.6605913325232868,0.1428571428571428,-2.4323398424117904,-9.270468302007009,122.63043042951632,-7.369569570483677,False,0.05,0.1,3.906239323955144,34.66956957048369,2.453937725144905,125.08436815466123,0.045181415998306,0.0,122.63043042951632,False,128.5994450628885,0.0781163512465365,124.66162563511692,125.08436815466123,0.000688977,280503200.0,,1.2548465106987459,7.280302669220425,-2.4682196232987614,False
127085.SZ,韵达转债,2023-05-23,2023-05-22,126.8,100.65843621399178,24.5,354.94682605,30.376198621566,AA+,交通运输,周期,20-50,300+,AAA/AA+,127.51624395441812,127.51624395441812,0.0,False,False,119.01983719444092,136.0126507143953,True,6.0,413.0,6.56813613840784,2023.0,100-110,7.0,0.5845106545313496,0.4576961110822427,0.7142857142857143,宏川转债、长久转债、晶科转债、嘉诚转债、南航转债、北港转债、兴发转债,0.2613726809150945,-0.1040239049347802,1.098512773308002,-1.252599815881883,0.1428571428571428,2.086811352253748,0.4930156121610629,127.51624395441812,0.7162439544181183,False,0.05,0.1,4.004176012174662,29.783756045581896,1.1889038669676824,128.7051478213858,1.0770182995947622e-05,0.0,127.51624395441812,False,127.94964714114134,0.0296597106040173,128.17877714317757,128.7051478213858,0.0034997486,2082855500.0,,3.1986731175506815,5.655064141637993,-3.487857244238133,False
123197.SZ,光力转债,2023-05-29,2023-05-26,147.0,104.98602050326188,4.0,79.17214106670001,76.533274888311,A+,机械设备,制造,3-10,50-300,A+/A,137.16181677161003,137.16181677161003,0.0,False,False,129.06167653100812,145.26195701221195,False,6.0,411.0,6.585870642607722,2023.0,100-110,7.0,0.6946641663862169,0.4801130656511153,1.0,耐普转债、智能转债、浙矿转债、泰福转债、金轮转债、万讯转债、深科转债,-1.0885582996169505,-1.1040383113515624,-1.9645070418819053,1.4846224133840735,0.1428571428571428,-3.511777301927199,7.902298850574718,137.16181677161003,-9.838183228389966,False,0.05,0.075,4.030624046484586,20.138183228389977,-0.7324472620141036,136.42936950959594,0.2905228310333899,0.0,137.16181677161003,False,141.71329871546683,0.1732650119114709,139.7787486893168,136.42936950959594,0.0005588595,343191400.0,,1.3862943611198906,7.489612458082363,-1.5626619108012605,False
118035.SH,国力转债,2023-07-06,2023-07-05,132.691,92.12698412698413,4.8,55.364356,46.655152942824,A+,电子,科技,3-10,50-300,A+/A,128.21098098737625,128.21098098737625,0.0,False,False,120.11084074677431,136.31112122797816,True,6.0,404.0,8.156532463764218,2023.0,90-100,7.0,0.616685106233831,0.3058456261611928,1.0,超声转债、瀛通转债、明电转债、利德转债、华正转债、世运转债、艾华转债,-1.0870483361416352,0.9031846176121624,-1.878646649446999,1.7663298697611074,0.1428571428571428,-5.549227013832391,-7.7851922465840495,128.21098098737625,-4.480019012623757,False,0.05,0.075,4.3328310626170765,29.08901901262377,1.015018918740842,129.2259999061171,0.0453331801586383,0.0,128.21098098737625,False,130.72097016008203,0.0811785787596772,129.98203490309476,129.2259999061171,0.0011172963,371536000.0,,1.5686159179138452,6.796843529971106,-2.4264403809243626,False
123198.SZ,金埔转债,2023-07-07,2023-07-06,128.0,99.26289926289924,5.2,19.19808,27.742371324806,A+,建筑装饰,周期,3-10,0-50,A+/A,128.90689572237656,128.90689572237656,0.0,False,False,121.40465852571708,136.40913291903604,True,6.0,403.0,7.014672320708303,2023.0,90-100,7.0,0.7003756530026379,0.5470116034938057,1.0,文科转债、设研转债、精装转债、铁汉转债、汇通转债、交建转债、建工转债,-0.9199714928169604,-0.0910770596232133,-1.0254640593449986,0.0435778849262824,0.0,2.7118644067796405,-3.11750599520384,128.90689572237656,0.9068957223765608,False,0.05,0.075,4.507280437776446,28.39310427762345,1.7256457208605314,130.6325414432371,0.0395538221355392,0.0,128.90689572237656,False,131.0539524559983,0.0252685585371988,129.4449853354955,130.6325414432371,0.0020648793,341498200.0,,1.6486586255873816,6.182683504640626,-3.6526011110828933,False
123199.SZ,山河转债,2023-07-07,2023-07-06,135.0,87.94520547945206,3.2,37.6308767055,25.150494938137,A+,医药生物,消费,3-10,0-50,A+/A,125.43965771738874,125.43965771738874,0.0,False,False,117.93742052072923,132.94189491404822,False,6.0,403.0,7.014672320708303,2023.0,80-90,7.0,0.6707275118082217,0.4880908592919981,1.0,漱玉转债、宝莱转债、寿22转债、新天转债、柳药转债、奇正转债、花园转债,0.8610622481977397,-0.9547541248565066,2.001690933553,-2.415207675707776,0.4285714285714285,-7.49279538904899,-11.325966850828728,125.43965771738874,-9.56034228261126,False,0.05,0.075,4.202906068486735,31.86034228261127,1.9022614279910963,127.34191914537983,0.0323181806174689,0.0,125.43965771738874,False,127.00894151094585,0.0239461735253582,126.01185768104628,127.34191914537983,0.0009017926,232702300.0,,1.1631508098056809,7.011125997821559,-3.707709193172518,False
127086.SZ,恒邦转债,2023-07-07,2023-07-06,125.4,95.46247818499126,31.6,125.59277536,26.594790991796,AA+,有色金属,周期,20-50,50-300,AAA/AA+,124.79834320632396,124.79834320632396,0.0,False,False,116.69820296572205,132.89848344692587,True,6.0,403.0,7.014672320708303,2023.0,90-100,7.0,0.5709153784481595,0.313399215625238,1.0,中金转债、中矿转债、国城转债、新星转债、豪美转债、正海转债、翔鹭转债,-0.5468447524339799,-0.0722344068667156,-4.712175905919001,3.4891039257336054,0.0,1.7674418604651132,-2.3214285714285743,124.79834320632396,-0.6016567936760424,False,0.05,0.075,4.455345935547205,32.50165679367605,1.828278808366508,126.62662201469048,5.8245959939239625e-06,0.0,124.79834320632396,False,125.23520595713649,0.0247344944750232,125.40127724411818,126.62662201469048,0.0114181685,2050934800.0,,3.4531571205928664,4.472549464148363,-3.6745109404534593,False
111014.SH,李子转债,2023-07-13,2023-07-12,139.689,92.75808936825884,6.0,71.23413024,26.879996421505,AA,食品饮料,消费,3-10,50-300,AA/AA-,126.09847021056876,126.09847021056876,0.0,False,False,117.99832996996685,134.19861045117068,False,6.0,404.0,6.444144911946852,2023.0,90-100,7.0,0.6695145782999052,0.5113895375475301,1.0,新乳转债、洽洽转债、龙大转债、伊力转债、百润转债、仙乐转债、立高转债,0.3958805369093268,2.1730992541181484,1.813334545076998,-1.8151380705148268,0.2857142857142857,-2.1138211382113803,-3.525641025641024,126.09847021056876,-13.59052978943123,False,0.05,0.075,4.066975255353073,31.201529789431248,0.9790043337489638,127.07747454431772,0.0135557825739648,0.0,126.09847021056876,False,127.52185760293445,0.0236814458075339,126.6526432131842,127.07747454431772,0.0008300372,523487000.0,,1.791759469228055,7.094040038900876,-3.7190970564392054,False
123200.SZ,海泰转债,2023-07-17,2023-07-14,157.3,104.75833645560137,3.965716,23.26272,69.501847384332,A,汽车,制造,3-10,0-50,A+/A,136.97611294125215,136.97611294125215,0.0,False,True,128.42561704379,145.5266088387143,False,6.0,402.0,8.213572889793662,2023.0,100-110,7.0,0.5315370337550841,-0.0333775926487266,1.0,亚太转债、冠盛转债、精锻转债、今飞转债、豪能转债、拓普转债、永安转债,1.1273941027019945,-0.4511565092612812,2.122036336344502,-2.105894780666806,0.5714285714285714,0.575539568345329,0.2150537634408644,136.97611294125215,-20.323887058747857,True,0.05,0.075,4.171202732451042,20.323887058747857,1.1654634231682774,138.14157636442044,0.3496512154507549,0.0,136.97611294125215,False,141.04769827707403,0.1375014535113136,139.07203594993535,138.14157636442044,0.0006827691,331947100.0,,1.377686418859854,7.2893538229010595,-1.8361989756314612,True
127087.SZ,星帅转2,2023-07-17,2023-07-14,131.0,101.27340823970036,4.629,41.4694250984,19.919127366687,A+,家用电器,消费,3-10,0-50,A+/A,131.34382456414158,131.34382456414158,0.0,False,False,122.01079778995846,140.6768513383247,True,6.0,402.0,8.213572889793662,2023.0,100-110,7.0,0.6907219373147598,0.5296565081529179,1.0,华翔转债、荣泰转债、火星转债、朗科转债、奥佳转债、小熊转债、奇精转债,0.5733236590853228,1.0511770387154749,1.1828076786714965,-1.8620837576350024,0.2857142857142857,0.4457652303120341,6.87747035573123,131.34382456414158,0.3438245641415847,False,0.1,0.1,4.983885305013027,25.956175435858427,0.1207684614295823,131.46459302557116,0.0709265679580753,0.0,131.34382456414158,False,134.31551400081517,0.0287698273292422,131.90389057820445,131.46459302557116,0.0011259282,357017700.0,,1.5323408620491334,6.7891475168394875,-3.5192363114536973,False
123201.SZ,纽泰转债,2023-07-18,2023-07-17,157.3,114.92637215528782,3.5,27.472,81.031497317969,A,汽车,制造,3-10,0-50,A+/A,145.7260700676382,145.7260700676382,0.0,False,True,136.3930432934551,155.05909684182132,False,6.0,407.0,7.701627980285147,2023.0,110-120,7.0,0.5774726405026521,0.2881150582081032,1.0,远东转债、永安转债、联诚转债、冠盛转债、德尔转债、豪能转债、亚太转债,0.3128731421518329,0.3795625073666477,0.7839007190025029,-1.724137931034475,0.4285714285714285,-14.21433924556582,14.96484767325077,145.7260700676382,-11.573929932361809,True,0.1,0.1,4.898935719231249,11.573929932361809,-3.000895128587411,142.7251749390508,0.8243962874235987,11.573929932361809,157.3,True,149.9276721924503,0.3071255204557106,148.39205700828413,157.3,0.0008407352,270462100.0,,1.252762968495368,7.081233810829195,-0.8135923311404599,True
123203.SZ,明电转02,2023-07-19,2023-07-18,157.3,104.0,4.485,45.8312759684,33.612606550369,AA-,电子,科技,3-10,0-50,AA/AA-,133.63496360089945,133.63496360089945,0.0,False,True,124.04726900119816,143.22265820060073,False,6.0,408.0,7.726417838848835,2023.0,100-110,7.0,0.8666666024264765,0.8274855324154956,1.0,明电转债、艾华转债、景23转债、兴森转债、海能转债、洁美转债、超声转债,-0.0074179769968022,-0.1406249123708929,-1.162953138104502,1.7048663276088172,0.1428571428571428,3.091397849462352,-0.9043927648578864,133.63496360089945,-23.66503639910056,True,0.15,0.1,5.40279040632079,23.66503639910056,1.4909489446313855,135.12591254553084,0.1903035395480345,0.0,133.63496360089945,False,138.03971413322762,0.0304708050052155,134.1757831330682,135.12591254553084,0.0010374858,345478300.0,,1.5007384955107594,6.8709549927000735,-3.4600415754357314,True
127088.SZ,赫达转债,2023-07-19,2023-07-18,135.1,107.58620689655172,6.0,64.103652288,20.34561978609,AA-,基础化工,周期,3-10,50-300,AA/AA-,134.6432981838136,134.6432981838136,0.0,False,False,124.91797844368656,144.36861792394066,True,6.0,408.0,7.726417838848835,2023.0,100-110,7.0,0.7569374057597394,0.6234011023853041,1.0,优彩转债、建龙转债、百川转2、蒙泰转债、彤程转债、富淼转债、双箭转债,0.0671747892265362,-0.5647465664154858,-0.044066435023506,0.2846604595588997,0.0,-0.4784688995215336,8.710801393728218,134.6432981838136,-0.4567018161863814,False,0.2,0.125,6.485817015419684,22.6567018161864,-0.359439389108354,134.28385879470525,0.1475174939908509,0.0,134.6432981838136,False,137.17119519851624,0.1164614302941739,136.62227210825986,134.28385879470525,0.0018983767,411269500.0,,1.791759469228055,6.266756126411509,-2.0263747986343246,False
118036.SH,力合转债,2023-07-20,2023-07-19,145.631,105.18501598903607,3.8,46.139691585,40.39001195264,AA-,电子,科技,3-10,0-50,AA/AA-,135.9764287800353,135.9764287800353,0.0,False,False,126.25110903990824,145.70174852016234,True,6.0,410.0,7.487697549843193,2023.0,100-110,7.0,0.786995784812485,0.6859579134827579,1.0,明电转债、富瀚转债、银微转债、长信转债、艾华转债、洁美转债、立昂转债,0.7934048067374686,0.5837228254069481,1.8212729365986524,0.2466730556866969,0.2857142857142857,3.762956286615582,2.219755826859049,135.9764287800353,-9.654571219964708,False,0.2,0.125,6.044842211375198,21.32357121996472,0.8229834136287704,136.79941219366407,0.4288393512601188,0.0,135.9764287800353,False,142.24281028346545,0.1812125110454166,138.87450219395447,136.79941219366407,0.001170883,274242000.0,,1.33500106673234,6.749997113961257,-1.5081541372074994,False
123202.SZ,祥源转债,2023-07-26,2023-07-25,135.117,100.45824847250508,4.6,21.3741470682,36.391978804738,A+,基础化工,周期,3-10,0-50,A+/A,131.50368877954398,131.50368877954398,0.0,False,False,121.77836903941692,141.22900851967103,True,6.0,407.0,7.002334976855275,2023.0,100-110,7.0,0.6215293133409066,0.3192546306746368,1.0,双箭转债、惠云转债、锦鸡转债、福新转债、新化转债、金禾转债、蒙泰转债,0.2384134316027078,-0.0530528050010784,0.4726551568040023,-0.6820516791863462,0.2857142857142857,-0.654582074521648,0.4071246819338459,131.50368877954398,-3.613311220456012,False,0.2,0.125,6.451246796788965,25.79631122045604,0.8486900320316614,132.35237881157565,0.2482121882382457,0.0,131.50368877954398,False,134.34861330265556,0.1036677380608686,133.50937270544813,132.35237881157565,0.0012347746,337574500.0,,1.5260563034950492,6.696866835680653,-2.1571202138422456,False
118037.SH,上声转债,2023-08-01,2023-07-31,157.3,98.43260188087774,5.2,75.36,54.983383566568,A+,汽车,制造,3-10,50-300,A+/A,134.76389330691518,134.76389330691518,0.0,False,True,125.03857356678812,144.48921304704223,False,6.0,416.0,9.36288320766984,2023.0,90-100,7.0,0.8150058926659354,0.7203799481715502,1.0,冠盛转债、正裕转债、明新转债、沿浦转债、爱迪转债、豪能转债、今飞转债,-0.4431956923862959,-2.4165052667937026,-0.773926615169005,2.051427610406509,0.0,0.3622416364798653,-1.46443514644351,134.76389330691518,-22.536106693084832,True,0.2,0.1,6.476160099343863,22.536106693084832,1.1167846123562408,135.88067791927142,0.3006702699209788,0.0,134.76389330691518,False,140.8543644578862,0.2204359022883625,138.4897185666329,135.88067791927142,0.0007374004,451936000.0,,1.6486586255873816,7.212379529717944,-1.2631279543237979,True
111015.SH,东亚转债,2023-08-02,2023-08-01,139.623,115.4308617234469,6.9,32.7168,32.239278743445,AA-,医药生物,消费,3-10,0-50,AA/AA-,141.4100146827522,141.4100146827522,0.0,False,False,131.38244604817615,151.43758331732826,True,6.0,417.0,8.419741185699499,2023.0,110-120,7.0,0.6895101881825515,0.512352800916028,1.0,九强转债、奇正转债、寿22转债、正川转债、亚药转债、敖东转债、乐普转2,-0.078722640853075,-1.322741257539108,0.1065481958082523,-0.6928808384182195,0.2857142857142857,2.8204212781149485,8.556351300414633,141.4100146827522,1.7870146827522149,False,0.25,0.125,7.490783799532927,15.889985317247806,0.2512148636955471,141.66122954644774,0.4958919623753473,0.0,141.4100146827522,False,146.22597279429817,0.1090056613897826,142.7090884519876,141.66122954644774,0.0013972534,560569000.0,,1.9315214116032138,6.573246826466201,-2.100938253241657,False
123204.SZ,金丹转债,2023-08-02,2023-08-01,129.989,100.33428844317096,7.0,37.9555203247,28.907711131635,AA-,基础化工,周期,3-10,0-50,AA/AA-,131.298192204334,131.298192204334,0.0,False,False,121.27062356975792,141.32576083891004,True,6.0,417.0,8.419741185699499,2023.0,100-110,7.0,0.6860298678235921,0.5505268418772813,1.0,利民转债、洋丰转债、天铁转债、赫达转债、永东转2、聚合转债、建龙转债,-0.400979370062071,-0.0923537725277865,-1.055858446134752,1.0615051264940667,0.1428571428571428,2.089407191448034,-0.1900237529691151,131.298192204334,1.309192204333982,False,0.25,0.125,7.406153708305195,26.001807795666025,1.1865287474659156,132.48472095179991,0.1506918651161299,0.0,131.298192204334,False,134.9957948244787,0.1011084285338692,133.26994364827863,132.48472095179991,0.0014873722,562152800.0,,1.9459101490553132,6.510744340201864,-2.1849689261985854,False
113671.SH,武进转债,2023-08-03,2023-08-02,157.3,99.53216374269005,3.1,47.7464091337,26.277001881232,AA,钢铁,周期,3-10,0-50,AA/AA-,131.7943122915998,131.7943122915998,0.0,False,True,121.76674365702374,141.82188092617585,False,6.0,414.0,6.840833396410103,2023.0,90-100,7.0,0.5942441568944318,0.4157822092122853,0.8571428571428571,大中转债、凌钢转债、友发转债、中特转债、甬金转债、本钢转债、金能转债,-0.3433341096166645,-3.117872146495124,-1.1004384169499986,1.3005269857027324,0.1428571428571428,2.406738868832714,-0.5841121495327228,131.7943122915998,-25.505687708400217,True,0.2,0.125,7.187598566227057,25.505687708400217,1.5369082336553248,133.3312205252551,0.2357615422884974,0.0,131.7943122915998,False,136.4382997284942,0.1096075475492117,133.89102420030517,133.3312205252551,0.0007089818,242034000.0,,1.1314021114911006,7.251680701719312,-2.094756086699765,True
127089.SZ,晶澳转债,2023-08-04,2023-08-03,116.71,81.76895306859205,89.603077,1049.7121771626,33.14742159405,AA+,电力设备,制造,50+,300+,AAA/AA+,118.20129428996106,118.20129428996106,0.0,False,False,107.3662616434597,129.03632693646242,True,6.0,415.0,7.4929348821208,2023.0,80-90,7.0,0.8049009309792262,0.7351704438789695,1.0,晶能转债、福莱转债、福22转债、通22转债、天23转债、隆22转债、天赐转债,-1.6142035919753488,-0.5486389772594306,-3.431297989508,1.2228692252467033,0.0,-4.170444242973714,-15.552596537949391,118.20129428996106,1.4912942899610613,False,0.25,0.15,8.405651924011414,39.09870571003896,2.85028338691844,121.05157767687948,6.305116760146985e-16,0.0,118.20129428996106,False,123.21992349116049,0.0602619546673286,119.96841761324823,121.05157767687948,0.0238292845,6616292000.0,,4.495389660909085,3.7368400135005975,-2.7469001908453268,False
123205.SZ,大叶转债,2023-08-08,2023-08-07,157.3,87.00649675162418,4.760312,27.856,41.318918489817,A+,机械设备,制造,3-10,0-50,A+/A,125.75333457779018,125.75333457779018,0.0,False,True,115.72576594321411,135.78090321236624,False,6.0,419.0,7.553515817641517,2023.0,80-90,7.0,0.6416882626176267,0.4262018223626316,1.0,华锐转债、大元转债、锋龙转债、斯莱转债、永02转债、昌红转债、智能转债,-0.2545205812681533,-0.5495960670714972,-0.5455453478060015,-0.7559117565628104,0.4285714285714285,-2.080989876265471,-12.556504269211455,125.75333457779018,-31.546665422209827,True,0.25,0.15,8.46619990717509,31.546665422209827,2.724280997221329,128.47761557501153,0.1624805823103691,0.0,125.75333457779018,False,133.6168743959506,0.1217142469082561,128.63309354603842,128.47761557501153,0.0007371566,404947600.0,,1.5603132123137564,7.212710205306912,-1.9762959408419358,True
123206.SZ,开能转债,2023-08-08,2023-08-07,157.3,98.76543209876544,2.5,32.321629144,28.308250290711,A+,家用电器,消费,0-3,0-50,A+/A,134.7779232311181,134.7779232311181,0.0,False,True,123.94289058461676,145.61295587761947,False,6.0,419.0,7.553515817641517,2023.0,90-100,7.0,0.6266837909353903,0.3597297236503646,1.0,星帅转2、华翔转债、奇精转债、奥佳转债、朗科转债、荣泰转债、小熊转债,-0.6212872651384849,-1.0912113822681655,-1.0195230939560034,0.4668033993035281,0.0,-2.0979020979021046,4.283054003724396,134.7779232311181,-22.522076768881902,True,0.3,0.175,9.675054699761398,22.522076768881902,0.0820209250704702,134.8599441561886,0.6075512324936024,22.522076768881902,157.3,True,142.6618329450064,0.1949054003734639,138.07017902352874,157.3,0.0005610573,195286000.0,,0.9162907318741551,7.485687518619981,-1.418445471016241,True
123207.SZ,冠中转债,2023-08-09,2023-08-08,157.3,91.90821256038647,4.0,21.309522,44.86941567107,A,建筑装饰,周期,3-10,0-50,A+/A,128.84814568234953,128.84814568234953,0.0,False,True,117.91886142539882,139.77742993930025,False,6.0,414.0,7.000153154685142,2023.0,90-100,7.0,0.555395266434741,0.1821558516167511,1.0,亚泰转债、岩土转债、设研转债、山路转债、铁汉转债、全筑转债、汇通转债,-1.140827318403315,-2.373757037912404,-1.9962644723589984,0.9287093138058866,0.0,1.942397856664435,-2.3733162283515075,128.84814568234953,-28.451854317650486,True,0.35,0.2,10.765346340484587,28.451854317650486,1.6863076517484044,130.53445333409792,0.5090598236870182,0.0,128.84814568234953,False,138.23399232146667,0.2377628524873579,133.92174121318902,130.53445333409792,0.0013446716,270987000.0,,1.3862943611198906,6.611605459309885,-1.1649839656802246,True
113672.SH,福蓉转债,2023-08-10,2023-08-09,157.3,102.53061224489797,6.4,85.117864,28.175269498271,AA,电子,科技,3-10,50-300,AA/AA-,134.03923350049143,134.03923350049143,0.0,False,True,122.5196633160416,145.55880368494127,False,6.0,411.0,9.251251299215555,2023.0,100-110,7.0,0.6575939718372321,0.3960002550961402,1.0,利德转债、聚飞转债、长信转债、兴森转债、联得转债、商络转债、景23转债,-0.0656004205753124,-0.8475687663908863,0.4918969885194957,-0.3208698370888829,0.1428571428571428,2.196908055329549,2.614379084967333,134.03923350049143,-23.260766499508577,True,0.4,0.225,11.696029894947614,23.260766499508577,0.8258640662872591,134.8650975667787,0.4201891018339302,0.0,134.03923350049143,False,142.2315907319753,0.2124063469548356,137.74478433013897,134.8650975667787,0.000725113,568009000.0,,1.8562979903656263,7.2291830531858645,-1.3104811171243895,True
113673.SH,岱美转债,2023-08-10,2023-08-09,157.3,120.35623409669212,9.07939,240.5392709104,72.338392942726,AA,汽车,制造,3-10,50-300,AA/AA-,151.49297584132563,151.49297584132563,0.0,False,True,139.51572593754997,157.3,True,6.0,411.0,9.251251299215555,2023.0,>=120,7.0,0.659851856042893,0.4530994603983549,1.0,麒麟转债、拓普转债、爱迪转债、冠盛转债、明新转债、远东转债、精锻转债,-0.2089926691228583,-0.6026402842458639,0.1350356445764933,-0.8708148425883466,0.0,5.816554809843422,17.296962182269084,151.49297584132563,-5.8070241586743805,True,0.45,0.25,12.635067269291856,5.8070241586743805,-0.7093893404876779,150.78358650083794,0.8579863416815826,5.8070241586743805,157.3,True,154.97978034877747,0.3231855800230252,152.90053569452232,157.3,0.0006100703,847431000.0,,2.2060070097397433,7.401936361535577,-0.7391704047913801,True
118038.SH,金宏转债,2023-08-10,2023-08-09,128.262,92.94032023289664,10.16,124.3497823272,32.942165052716,AA-,电子,科技,10-20,50-300,AA/AA-,127.794709671404,127.794709671404,0.0,False,False,115.81745976762828,139.7719595751797,True,6.0,411.0,9.251251299215555,2023.0,90-100,7.0,0.6346442803825072,0.3614015530372442,1.0,国微转债、韦尔转债、华特转债、银微转债、南电转债、世运转债、立讯转债,0.3074231379875402,-0.4257946439252886,1.3748508257075005,-0.2842496128151739,0.1428571428571428,-0.5451713395638658,-5.686853766617428,127.794709671404,-0.4672903285960075,False,0.5,0.275,12.880073691106745,29.50529032859602,1.526928891777606,129.3216385631816,0.1644421531827117,0.0,127.794709671404,False,138.78284107722465,0.22063994842463,132.67724397367036,129.3216385631816,0.0021741457,806218000.0,,2.318458442150336,6.131119473209586,-1.2619409559433237,False
123208.SZ,孩王转债,2023-08-10,2023-08-09,125.0,94.4110060189166,10.39,122.1024861,27.847186925339,AA,商贸零售,消费,10-20,50-300,AA/AA-,128.01211659546524,128.01211659546524,0.0,False,False,116.03486669168954,139.98936649924093,True,6.0,411.0,9.251251299215555,2023.0,90-100,7.0,0.5548205659102955,0.5420291947123305,0.4285714285714285,家悦转债、国泰转债、李子转债、鸿路转债、龙大转债、孚日转债、利群转债,-0.0649183514879145,0.1223734426183398,-0.9197804079865048,0.0108030767008104,0.2857142857142857,-2.399999999999991,-1.6129032258064502,128.01211659546524,3.012116595465244,False,0.5,0.275,12.425421093405983,29.287883404534767,1.0399760106119456,129.0520926060772,0.1514159283160749,0.0,128.01211659546524,False,138.05027052460272,0.1737758895404258,131.8292625889997,129.0520926060772,0.0043866442,605985800.0,,2.340843805111136,5.429190763346738,-1.559099578995254,False
110094.SH,众和转债,2023-08-14,2023-08-11,124.782,99.26829268292684,13.75,109.892023197,11.455028031268,AA,有色金属,周期,10-20,50-300,AA/AA-,129.0215069928361,129.0215069928361,0.0,False,False,117.0442570890604,140.99875689661178,True,6.0,419.0,7.502732970084998,2023.0,90-100,7.0,0.7386493899645865,0.5970705893667675,1.0,新星转债、亚科转债、顺博转债、正海转债、万顺转2、楚江转债、明泰转债,-0.1104124029573052,0.5473114080031887,0.4563874252524975,-0.1951311667956312,0.1428571428571428,-2.631578947368407,-0.9732360097323588,129.0215069928361,4.239506992836098,False,0.5,0.275,12.545944083495444,28.27849300716392,0.5733415042930721,129.59484849712916,0.057984644318425,0.0,129.0215069928361,False,138.18018299867038,0.1715200099772309,132.65925254488346,129.59484849712916,0.0038394492,993997000.0,,2.6210388241125804,5.562426360170644,-1.5748927484684327,False
118040.SH,宏微转债,2023-08-14,2023-08-11,128.36,87.26981585268214,4.3,82.665455575,19.620470861366,A,电子,科技,3-10,50-300,A+/A,126.3144063626626,126.3144063626626,0.0,False,False,114.3371564588869,138.29165626643828,True,6.0,419.0,7.502732970084998,2023.0,80-90,7.0,0.7022890216299652,0.4641921845104718,1.0,胜蓝转债、明电转债、明电转02、景23转债、联创转债、景20转债、国力转债,-0.1530053536280684,0.3679187070417195,0.1593642394194994,-0.3628298252063622,0.4285714285714285,-5.349079541507463,-17.009288868585347,126.3144063626626,-2.0455936373374186,False,0.5,0.275,12.078392943665689,30.985593637337416,2.644830475471739,128.95923683813433,0.4591447429983715,0.0,126.3144063626626,False,137.4220511016036,0.2369909647293255,131.82188565928018,128.95923683813433,0.001449559,282544000.0,,1.4586150226995167,6.536495906740009,-1.1692478560811033,False
123211.SZ,阳谷转债,2023-08-14,2023-08-11,123.9,93.13824419778,6.5,37.360351301,27.137208251509,AA-,基础化工,周期,3-10,0-50,AA/AA-,126.95582529079654,126.95582529079654,0.0,False,False,115.43625510634668,138.4753954752464,True,6.0,419.0,7.502732970084998,2023.0,90-100,7.0,0.7497579397743331,0.6207820600323075,1.0,建龙转债、三房转债、赫达转债、永22转债、金丹转债、惠云转债、博22转债,0.0579484967280741,-0.4597068392552023,0.6236492264004987,-0.3792649706931328,0.2857142857142857,-3.653444676409179,-6.578947368421051,126.95582529079654,3.055825290796534,False,0.45,0.275,11.164478272595163,30.34417470920347,1.3971189140529074,128.35294420484945,0.3811392324292036,0.0,126.95582529079654,False,136.78193510338767,0.2289619891136405,132.16657224036982,128.35294420484945,0.0011801815,529602300.0,,1.8718021769015913,6.7420870387733345,-1.2141816697349497,False
111016.SH,神通转债,2023-08-15,2023-08-14,157.3,85.3448275862069,5.77,42.06312,45.870816971272,AA-,汽车,制造,3-10,0-50,AA/AA-,124.9516640885825,124.9516640885825,0.0,False,True,113.43209390413266,136.47123427303234,False,6.0,423.0,7.549809270897644,2023.0,80-90,7.0,0.5637698327693644,0.2330331527718511,1.0,明新转债、汽模转2、正裕转债、沿浦转债、德尔转债、冠盛转债、文灿转债,0.8091399573581286,0.6461269629945677,1.3617195109005031,-0.4974615703972451,0.1428571428571428,-2.3668639053254448,-8.248378127896194,124.9516640885825,-32.34833591141751,True,0.45,0.275,11.300078308927912,32.34833591141751,1.7447443255476176,126.69640841413012,0.4483517785860362,0.0,124.9516640885825,False,141.19397232437964,0.2729682315807186,131.57421512482154,126.69640841413012,0.000427955,533357000.0,,1.7526720805200082,7.75649250809701,-0.9796147539645372,True
113674.SH,华设转债,2023-08-15,2023-08-14,126.051,98.19413092550788,4.0,59.488942824,26.622013384618,AA,建筑装饰,周期,3-10,50-300,AA/AA-,130.6804826450567,130.6804826450567,0.0,False,False,119.16091246060688,142.20005282950655,True,6.0,423.0,7.549809270897644,2023.0,90-100,7.0,0.7740999876812655,0.6859703211492582,1.0,精装转债、华阳转债、设研转债、鸿路转债、中装转2、汇通转债、铁汉转债,1.4140560899681858,1.9123641602882493,1.1110213949715018,-0.2666599569887184,0.7142857142857143,-2.247191011235972,-1.3605442176870874,130.6804826450567,4.629482645056712,False,0.45,0.3,12.338798607880696,26.61951735494329,0.8726431557969869,131.5531258008537,0.6310858182913314,26.61951735494329,157.3,True,141.4672668522377,0.3905284327854984,138.477241440656,157.3,0.0009620854,307300000.0,,1.3862943611198906,6.9464073378499185,-0.4450915206126605,False
118039.SH,煜邦转债,2023-08-15,2023-08-14,117.606,87.15415019762847,4.10806,21.7908835704,38.939239023661,A,电力设备,制造,3-10,0-50,A+/A,127.85749679046252,127.85749679046252,0.0,False,False,116.33792660601269,139.37706697491237,True,6.0,423.0,7.549809270897644,2023.0,80-90,7.0,0.6943080143062864,0.5141588373642356,1.0,凯中转债、通光转债、起帆转债、崧盛转债、中陆转债、白电转债、通裕转债,-0.116657472698468,0.2122590387118865,0.0030620767164997,-0.0630747269497578,0.0,-3.9215686274509776,-12.673267326732663,127.85749679046252,10.251496790462523,False,0.4,0.3,11.387020920178506,29.44250320953749,2.229040139207392,130.0865369296699,0.5644088688192704,0.0,127.85749679046252,False,142.17439861169453,0.3296435945356418,135.13664623305186,130.0865369296699,0.0016436549,250713000.0,,1.4129508976071674,6.410832919225202,-0.7097974651411364,False
127090.SZ,兴瑞转债,2023-08-15,2023-08-14,157.3,92.3574144486692,4.62,72.32838158,14.979762168598,AA-,汽车,制造,3-10,50-300,AA/AA-,127.04450386891122,127.04450386891122,0.0,False,True,115.52493368446136,138.56407405336105,False,6.0,423.0,7.549809270897644,2023.0,90-100,7.0,0.7316139234699158,0.5142248890892546,1.0,明新转债、冠盛转债、威唐转债、上声转债、沿浦转债、豪能转债、亚太转债,1.0955553238444673,2.388243155066255,1.5449852703345035,0.0940171263446199,0.2857142857142857,-2.056451612903232,-7.466666666666666,127.04450386891122,-30.25549613108879,True,0.4,0.3,11.876760668892311,30.25549613108879,1.4702881645097243,128.51479203342095,0.2639981743362959,0.0,127.04450386891122,False,141.08663765246496,0.1783791918297046,131.092217080114,128.51479203342095,0.0010256214,360486800.0,,1.5303947050936475,6.882456606180924,-1.5273674090763787,True
123212.SZ,立中转债,2023-08-16,2023-08-15,143.0,99.53330504879084,8.998,146.6536514634,46.469538776628,AA-,汽车,制造,3-10,50-300,AA/AA-,133.22501041840832,133.22501041840832,0.0,False,False,121.24776051463262,145.202260322184,True,6.0,425.0,8.872651480281066,2023.0,90-100,7.0,0.8273918556062557,0.7759350777190221,1.0,今飞转债、亚太转债、远东转债、拓普转债、泉峰转债、爱迪转债、沿浦转债,1.4344270521618978,0.9343448408326426,1.5400363449095007,-3.251988407683376,0.5714285714285714,-5.934242181234961,-4.244897959183669,133.22501041840832,-9.774989581591685,False,0.45,0.325,12.906806914448516,24.07498958159169,1.3749287984028304,134.59993921681115,0.3271767767838088,0.0,133.22501041840832,False,147.7037222834892,0.3478848098370584,139.5065027977242,134.59993921681115,0.0016823266,728240600.0,,2.1970023304189805,6.387577562677781,-0.6283497995865639,False
123213.SZ,天源转债,2023-08-16,2023-08-15,118.821,97.28155339805824,10.0,42.12466116,23.98622223693,AA-,环保,周期,10-20,0-50,AA/AA-,127.89553902137912,127.89553902137912,0.0,False,False,116.37596883692927,139.41510920582897,True,6.0,425.0,8.872651480281066,2023.0,90-100,7.0,0.6433269309633555,0.4029349392676922,1.0,中环转2、侨银转债、绿茵转债、京源转债、国祯转债、旺能转债、海环转债,0.2689356526037014,0.662677685035043,0.3543645032245024,0.6720113077999634,0.1428571428571428,0.9063444108761364,-2.529182879377434,127.89553902137912,9.074539021379124,False,0.45,0.325,13.2148908325053,29.40446097862089,1.2196027462529084,129.11514176763202,0.1849514189529473,0.0,127.89553902137912,False,139.81791551796724,0.2292912976596551,132.95217928245714,129.11514176763202,0.0037249165,617807400.0,,2.302585092994046,5.592710843509241,-1.212317246820006,False
123209.SZ,聚隆转债,2023-08-17,2023-08-16,157.3,91.07827038861522,2.185,17.93798656,35.051347359971,A+,基础化工,周期,0-3,0-50,A+/A,132.29201066971956,132.29201066971956,0.0,False,True,120.77244048526973,143.8115808541694,False,6.0,427.0,7.678384746186742,2023.0,90-100,7.0,0.6412313038125556,0.4131594719460682,1.0,横河转债、双箭转债、正丹转债、三力转债、裕兴转债、瑞科转债、永东转2,-0.0239325941657993,0.5587618170053589,-0.4285982821139953,0.8098276599190712,0.0,-0.1200480192076858,-9.907958852192731,132.29201066971956,-25.00798933028045,True,0.4,0.325,12.541812448920016,25.00798933028045,2.2565378932723186,134.54854856299187,0.7956097320810953,25.00798933028045,157.3,True,143.22981217466332,0.2964913488699568,137.85300003651483,157.3,0.0008304498,138454800.0,,0.7816158285475535,7.093543076252579,-0.8640621332419363,True
113067.SH,燃23转债,2023-08-18,2023-08-17,121.01,91.19170984455958,30.0,202.5218267776,33.294309280368,AAA,公用事业,周期,20-50,50-300,AAA/AA+,123.86953813950154,123.86953813950154,0.0,False,False,111.89228823572584,135.84678804327723,True,6.0,423.0,7.52258300040809,2023.0,90-100,7.0,0.6412726644063041,0.4792235705093987,1.0,皖天转债、川投转债、长集转债、天壕转债、晶科转债、福能转债、首华转债,-0.9532138294848596,-1.5222994269547585,-2.032362008446003,-0.1961124020544047,0.2857142857142857,-6.507304116865875,-6.754966887417213,123.86953813950154,2.859538139501538,False,0.45,0.35,13.702861181296427,33.43046186049847,1.4275810567444924,125.29711919624604,0.0001545986152149,0.0,123.86953813950154,False,136.0213111234493,0.0895418303755559,126.11460669846848,125.29711919624604,0.0108926554,1887375000.0,,3.4011973816621555,4.519666533377176,-2.3192420613182594,False
123210.SZ,信服转债,2023-08-18,2023-08-17,130.0,100.608555575443,12.14756,468.6570041384,27.766747658365,AA,计算机,科技,10-20,300+,AA/AA-,131.5734625856522,131.5734625856522,0.0,False,False,119.59621268187652,143.5507124894279,True,6.0,423.0,7.52258300040809,2023.0,100-110,7.0,0.8056986323851847,0.7488788490825089,1.0,思特转债、天阳转债、恒锋转债、城地转债、科蓝转债、丝路转债、道通转债,0.2185943776523772,-0.9609713550223208,1.315698052876506,-1.8443837683269624,0.1428571428571428,-3.3860433138535595,3.5651773376324414,131.5734625856522,1.5734625856522086,False,0.45,0.325,13.780378478054804,25.726537414347803,0.1682537192720697,131.74171630492427,0.0062152351343093,0.0,131.5734625856522,False,142.8058004525066,0.1443735314271979,134.3591358790797,131.74171630492427,0.0024324432,966640000.0,,2.497128326573642,6.018859094639227,-1.779430003124094,False
123214.SZ,东宝转债,2023-08-18,2023-08-17,122.0,94.75262368815592,4.55,37.5157085256,22.761030472408,A+,医药生物,消费,3-10,0-50,A+/A,128.94451829727674,128.94451829727674,0.0,False,False,116.96726839350104,140.92176820105243,True,6.0,423.0,7.52258300040809,2023.0,90-100,7.0,0.7220875860987551,0.5848423948810607,1.0,九强转债、寿22转债、山河转债、共同转债、健友转债、奕瑞转债、康医转债,-0.5223089272123337,-0.5877789193277629,-0.8785458534915023,-0.15005492231972,0.1428571428571428,-1.404056162246492,-4.819277108433728,128.94451829727674,6.944518297276744,False,0.4,0.325,12.583767221917403,28.355481702723267,1.5968893914589173,130.54140768873566,0.4398165405802128,0.0,128.94451829727674,False,141.56602795294512,0.2485613785680964,134.23057651377025,130.54140768873566,0.001884523,256867600.0,,1.5151272329628591,6.274080540502696,-1.1062997198281366,False
118041.SH,星球转债,2023-08-22,2023-08-21,157.3,88.94927536231884,6.2,30.6209207928,37.201962279384,A+,机械设备,制造,3-10,0-50,A+/A,126.45771549683198,126.45771549683198,0.0,False,True,114.48046559305628,138.43496540060767,False,6.0,429.0,9.6076853533357,2023.0,80-90,7.0,0.7490933417546642,0.5929846071350884,1.0,光力转债、深科转债、大叶转债、金轮转债、隆华转债、艾迪转债、浙矿转债,-1.0414701897454182,-1.3970200665933648,-1.7056686696449948,1.1755522902409443,0.0,0.1019367991845099,-8.109794135995019,126.45771549683198,-30.84228450316803,True,0.4,0.325,12.856428422283187,30.84228450316803,2.1535794063149667,128.61129490314696,0.3313312472257379,0.0,126.45771549683198,False,142.72212143223302,0.4591909198410933,137.0795882400898,128.61129490314696,0.0005373286,563381000.0,,1.824549292051046,7.528900732537611,-0.16360024387782848,True
123215.SZ,铭利转债,2023-08-23,2023-08-22,116.704,81.30618720253834,10.0,123.003075,27.933059874488,AA-,机械设备,制造,10-20,50-300,AA/AA-,121.13620658607358,121.13620658607358,0.0,False,False,106.199005342779,136.07340782936816,True,6.0,427.0,9.296049582776424,2023.0,80-90,7.0,0.753767733549491,0.652687513744801,1.0,博杰转债、斯莱转债、东杰转债、弘亚转债、XD佳力转、艾迪转债、永02转债,-0.2856614879512065,0.2014761957290008,-0.1540584546770063,0.4697865347222052,0.1428571428571428,-5.004633920296564,-13.550745009839748,121.13620658607358,4.43220658607359,False,0.4,0.35,12.821209376331096,36.16379341392643,2.111039179524394,123.24724576559798,0.0280483778387124,0.0,121.13620658607358,False,139.6255502200456,0.3280748412264463,130.0345296728885,123.24724576559798,0.0018555705,818389600.0,,2.302585092994046,6.289563083035864,-0.7169052066210844,False
123216.SZ,科顺转债,2023-08-23,2023-08-22,116.55,85.08771929824562,21.98,102.7771169499,28.401809577342,AA,建筑材料,周期,20-50,50-300,AA/AA-,121.648647805797,121.648647805797,0.0,False,False,106.71144656250245,136.58584904909156,True,6.0,427.0,9.296049582776424,2023.0,80-90,7.0,0.6903836418094766,0.5237682119907328,1.0,旗滨转债、濮耐转债、垒知转债、冀东转债、万青转债、山玻转债、中旗转债,0.218718994018377,-0.3640597618155932,0.7709161470040087,-0.1386273581091224,0.0,-4.065934065934062,-12.612612612612606,121.648647805797,5.098647805797,False,0.35,0.35,11.916715867190682,35.651352194203014,2.1860200808451737,123.83466788664217,0.0009203316367575,0.0,121.648647805797,False,133.96160815708978,0.0872812341860962,123.98241832073192,123.83466788664217,0.0045135815,1744434600.0,,3.090132948975475,5.400664316448799,-2.3472923181183565,False
123217.SZ,富仕转债,2023-08-24,2023-08-23,150.0,86.88053627005027,5.7,36.990672804,39.779757514676,AA-,电子,科技,3-10,0-50,AA/AA-,125.4155667915997,125.4155667915997,0.0,False,False,110.47836554830512,140.35276803489427,False,6.0,419.0,5.8109844861029645,2023.0,80-90,7.0,0.7507594982555466,0.5767455413964886,1.0,景23转债、景20转债、明电转02、宏微转债、明电转债、联创转债、长信转债,0.1837872355580484,-0.7149628264313668,-0.1423627473859952,0.9195565699723908,0.0,-0.3842986549547067,-8.819095477386929,125.4155667915997,-24.5844332084003,False,0.3,0.35,10.749055541598008,31.88443320840031,2.174003593811003,127.58957038541072,0.1880187368495063,0.0,125.4155667915997,False,141.22186643823673,0.3582122562039722,133.98161285962414,127.58957038541072,0.0007428639,495148500.0,,1.7404661748405046,7.2049977063375925,-0.583131926751176,False
113068.SH,金铜转债,2023-08-28,2023-08-25,118.045,94.81481481481482,14.5,94.64866272,20.186615126898,AA+,有色金属,周期,10-20,50-300,AAA/AA+,125.97197802494212,125.97197802494212,0.0,False,False,105.20845302416744,146.73550302571678,True,6.0,426.0,8.589046963306386,2023.0,90-100,7.0,0.8369713140639933,0.7903876537936022,1.0,亚科转债、金田转债、众和转债、华钰转债、楚江转债、恒邦转债、新星转债,-1.0586502285726127,-1.0240216293751687,-2.931642144306004,2.6351380477186,0.1428571428571428,-0.4665629860031051,-3.469079939668162,125.97197802494212,7.926978024942116,False,0.25,0.35,10.815238877042594,31.328021975057894,1.4019859015034806,127.3739639264456,0.0053925952711213,0.0,125.97197802494212,False,138.04461926553327,0.1189069564177344,128.76581783267363,127.3739639264456,0.0030691122,1133975000.0,,2.6741486494265287,5.786366944873022,-2.0028219232480278,False
123219.SZ,宇瞳转债,2023-08-29,2023-08-28,122.545,85.28449967298887,6.0,44.1248388464,39.771096013148,A+,计算机,科技,3-10,0-50,A+/A,124.18534939779688,124.18534939779688,0.0,False,False,103.4218243970222,144.94887439857155,True,6.0,432.0,8.600728447520778,2023.0,80-90,7.0,0.7356860475968945,0.5479349828907172,1.0,淳中转债、天阳转债、科蓝转债、正元转02、多伦转债、信服转债、丝路转债,-0.5478555578466816,0.2868581488480771,0.0707816531500142,-1.2664951813809333,0.1428571428571428,-0.911854103343468,-12.129380053908356,124.18534939779688,1.6403493977968822,False,0.2,0.35,10.92123657035598,33.11465060220313,2.6173886114028466,126.80273800919971,0.0607391570326903,0.0,124.18534939779688,False,139.71019245493133,0.2927875942357763,131.4570185606299,126.80273800919971,0.0011706276,485704100.0,,1.791759469228055,6.750215263732616,-0.8818836414807781,False
123218.SZ,宏昌转债,2023-08-30,2023-08-29,157.3,102.97096556380822,3.8,24.4,99.890166373381,A+,家用电器,消费,3-10,0-50,A+/A,137.86559127517444,137.86559127517444,0.0,False,True,117.10206627439976,157.3,True,6.0,432.0,7.089249360342578,2023.0,100-110,7.0,0.6726450762424493,0.4765131098564203,1.0,荣泰转债、火星转债、星帅转2、莱克转债、朗科转债、小熊转债、奇精转债,0.4081307087754545,-0.7261910376755009,0.297451018942497,-0.1739215672730609,0.0,11.84451778511184,-0.9096816114359974,137.86559127517444,-19.434408724825573,True,0.2,0.35,10.979889523816023,19.434408724825573,2.801080101127507,140.6666713763019,0.8329550550773901,19.434408724825573,157.3,True,150.0737140128976,0.3420385172477772,142.8510785330444,157.3,0.0004339703,336310100.0,,1.33500106673234,7.74253445938525,-0.6542230385086801,True
118042.SH,奥维转债,2023-09-01,2023-08-31,124.954,93.04035378662245,11.4,260.5897629891,38.272894159913,AA-,电力设备,制造,10-20,50-300,AA/AA-,126.8869506818643,126.8869506818643,0.0,False,False,106.12342568108964,147.65047568263898,True,6.0,430.0,6.070263816305017,2023.0,90-100,7.0,0.7688641302861514,0.665785306141436,1.0,煜邦转债、宏发转债、起帆转债、帝尔转债、麦米转2、崧盛转债、强联转债,-0.0190818853246368,0.0748434330646529,-2.158112406593005,1.9688891282493293,0.0,8.74846546488337,-6.380020024474353,126.8869506818643,1.9329506818643123,False,0.25,0.375,11.801004130284042,30.413049318135705,3.205729154810421,130.09267983667473,0.00534712162269,0.0,126.8869506818643,False,139.73279286553503,0.08934380886722,128.92486393087594,130.09267983667473,0.0020095909,937927000.0,,2.4336133554004498,6.209824109964979,-2.3216734804009675,False
113675.SH,新23转债,2023-09-05,2023-09-04,130.656,103.54430379746834,11.6,259.0984579807,40.87727544133,AA-,汽车,制造,10-20,50-300,AA/AA-,133.28826060976553,133.28826060976553,0.0,False,False,112.52473560899084,154.0517856105402,True,6.0,440.0,8.161286215626896,2023.0,100-110,7.0,0.6992073101800155,0.5325896945931438,1.0,岱美转债、拓普转债、爱迪转债、明新转债、银轮转债、华锋转债、精锻转债,-3.1463147911932747,-3.5927026224866125,-4.286269944834002,6.324131353852036,0.0,4.9545992893802016,2.4865073245952107,133.28826060976553,2.632260609765524,False,0.25,0.375,11.685676314735453,24.01173939023448,0.4503677528100442,133.73862836257558,0.0147527559687697,0.0,133.28826060976553,False,146.18864648010134,0.1774578895581163,136.4840650573734,133.73862836257558,0.0027656595,889056000.0,,2.451005098112319,5.890476155269515,-1.5336663405915347,False
123220.SZ,易瑞转债,2023-09-06,2023-09-05,157.3,111.11111111111111,3.281967,57.32298,96.721789707702,A+,医药生物,消费,3-10,50-300,A+/A,144.9831523415513,144.9831523415513,0.0,False,True,124.2196273407766,157.3,True,6.0,440.0,7.855226683490319,2023.0,110-120,7.0,0.5797282866217467,0.3199827442401067,1.0,东宝转债、万孚转债、柳药转债、康医转债、科华转债、寿22转债、敖东转债,0.9330404238937512,0.0678003124687952,1.8283855951297976,-2.7408559577677294,0.2857142857142857,-12.804878048780475,13.402061855670125,144.9831523415513,-12.316847658448722,True,0.25,0.35,11.715009663356858,12.316847658448722,-2.41694605679735,142.56620628475395,0.9477374985760176,12.316847658448722,157.3,True,154.04466871113993,0.4338719719258538,148.9911035776624,157.3,0.0028294591,51571200.0,,1.188442937772742,5.867669716336848,-0.2660707556170229,True
110095.SH,双良转债,2023-09-08,2023-09-07,115.516,87.13932399010716,26.0,197.7288942307,25.684242776647,AA,电力设备,制造,20-50,50-300,AA/AA-,121.0770279562114,121.0770279562114,0.0,False,False,100.31350295543672,141.84055295698607,True,6.0,439.0,7.016756919184143,2023.0,80-90,7.0,0.7766899345122052,0.6942225500391379,1.0,道氏转02、强联转债、起帆转债、崧盛转债、西子转债、锂科转债、天赐转债,-0.6617421721369613,-0.5569816856562725,-1.1769561673369946,0.9786441991859296,0.1428571428571428,3.831041257367396,-6.70785525154457,121.0770279562114,5.56102795621139,False,0.3,0.375,12.178060781739466,36.222972043788616,2.399241215465921,123.47626917167732,7.527935548030473e-05,0.0,121.0770279562114,False,131.0871160510154,0.0870146887361009,123.44097593432646,123.47626917167732,0.0054425826,2050532000.0,,3.258096538021482,5.213501588121864,-2.350642851585565,False
111017.SH,蓝天转债,2023-09-08,2023-09-07,125.235,96.15004935834156,8.7,67.4786105224,27.205027774628,AA,公用事业,周期,3-10,50-300,AA/AA-,128.17199863602218,128.17199863602218,0.0,False,False,107.4084736352475,148.93552363679686,True,6.0,439.0,7.016756919184143,2023.0,90-100,7.0,0.6597884752757828,0.4620644066951313,1.0,皖天转债、燃23转债、长集转债、新港转债、天壕转债、嘉泽转债、九洲转2,-0.6678513761621271,1.3586651734838635,-0.4013559750929971,0.3424753933668145,0.4285714285714285,0.932642487046631,-4.2281219272369714,128.17199863602218,2.9369986360221816,False,0.25,0.35,10.83869538397916,29.12800136397783,1.358718876627861,129.53071751265003,0.0531773700373275,0.0,128.17199863602218,False,140.58873069931022,0.1298191000584865,131.00802682870267,129.53071751265003,0.0008254307,788377000.0,,2.163323025660538,7.099605247249761,-1.9025591776454376,False
118043.SH,福立转债,2023-09-12,2023-09-11,125.142,94.31390977443608,7.0,34.9540546977,48.069268208042,AA-,电子,科技,3-10,0-50,AA/AA-,127.89941119434064,127.89941119434064,0.0,False,False,107.13588619356597,148.66293619511532,True,6.0,438.0,6.509966658620165,2023.0,90-100,7.0,0.8506043248838573,0.7597423155004621,1.0,富仕转债、力合转债、兴森转债、胜蓝转债、银微转债、海能转债、利德转债,-1.8645259701393568,-4.350269421507452,-3.3883334273180026,2.237290627268307,0.0,3.613835828600931,5.0235478806907485,127.89941119434064,2.757411194340648,False,0.25,0.325,10.754071183527431,29.400588805659368,0.9476134420804924,128.84702463642114,0.1539277934844296,0.0,127.89941119434064,False,141.41256637321544,0.2977837990021866,134.46567546492844,128.84702463642114,0.0014434807,555568000.0,,1.9459101490553132,6.540697929231236,-0.8578736187455102,False
127091.SZ,科数转债,2023-09-12,2023-09-11,124.994,90.8278050187482,14.92068,145.3475714259,31.61384073747,AA,电力设备,制造,10-20,50-300,AA/AA-,123.38805801647048,123.38805801647048,0.0,False,False,102.6245330156958,144.15158301724514,True,6.0,438.0,6.509966658620165,2023.0,90-100,7.0,0.8007307597148413,0.7097028066812161,1.0,强联转债、崧盛转债、起帆转债、杭电转债、天能转债、道氏转02、煜邦转债,-0.0674188362246138,-1.5166027851402668,-0.3136377264569958,0.7496807151979534,0.0,-2.2049689440993947,-7.545507927187323,123.38805801647048,-1.6059419835295188,False,0.25,0.325,10.37936690372134,33.91194198352953,1.8308213839329144,125.2188794004034,0.0027570816074027,0.0,123.38805801647048,False,132.76498102388103,0.0747908422343422,125.29028504353325,125.2188794004034,0.0051577323,987050900.0,,2.702748170144549,5.267258272831059,-2.5153243809922543,False
113676.SH,荣23转债,2023-09-13,2023-09-12,131.212,99.36467598475222,5.76,43.5466515664,50.076497972801,AA-,轻工制造,制造,3-10,0-50,AA/AA-,130.63474884928968,130.63474884928968,0.0,False,False,109.871223848515,151.39827385006436,True,6.0,441.0,7.555709232811249,2023.0,90-100,7.0,0.7626939511551741,0.6259340875935331,1.0,永吉转债、鹤21转债、特纸转债、松霖转债、嘉美转债、好客转债、翔港转债,1.1412030975484724,-0.4425828098117428,2.2663340704380017,-1.2250681146897202,0.4285714285714285,-4.866180048661805,0.5141388174807249,130.63474884928968,-0.5772511507103104,False,0.2,0.325,8.946889196343378,26.665251150710333,0.2826379916476612,130.91738684093735,0.2151711953082699,0.0,130.63474884928968,False,144.80156177383458,0.309247158472745,136.81936371052913,130.91738684093735,0.0007862389,498834000.0,,1.7509374747078,7.148249867696338,-0.8036412546957934,False
123221.SZ,力诺转债,2023-09-14,2023-09-13,116.302,88.05555555555556,5.0,29.469588,47.807109129801,A+,医药生物,消费,3-10,0-50,A+/A,123.34200931689196,123.34200931689196,0.0,False,False,102.57848431611728,144.10553431766664,True,6.0,445.0,5.97800003428428,2023.0,80-90,7.0,0.7374876841065394,0.5857001287670941,1.0,微芯转债、共同转债、康泰转2、洁特转债、溢利转债、柳药转债、药石转债,0.1590008636985659,0.1328175217042331,-0.3470818472740049,2.777157410128317,0.2857142857142857,-2.0849420849420763,-9.81507823613087,123.34200931689196,7.040009316891954,False,0.2,0.325,8.487002274799309,33.95799068310805,1.6972323632444948,125.03924168013646,0.1073278413807937,0.0,123.34200931689196,False,136.85391113327805,0.3236639272806716,131.58524178718338,125.03924168013646,0.0018655853,317614700.0,,1.6094379124341003,6.284180441341717,-0.7369843855134931,False
123222.SZ,博俊转债,2023-09-28,2023-09-27,157.3,110.17644645055395,5.0,74.86573149,63.360704576028,A+,汽车,制造,3-10,50-300,A+/A,142.63818774531728,142.63818774531728,0.0,False,True,121.8746627445426,157.3,True,6.0,441.0,6.033378541436221,2023.0,110-120,7.0,0.7243691213916399,0.5946940075382343,1.0,爱迪转债、上声转债、超达转债、拓普转债、海泰转债、德尔转债、汽模转2,0.7990012802917813,-0.0814217558351777,4.287127023207497,-1.7035992266803746,0.4285714285714285,6.801909307875897,12.296110414052697,142.63818774531728,-14.66181225468273,True,0.2,0.3,8.385275789574951,14.66181225468273,-0.4419428932096896,142.19624485210758,0.6905616980999484,14.66181225468273,157.3,True,152.73822766529625,0.3714290977620308,146.7225555183021,157.3,0.0010290843,408935100.0,,1.6094379124341003,6.879085901287578,-0.5260908414971258,True
113677.SH,华懋转债,2023-10-12,2023-10-11,126.736,96.84025746050322,10.5,107.668028212,70.4303214527,AA-,汽车,制造,10-20,50-300,AA/AA-,133.4486383396146,133.4486383396146,0.0,False,False,112.68511333883993,154.21216334038928,True,6.0,444.0,7.057370577333552,2023.0,90-100,7.0,0.6114913884211756,0.2932317507056083,1.0,兴瑞转债、亚太转债、神通转债、今飞转债、永安转债、岱美转债、豪能转债,-2.6627311454228444,-2.262451223643094,-3.555087607172078,3.298611111111116,0.0,8.881578947368428,8.240680183126248,133.4486383396146,6.7126383396146,False,0.2,0.325,7.867966935795065,23.851361660385408,0.518334160154296,133.9669724997689,0.1022120751053355,0.0,133.4486383396146,False,148.0697312563763,0.3211348168011638,139.19326533256424,133.9669724997689,0.0032017725,749704000.0,,2.3513752571634776,5.744050716275898,-0.7485615308610423,False
118044.SH,赛特转债,2023-10-12,2023-10-11,129.331,88.56255295114374,4.42,36.3776,24.675536054693,A+,基础化工,周期,3-10,0-50,A+/A,124.25696782694332,124.25696782694332,0.0,False,False,103.49344282616865,145.020492827718,True,6.0,444.0,7.057370577333552,2023.0,80-90,7.0,0.6713565828605279,0.426982723483694,1.0,国光转债、丰山转债、润禾转债、苏利转债、回天转债、永东转2、彤程转债,-0.3028042003056299,-0.4540391601712206,-0.1943027293500719,-0.1857010213556109,0.0,-1.7851550266207328,-10.271816881258957,124.25696782694332,-5.074032173056665,False,0.2,0.325,8.060621945800715,33.04303217305669,2.226776585518039,126.48374441246136,0.0821583329849228,0.0,124.25696782694332,False,136.05863026927446,0.2566882423259508,130.61828621415964,126.48374441246136,0.000557859,387410000.0,,1.4861396960896067,7.491404315686042,-1.06325326615731,False
123223.SZ,九典转02,2023-10-13,2023-10-12,157.3,116.0183066361556,3.6,87.4943657445,40.23747626007,A+,医药生物,消费,3-10,50-300,A+/A,144.7837392373289,144.7837392373289,0.0,False,True,124.0202142365542,157.3,True,6.0,446.0,7.637604392700139,2023.0,110-120,7.0,0.7807987448426869,0.7092167452117065,1.0,东亚转债、亚药转债、九强转债、山河转债、洁特转债、英特转债、溢利转债,0.1270752414091299,-0.5660917966655581,0.389844082175049,-0.4945088582275714,0.2857142857142857,6.691919191919182,22.227579556412746,144.7837392373289,-12.516260762671124,True,0.2,0.3,8.23565042517094,12.516260762671124,-1.3277702527045672,143.45596898462432,0.7056408597987648,12.516260762671124,157.3,True,151.5250084839951,0.2690610079495559,147.30946753975172,157.3,0.000627214,302995500.0,,1.2809338454620642,7.374222767748624,-0.9993918488204515,True
118045.SH,盟升转债,2023-10-17,2023-10-16,144.488,99.11048689138578,3.0,67.98018437520001,38.179765388228,AA-,国防军工,科技,3-10,50-300,AA/AA-,132.77355122260076,132.77355122260076,0.0,False,False,112.01002622182608,153.53707622337544,True,6.0,447.0,6.478198265011221,2023.0,90-100,7.0,0.5638763623752173,0.4701018652196272,0.5714285714285714,盛路转债、航新转债、三角转债、广联转债、长信转债、春23转债、明电转02,-0.994127018651133,-3.075560512265508,-1.7225750106609965,1.7796642653584938,0.0,1.852297329805164,-8.03649000868809,132.77355122260076,-11.71444877739924,False,0.25,0.325,8.514237548440658,24.526448777399253,2.423283462118916,135.19683468471968,0.4461811691598184,0.0,132.77355122260076,False,144.92271131698163,0.3125240391771642,138.52237985153923,135.19683468471968,0.0008801288,216845000.0,,1.0986122886681098,7.03544229756577,-0.7883454712687463,False
123224.SZ,宇邦转债,2023-10-18,2023-10-17,124.0,90.52930056710775,5.0,49.8056,57.422726784977,A+,电力设备,制造,3-10,0-50,A+/A,128.84631538604373,128.84631538604373,0.0,False,False,108.08279038526904,149.6098403868184,True,6.0,444.0,6.050071872747292,2023.0,90-100,7.0,0.791589556980557,0.7162199932949042,1.0,天能转债、奥维转债、通22转债、帝尔转债、隆22转债、通裕转债、中陆转债,0.3636447201180158,-0.1519555959828904,0.9771631356499988,-0.9692026490380146,0.0,-0.5812746522732004,-9.9981206540124,128.84631538604373,4.846315386043727,False,0.2,0.3,7.557845762152219,28.453684613956284,2.421448738689806,131.26776412473353,0.2310301662643277,0.0,128.84631538604373,False,142.0295280708707,0.2011540182395442,133.13899513140723,131.26776412473353,0.0009561723,411625200.0,,1.6094379124341003,6.952572431026848,-1.379097288900757,False
127092.SZ,运机转债,2023-10-20,2023-10-19,114.89,91.68081494057724,7.3,25.92,46.84908096255,AA-,机械设备,制造,3-10,0-50,AA/AA-,124.38282583938022,124.38282583938022,0.0,False,False,103.61930083860554,145.1463508401549,True,6.0,440.0,6.244692413629766,2023.0,90-100,7.0,0.6241055462006541,0.3241598302041227,1.0,锋龙转债、柳工转2、泰福转债、金沃转债、博实转债、耐普转债、东杰转债,-0.4928394265035371,1.1534253826334844,-0.8185245154559961,0.0,0.0,-0.6744328632740659,-7.954545454545469,124.38282583938022,9.492825839380217,False,0.2,0.275,7.578551202150725,32.917174160619794,1.931729904789668,126.31455574416988,0.0698799747532363,0.0,124.38282583938022,False,137.97185079915275,0.2981494545994482,131.7435039815881,126.31455574416988,0.001761861,573563300.0,,1.9878743481543455,6.341384642207638,-0.8561255967849134,False
123225.SZ,翔丰转债,2023-10-26,2023-10-25,120.5,104.43056794528694,8.0,38.3989229592,50.30989580534,AA-,电力设备,制造,3-10,0-50,AA/AA-,129.31843145620155,129.31843145620155,0.0,False,False,108.55490645542687,150.08195645697623,True,6.0,439.0,7.190851544191058,2023.0,100-110,7.0,0.8125315589298262,0.726114183696973,1.0,起帆转债、天能转债、杭电转债、精达转债、恩捷转债、海优转债、迪贝转债,-0.480627448417766,-1.6163083776161908,-2.304143616983506,2.6485117104077416,0.0,8.495520543713319,6.812652068126512,129.31843145620155,8.818431456201552,False,0.2,0.25,7.798260103829887,27.98156854379846,1.165397413681708,130.48382886988327,0.1123762494962124,0.0,129.31843145620155,False,141.59265513641765,0.088592912766683,131.17765795200833,130.48382886988327,0.0035184639,494484900.0,,2.0794415416798357,5.649730776664305,-2.3309377919397716,False
123226.SZ,中富转债,2023-11-03,2023-11-02,134.999,82.40944017563119,5.2,52.7915388,66.49354337033,AA-,电子,科技,3-10,50-300,AA/AA-,118.89763129646585,118.89763129646585,0.0,False,False,98.13410629569115,139.66115629724052,True,6.0,444.0,5.542266213875715,2023.0,80-90,7.0,0.7942034809452785,0.669312992180588,1.0,银微转债、明电转债、富仕转债、胜蓝转债、明电转02、联创转债、南电转债,0.215190595690305,1.2141159005787474,0.2504451898444984,0.7524167117582969,0.0,-2.941176470588236,-6.5940902021772825,118.89763129646585,-16.10136870353415,False,0.2,0.225,7.009960016219949,38.402368703534165,1.2823865096038451,120.18001780606969,0.0664212940317935,0.0,118.89763129646585,False,130.6558406724789,0.1399765657696538,122.9292050628714,120.18001780606969,0.0008232027,448850300.0,,1.6486586255873816,7.102308093566431,-1.815484616742496,False
127093.SZ,章鼓转债,2023-11-03,2023-11-02,157.3,96.81159420289856,2.43,31.2624,41.617482506678,A+,机械设备,制造,0-3,0-50,A+/A,127.05256640089613,127.05256640089613,0.0,False,True,106.28904140012143,147.8160914016708,False,6.0,444.0,5.542266213875715,2023.0,90-100,7.0,0.7420890919328852,0.5614714323989161,1.0,华兴转债、智能转债、斯莱转债、永02转债、深科转债、万讯转债、隆华转债,-0.1052950629448269,0.1113830873210534,-0.5981726666504983,1.2010622432572229,0.0,5.252100840336138,-1.4749262536873142,127.05256640089613,-30.24743359910389,True,0.2,0.2,7.418679550149551,30.24743359910389,1.7378471627467968,128.79041356364291,0.250848511715513,0.0,127.05256640089613,False,141.77190370086925,0.2148823348966169,131.9272957682005,128.79041356364291,0.0007275983,179589800.0,,0.8878912573524571,7.225761447771634,-1.2957429996362622,True
127094.SZ,红墙转债,2023-11-08,2023-11-07,144.0,98.0716253443526,3.16,22.4522705136,47.882540423484,A+,基础化工,周期,3-10,0-50,A+/A,126.7965155144596,126.7965155144596,0.0,False,False,104.2716327607371,149.3213982681821,True,6.0,445.0,6.180038624651967,2023.0,90-100,7.0,0.7976222851835725,0.6502626817272066,1.0,兄弟转债、蒙泰转债、聚隆转债、双箭转债、丰山转债、三力转债、正丹转债,-0.1449990272365741,-0.4897790889945685,-0.3378596765839492,0.1724970022368821,0.1428571428571428,1.9083969465648831,0.1876172607879977,126.7965155144596,-17.2034844855404,False,0.25,0.225,8.8490337602149,30.50348448554041,1.2269450262081123,128.0234605406677,0.3320418220246267,0.0,126.7965155144596,False,140.69234272470345,0.2980549897000549,133.61530233007474,128.0234605406677,0.0009495823,231474600.0,,1.1505720275988207,6.959488354269659,-0.856577069374766,False
123228.SZ,震裕转债,2023-11-09,2023-11-08,118.954,95.58226408965406,11.95,60.487707225,36.826174313895,AA-,电力设备,制造,10-20,50-300,AA/AA-,124.24268428420314,124.24268428420314,0.0,False,False,101.71780153048064,146.76756703792563,True,6.0,441.0,7.389807338261538,2023.0,90-100,7.0,0.8064253049853288,0.7511845675827147,1.0,通裕转债、宇邦转债、通22转债、煜邦转债、宙邦转债、申昊转债、道氏转02,1.0772296709090992,0.7020687282669015,1.7203121427625914,-0.3601630462524929,0.4285714285714285,1.4305411926921696,-2.030963875478609,124.24268428420314,5.288684284203143,False,0.2,0.225,8.737487548250641,33.057315715796875,1.3550150058388375,125.59769929004196,0.0102263791242479,0.0,124.24268428420314,False,132.5940554041863,0.0854513750781842,126.36127909743452,125.59769929004196,0.0032792541,898414500.0,,2.4807312783775197,5.720139290983912,-2.3704831358351193,False
123227.SZ,雅创转债,2023-11-10,2023-11-09,157.3,98.0127484064492,3.63,41.824,84.988246824088,A+,电子,科技,3-10,0-50,A+/A,130.750678750612,130.750678750612,0.0,False,True,108.2257959968895,153.2755615043345,False,6.0,445.0,5.441502920627968,2023.0,90-100,7.0,0.8072799551232102,0.6623706921716452,1.0,洁美转债、明电转02、明电转债、富仕转债、力合转债、胜蓝转债、聚飞转债,-0.5663452067365771,-0.1549890684889747,-0.6651042679049972,1.045943684148476,0.0,4.895666131621179,3.320158102766801,130.750678750612,-26.54932124938801,True,0.2,0.225,8.905274228367585,26.54932124938801,0.9253553311161576,131.67603408172815,0.5069413406560552,0.0,130.750678750612,False,143.92042847827378,0.2065389591856229,134.863280634062,131.67603408172815,0.0008679478,284619700.0,,1.2892326482767593,7.049378983361149,-1.3459153819152694,True
127095.SZ,广泰转债,2023-11-10,2023-11-09,120.4,98.50746268656717,7.0,49.385444262,23.58070715599,AA-,国防军工,科技,3-10,0-50,AA/AA-,125.05102383685904,125.05102383685904,0.0,False,False,102.36998518248946,147.73206249122862,True,6.0,445.0,5.441502920627968,2023.0,90-100,7.0,0.654971387885353,0.5064091768137801,0.8571428571428571,广联转债、应急转债、航新转债、三角转债、睿创转债、火炬转债、宇瞳转债,0.0476673697824445,0.7654687242340591,-0.1035528357089994,0.1961138245637261,0.1428571428571428,-0.2159827213822795,-1.387406616862319,125.05102383685904,4.651023836859039,False,0.25,0.25,10.101127260348708,32.248976163140966,1.0384736528008,126.08949748965983,0.052603447955027,0.0,125.05102383685904,False,134.59767576535867,0.1404466788532354,128.44797003575678,126.08949748965983,0.0022010655,503907400.0,,1.9459101490553132,6.118813717680245,-1.8115849535000756,False
127096.SZ,泰坦转债,2023-11-15,2023-11-14,157.3,93.48298334540188,2.955,27.8856,43.902630303499,A,机械设备,制造,0-3,0-50,A+/A,124.47111094847972,124.47111094847972,0.0,False,True,101.79007229411012,147.1521496028493,False,6.0,451.0,6.0456358408398,2023.0,90-100,7.0,0.6756799343095187,0.4962173827856905,1.0,斯莱转债、昌红转债、精测转债、泰林转债、永02转债、精测转2、博实转债,-1.6909940494325402,-2.2503375800115646,-3.5970651993365,2.391106966874124,0.1428571428571428,0.5451713395638658,-6.921413121845699,124.47111094847972,-32.82888905152029,True,0.2,0.25,9.717836069269223,32.82888905152029,2.1343606898490988,126.60547163832882,0.1624941032932838,0.0,124.47111094847972,False,140.78485138308315,0.3332438387582403,132.67612970575246,126.60547163832882,0.0004213376,256494600.0,,1.0834986508580615,7.772076145394576,-0.693549933186439,True
127097.SZ,三羊转债,2023-11-17,2023-11-16,157.3,100.92961487383798,2.1,30.4152,29.800311154199,A+,交通运输,周期,0-3,0-50,A+/A,131.22908064323312,131.22908064323312,0.0,False,True,107.88746016380614,154.5707011226601,False,6.0,446.0,6.969128020740068,2023.0,100-110,7.0,0.5204201427762664,0.4533299554247246,0.4285714285714285,博汇转债、宏川转债、福新转债、南航转债、长久转债、裕兴转债、蒙泰转债,-0.5349011641731222,-0.3714380643860288,-0.7335594694040068,1.4766208363567568,0.1428571428571428,7.4964639321075,7.83200908059023,131.22908064323312,-26.070919356766893,True,0.25,0.25,11.08122912403467,26.070919356766893,0.5455647044945697,131.7746453477277,0.4095112741953893,0.0,131.22908064323312,False,144.5380686160077,0.3931360485128902,138.91614430599628,131.7746453477277,0.00041829,172209100.0,,0.7419373447293773,7.779335586089235,-0.4341489019122458,True
123229.SZ,艾录转债,2023-11-20,2023-11-17,143.0,110.935960591133,5.0,45.08411668,47.665795585184,A+,轻工制造,制造,3-10,0-50,A+/A,135.1393265823092,135.1393265823092,0.0,False,False,111.61382674102228,157.3,True,6.0,447.0,6.822389743997292,2023.0,110-120,7.0,0.7884208940254693,0.760862800222802,1.0,嘉美转债、翔港转债、帝欧转债、海顺转债、合兴转债、景兴转债、华源转债,-0.1585350056460019,0.3088371439684793,-0.2892637449179993,0.6427704454633032,0.1428571428571428,6.026365348399243,16.92627206645898,135.1393265823092,-7.860673417690805,False,0.3,0.275,12.237925160071905,22.160673417690816,-0.8455007799973706,134.29382580231183,0.547076335719327,0.0,135.1393265823092,False,148.07481810590346,0.3480601950918917,140.92426281715606,134.29382580231183,0.0015462452,364596400.0,,1.6094379124341003,6.471925738546954,-0.6275767946858672,False
113678.SH,中贝转债,2023-11-21,2023-11-20,157.3,150.00000000000003,5.17,165.493339392,89.652948520736,A+,通信,科技,3-10,50-300,A+/A,169.62251221837766,157.3,-12.322512218377652,True,True,133.7745001587131,157.3,True,6.0,446.0,7.022045836597302,2023.0,>=120,7.0,0.451818506099871,0.4358712100038351,0.4285714285714285,奥飞转债、永鼎转债、城地转债、沿浦转债、法本转债、华正转债、烽火转债,-2.2768191788365826,-2.5781195696347097,-3.958497124363008,2.069195290010684,0.1428571428571428,19.85383678440926,38.3188079842564,157.3,0.0,True,0.3,0.275,12.493088271239412,0.0,-1.9379803173922727,155.36201968260775,0.97313279065699,0.0,157.3,False,157.3,0.3117043040816077,157.3,155.36201968260775,0.0014620344,387127000.0,,1.6428726885203377,6.527926388519598,-0.7921635410902543,True
113679.SH,芯能转债,2023-11-24,2023-11-23,114.396,96.412213740458,8.8,63.15,20.086685021442,AA-,公用事业,周期,3-10,50-300,AA/AA-,122.37680873193906,122.37680873193906,0.0,False,False,98.85130889065212,145.90230857322598,True,6.0,451.0,6.351293783973014,2023.0,90-100,7.0,0.7650882404171248,0.6742972837848988,1.0,九洲转2、嘉泽转债、晶科转债、新港转债、节能转债、长集转债、燃23转债,0.3652444790512068,0.4661151781410768,0.8531618389399966,-0.7622730202054617,0.0,-0.315706393054449,6.313131313131315,122.37680873193906,7.980808731939064,False,0.35,0.275,12.412791172062937,34.92319126806095,-0.0064921558873861,122.37031657605168,0.0394838514836678,0.0,122.37680873193906,False,131.04577558075746,0.141721764025909,126.08884093588192,122.37031657605168,0.0026062327,643847000.0,,2.174751721484161,5.949849510328882,-1.8010626040898738,False
123231.SZ,信测转债,2023-11-29,2023-11-28,129.0,101.65356465166712,5.45,42.671325,32.746225680212,AA-,社会服务,消费,3-10,0-50,AA/AA-,127.08592707744177,127.08592707744177,0.0,False,False,103.56042723615484,150.61142691872868,True,6.0,439.0,6.598963718922561,2023.0,100-110,7.0,0.5798171285399111,0.7362356681783496,0.1428571428571428,东时转债、华翔转债、星帅转2、科思转债、大禹转债、翔丰转债、宏昌转债,0.6382793728615699,-0.3717790897724258,-0.4814039575298974,0.1754832538837791,0.1428571428571428,2.487018311013922,4.108828428650746,127.08592707744177,-1.9140729225582327,False,0.35,0.275,12.782969051124374,30.214072922558245,1.008093880197374,128.09402095763917,0.2522524378119077,0.0,127.08592707744177,False,141.60834245942746,0.2695413171815852,133.19388283716688,128.09402095763917,0.0010320868,451438400.0,,1.6956156086751528,6.876172506932558,-0.9969509803470998,False
123230.SZ,金钟转债,2023-12-01,2023-11-30,157.3,108.76288659793812,3.5,33.579578964,64.649747621005,A,汽车,制造,3-10,0-50,A+/A,135.4172637048939,135.4172637048939,0.0,False,True,111.89176386360698,157.3,True,6.0,442.0,6.106674281887654,2023.0,100-110,7.0,0.8254158191456573,0.7473439834815524,1.0,今飞转债、汽模转2、纽泰转债、海泰转债、明新转债、立中转债、爱迪转债,0.093689025833587,-0.1829790954857897,0.7689855130470029,-1.1617890101316974,0.2857142857142857,1.9652061855670144,14.965492190337804,135.4172637048939,-21.8827362951061,True,0.35,0.275,12.526672231407687,21.8827362951061,-0.9019024003969616,134.51536130449696,0.8309204960627641,21.8827362951061,157.3,True,150.40404532265896,0.3931473186984771,141.86961803004905,157.3,0.0004434857,309794900.0,,1.252762968495368,7.7208450002519475,-0.4341016635680117,True
113680.SH,丽岛转债,2023-12-05,2023-12-04,157.3,98.77017678708684,3.0,26.84108,24.1815795954,A+,有色金属,周期,3-10,0-50,A+/A,125.78777218569157,125.78777218569157,0.0,False,True,102.26227234440464,149.3132720269785,False,6.0,440.0,7.050407059810506,2023.0,90-100,7.0,0.5941123644810278,0.2840630585182891,1.0,新星转债、亚科转债、万顺转2、万顺转债、楚江转债、豪美转债、恒邦转债,0.4927610666878192,1.3098049966806973,0.7198251656484977,-0.055834162747409,0.2857142857142857,2.1462639109697923,0.8634222919937207,125.78777218569157,-31.51222781430845,True,0.35,0.275,12.88771843342886,31.51222781430845,0.9244457342213324,126.7122179199129,0.3327152544911329,0.0,125.78777218569157,False,140.77669994553133,0.3053969153053809,133.00557506235924,126.7122179199129,0.0004786644,256921000.0,,1.0986122886681098,7.644510832411471,-0.8217282890383503,True
123233.SZ,凯盛转债,2023-12-15,2023-12-14,115.001,89.83218163869692,6.5,76.55648,24.284997245884,AA-,基础化工,周期,3-10,50-300,AA/AA-,119.17927965777989,119.17927965777989,0.0,False,False,94.51013522500357,143.84842409055622,True,6.0,436.0,5.324926744992751,2023.0,80-90,7.0,0.8229492623440896,0.7330889747705556,1.0,惠云转债、赛特转债、润禾转债、永东转2、阳谷转债、正丹转债、道恩转债,0.496181823662043,0.0599497032715074,1.1422451610405029,-0.8878490690942098,0.1428571428571428,-2.0452099031216364,-9.587680079483365,119.17927965777989,4.178279657779882,False,0.4,0.3,14.127697907163547,38.120720342220125,2.128481640356475,121.30776129813636,0.0637366805699968,0.0,119.17927965777989,False,131.6823832402045,0.1570028529054986,123.6680760441858,121.30776129813636,0.0011977172,543342400.0,,1.8718021769015913,6.727337867255618,-1.6806995972107803,False
127098.SZ,欧晶转债,2023-12-15,2023-12-14,116.41,83.4676541058593,4.7,73.72609968319999,26.926361847989,AA-,电力设备,制造,3-10,50-300,AA/AA-,117.2607120661468,117.2607120661468,0.0,False,False,93.73521222485986,140.7862119074337,True,6.0,436.0,5.324926744992751,2023.0,80-90,7.0,0.7150421939964845,0.5483529824533839,1.0,利元转债、宇邦转债、翔丰转债、通裕转债、道氏转02、双良转债、天赐转债,1.2414862199866885,1.288966363140223,3.3242692854135,-2.383543658711446,0.5714285714285714,-2.1949974476773826,-17.14594594594595,117.2607120661468,0.850712066146798,False,0.4,0.3,14.08291028139971,40.03928793385322,3.042166854299696,120.30287892044647,0.0823800343081327,0.0,117.2607120661468,False,132.52225496504704,0.1623026263537543,122.13457325789572,120.30287892044647,0.0016802155,325571300.0,,1.547562508716013,6.388833219983828,-1.641194249475782,False
123232.SZ,金现转债,2023-12-19,2023-12-18,144.43,93.07774227902024,2.025125,37.592925,25.466711471296,A+,计算机,科技,0-3,0-50,A+/A,124.58719520042936,124.58719520042936,0.0,False,False,101.06169535914243,148.11269504171628,True,6.0,439.0,5.218985236178931,2023.0,90-100,7.0,0.8266456050934915,0.7496952586442982,1.0,科蓝转债、正元转02、天阳转债、思创转债、山石转债、丝路转债、恒锋转债,-0.0818343647524996,-0.6488865758572653,0.3596730832879977,-0.6626428037104115,0.2857142857142857,-3.956043956043953,-7.415254237288127,124.58719520042936,-19.842804799570644,False,0.35,0.3,13.499632846573496,32.71280479957065,1.5872241996799463,126.17441940010931,0.3327872806403205,0.0,124.58719520042936,False,140.37483434670884,0.3761055564590282,133.81479593978793,126.17441940010931,0.0014470877,75824100.0,,0.7056314270484453,6.5382022250145875,-0.506111353813564,False
127099.SZ,盛航转债,2023-12-28,2023-12-27,115.8,87.57180156657964,7.4,28.6728987441,30.481048214297,AA-,交通运输,周期,3-10,0-50,AA/AA-,116.93526081104788,116.93526081104788,0.0,False,False,94.26544609604063,139.60507552605512,True,6.0,430.0,5.283631912235339,2023.0,80-90,7.0,0.500657349693329,0.0935789045003915,1.0,三羊转债、长久转债、北港转债、招路转债、嘉诚转债、宏川转债、南航转债,-0.0629404896729052,-1.2196806701686351,-0.3214408366249888,-2.581450306450467,0.1428571428571428,-2.1015761821366,-13.77892030848329,116.93526081104788,1.1352608110478857,False,0.35,0.275,13.90605064768206,40.36473918895213,3.282939051651617,120.2181998626995,0.0388194484417954,0.0,116.93526081104788,False,134.24850333797622,0.1657767256110376,121.9539115307139,120.2181998626995,0.0026625213,510385700.0,,2.0014800002101243,5.928481747978593,-1.6158592250670984,False
123234.SZ,中能转债,2023-12-29,2023-12-28,129.989,95.01557632398756,4.0,34.012216886,26.594175452949,A+,电力设备,制造,3-10,0-50,A+/A,122.4275327212232,122.4275327212232,0.0,False,False,100.2691903852366,144.5858750572098,True,6.0,437.0,5.070945324497092,2023.0,90-100,7.0,0.8203924389645936,0.7498815314869854,1.0,煜邦转债、宇邦转债、利元转债、天能转债、科数转债、起帆转债、锂科转债,-0.8980369175655595,-0.8945419193649504,-3.1704152318195007,4.694531039070471,0.1428571428571428,2.006688963210679,-4.687500000000011,122.4275327212232,-7.561467278776803,False,0.35,0.275,13.72049791893227,34.87246727877681,1.614483227034457,124.04201594825766,0.1754311730006026,0.0,122.4275327212232,False,136.07614527572278,0.2893927165886035,129.9964112511875,124.04201594825766,0.0013306601,185545400.0,,1.3862943611198906,6.622080144082945,-0.8983352865998903,False
127101.SZ,豪鹏转债,2024-01-11,2024-01-10,121.153,101.77690029615005,11.0,42.4223709045,23.25495765184,AA-,电力设备,制造,10-20,0-50,AA/AA-,122.91464760893032,122.91464760893032,0.0,False,False,102.6638565102526,143.16543870760808,True,6.0,439.0,5.24487390030682,2024.0,100-110,7.0,0.7040400050618623,0.5409595287959948,1.0,杭电转债、精达转债、煜邦转债、麦米转2、中能转债、迪贝转债、天能转债,-0.0436110990115121,-2.031526446614073,-0.8119778802875022,0.8127330323968618,0.1428571428571428,-1.64090822362144,1.756810106592965,122.91464760893032,1.7616476089303177,False,0.35,0.275,13.623929990902102,34.38535239106969,0.6822138123891751,123.5968614213195,0.0285019912232573,0.0,122.91464760893032,False,133.06428839983977,0.0988607019462,125.46416766446676,123.5968614213195,0.0043009994,718529400.0,,2.3978952727983707,5.4489078646829885,-2.2099480412314523,False
123235.SZ,亿田转债,2024-01-12,2024-01-11,121.0,92.30567226890756,5.2021,37.522220775,41.233440642499,AA-,家用电器,消费,3-10,0-50,AA/AA-,119.8379819076693,119.8379819076693,0.0,False,False,100.32189396789472,139.3540698474439,True,6.0,438.0,5.051002986475614,2024.0,90-100,7.0,0.7380375853660617,0.5549325798689808,1.0,朗科转债、华翔转债、星帅转2、小熊转债、宏昌转债、开能转债、火星转债,-0.9463541323748128,-0.9300128393051325,-1.8572270140199905,0.9239399439036512,0.0,-2.4153248195447063,-7.010582010582011,119.8379819076693,-1.1620180923306975,False,0.35,0.275,13.27109079853854,37.46201809233071,1.7230684238347056,121.561050331504,0.1282485025084931,0.0,119.8379819076693,False,135.3330084045907,0.1653420175098856,124.48351614620265,121.561050331504,0.001019151,433068900.0,,1.6490623902173178,6.888785351225184,-1.6190058771940552,False
111018.SH,华康转债,2024-01-15,2024-01-12,117.39,95.54280670785523,13.03023,50.7925454,27.480989512222,AA-,基础化工,周期,10-20,50-300,AA/AA-,119.67695266838106,119.67695266838106,0.0,False,False,100.16086472860648,139.19304060815566,True,6.0,445.0,5.264936717710142,2024.0,90-100,7.0,0.6967979771937889,0.4758788870045972,1.0,丰山转债、凯盛转债、蒙泰转债、惠云转债、洋丰转债、双箭转债、金丹转债,0.0094466846264296,-0.6794927216273552,-0.3374479011270015,0.4120790676710895,0.0,0.6508600650859897,-5.210157618213662,119.67695266838106,2.286952668381062,False,0.35,0.275,12.524123267978366,37.62304733161895,1.856292142375716,121.53324481075678,0.0111040437589627,0.0,119.67695266838106,False,129.34494031188075,0.0984612500912185,122.45526187276528,121.53324481075678,0.0027105348,1063367000.0,,2.567272042554259,5.9106093203866985,-2.2144399548473297,False
127102.SZ,浙建转债,2024-01-16,2024-01-15,109.25,89.1008174386921,10.0,106.0794636138,23.508564437486,AA+,建筑装饰,周期,10-20,50-300,AAA/AA+,116.25290532352652,116.25290532352652,0.0,False,False,96.73681738375193,135.7689932633011,True,6.0,446.0,5.607323542429676,2024.0,80-90,7.0,0.8117793748696306,0.7658811693271165,1.0,交建转债、精工转债、能辉转债、山路转债、汇通转债、建工转债、华设转债,-0.3684422168119431,-0.8969060641672199,-1.475259976018009,0.8179057694191583,0.1428571428571428,1.4477766287487093,-6.48236415633937,116.25290532352652,7.00290532352652,False,0.3,0.275,11.126099221442226,41.04709467647349,2.284284174743382,118.5371894982699,0.0059556945903021,0.0,116.25290532352652,False,125.6447283156546,0.1099137508421641,119.636635426325,118.5371894982699,0.0050287263,559474600.0,,2.302585092994046,5.292588547612202,-2.0916223922115904,False
113681.SH,镇洋转债,2024-01-17,2024-01-16,121.621,106.64395229982964,6.6,54.43696,50.57902621536,AA-,基础化工,周期,3-10,50-300,AA/AA-,128.62489060192263,128.62489060192263,0.0,False,False,109.10880266214804,148.14097854169722,True,6.0,448.0,6.713294054735828,2024.0,100-110,7.0,0.6035138159742539,0.3007911268699395,1.0,国光转债、丰山转债、双箭转债、惠云转债、苏利转债、三力转债、红墙转债,-1.1345568321159167,-1.9925115228899315,-2.044924157486996,2.282782053949095,0.0,14.337899543379006,8.492201039861346,128.62489060192263,7.003890601922635,False,0.3,0.25,10.616070263341532,28.67510939807738,1.482435764455051,130.1073263663777,0.2372150323117659,0.0,128.62489060192263,False,139.420480993727,0.1597478022926396,132.06047988205555,130.1073263663777,0.000968952,574447000.0,,1.8870696490323797,6.939295482904152,-1.660105746145208,False
113069.SH,博23转债,2024-01-18,2024-01-17,115.991,96.22520793346128,17.0,117.592626848,34.742674038713,AA,有色金属,周期,10-20,50-300,AA/AA-,119.53419621392136,119.53419621392136,0.0,False,False,100.01810827414675,139.05028415369594,True,6.0,439.0,5.156734830746068,2024.0,90-100,7.0,0.7970891829424478,0.6755174992297116,1.0,丽岛转债、金铜转债、万顺转债、亚科转债、中金转债、万顺转2、海亮转债,-0.279634409631245,0.1526338695663057,-0.3142621603214985,-0.0656906906906895,0.2857142857142857,-2.6537216828478982,2.104548540393747,119.53419621392136,3.5431962139213624,False,0.3,0.25,10.701830579227508,37.76580378607865,0.2722039057284701,119.80640011964984,0.0017113613041328,0.0,119.53419621392136,False,126.01038330298522,0.1091679350849193,122.62630732603267,119.80640011964984,0.0065484459,1118316000.0,,2.833213344056216,5.0285275246628585,-2.0992685449360344,False
118046.SH,诺泰转债,2024-01-18,2024-01-17,123.039,101.70840159138778,4.34,92.64967948,42.616456748127,A+,医药生物,消费,3-10,50-300,A+/A,125.81404330242977,125.81404330242977,0.0,False,False,106.29795536265516,145.33013124220437,True,6.0,439.0,5.156734830746068,2024.0,100-110,7.0,0.8111139225777368,0.7447625151873712,1.0,亚药转债、东亚转债、北陆转债、寿22转债、微芯转债、东宝转债、奇正转债,-0.676516441163772,0.4974351291224213,-0.7821781669165029,0.4278188600222443,0.1428571428571428,4.370797310278585,1.1874272409778674,125.81404330242977,2.775043302429765,False,0.25,0.25,9.551524327454176,31.485956697570245,1.2226730708160525,127.03671637324582,0.1314311078412297,0.0,125.81404330242977,False,136.85603985520217,0.1157943161450626,128.5484644204059,127.03671637324582,0.0016799484,291802000.0,,1.4678743481123135,6.388992200324377,-2.032874229058987,False
123236.SZ,家联转债,2024-01-18,2024-01-17,122.7,102.40770465489564,7.5,36.7488,50.549753815101,AA-,轻工制造,制造,3-10,0-50,AA/AA-,125.59040087380086,125.59040087380086,0.0,False,False,106.07431293402628,145.10648881357545,True,6.0,439.0,5.156734830746068,2024.0,100-110,7.0,0.6592067417755335,0.4240202117033963,1.0,翔港转债、特纸转债、永吉转债、景兴转债、合兴转债、艾录转债、蒙娜转债,-0.1237106600785208,-0.4418224558677086,-0.193387904571499,0.3358793576184737,0.0,14.268656716417905,3.85241454150842,125.59040087380086,2.890400873800857,False,0.25,0.225,9.45772530073271,31.70959912619915,2.251204119224368,127.84160499302524,0.1036159540010933,0.0,125.59040087380086,False,136.33915173882383,0.0989580333873544,127.94384055057338,127.84160499302524,0.0009232644,668269300.0,,2.0149030205422647,6.987594907277686,-2.2088559792569495,False
127100.SZ,神码转债,2024-01-19,2024-01-18,114.5,81.05198400492158,13.38999,176.43471998,36.396944874647,AA,计算机,科技,10-20,50-300,AA/AA-,113.00282172446418,113.00282172446418,0.0,False,False,95.35315239106674,130.65249105786162,True,6.0,441.0,4.942437370241032,2024.0,80-90,7.0,0.8345522846470467,0.7899352538384622,1.0,思创转债、银信转债、宇瞳转债、天阳转债、正元转02、金现转债、声迅转债,-0.3589020243677281,-0.0353071946648131,0.4104907087985507,-1.399083672137108,0.1428571428571428,-5.453893074991023,-9.325533379215411,113.00282172446418,-1.4971782755358165,False,0.2,0.225,7.9608008918467394,44.29717827553583,1.6601902604222052,114.6630119848864,0.0004819284845687,0.0,113.00282172446418,False,119.87458152071832,0.1381161018290424,117.59143691354654,114.6630119848864,0.0044128114,961786400.0,,2.594507412876813,5.423243286974865,-1.8310259236458464,False
123237.SZ,佳禾转债,2024-01-24,2024-01-23,104.305,68.96551724137932,10.04,50.75832,55.49612715977,A+,电子,科技,10-20,50-300,A+/A,108.83716768155588,108.83716768155588,0.0,False,False,91.18749834815844,126.48683701495332,True,6.0,428.0,5.286765654021663,2024.0,<80,7.0,0.8503417334547023,0.7671028577999416,1.0,利德转债、雅创转债、景23转债、华正转债、超声转债、联创转债、金宏转债,-0.7432530246874381,-0.1024699707923317,2.403644558899998,-0.5864707544222914,0.1428571428571428,-18.25613079019074,-26.506614404703576,108.83716768155588,4.532167681555876,False,0.15,0.225,6.732113837785184,48.46283231844413,1.7131612602161534,110.55032894177204,0.0019637936598971,0.0,108.83716768155588,False,118.88061243578278,0.1593958566752566,114.63074868728668,110.55032894177204,0.0041426247,648214800.0,,2.306577114263583,5.486425706521579,-1.6627300788036707,False
127103.SZ,东南转债,2024-01-24,2024-01-23,105.0,86.03839441535776,20.0,56.6751909642,30.038698367847,AA,建筑装饰,周期,20-50,50-300,AA/AA-,112.3887518382852,112.3887518382852,0.0,False,False,94.73908250488776,130.03842117168264,True,6.0,428.0,5.286765654021663,2024.0,80-90,7.0,0.8169453916773516,0.7435390977629105,1.0,交建转债、浙建转债、华设转债、精工转债、山路转债、岭南转债、设研转债,0.2426280534782353,0.1592531636585844,0.156900060997998,2.4266882770902773,0.1428571428571428,-7.850467289719621,-12.897526501766787,112.3887518382852,7.388751838285202,False,0.15,0.225,6.565688550978439,44.91124816171481,1.3707176918621446,113.75946953014734,0.0001179894734384,0.0,112.3887518382852,False,120.49479300366691,0.1191678488667771,116.40273446330036,113.75946953014734,0.006249675,1448671500.0,,2.995732273553991,5.075225816585874,-2.000334092960019,False
123238.SZ,卡倍转02,2024-02-01,2024-01-31,125.0,71.82207712711693,5.29,31.285988448,36.36075980435,A+,汽车,制造,3-10,0-50,A+/A,108.04795877154518,108.04795877154518,0.0,False,False,91.72616691160978,124.36975063148058,False,6.0,407.0,6.463039679297208,2024.0,<80,7.0,0.8580932898431414,0.7828636002874566,1.0,明新转债、海泰转债、联诚转债、今飞转债、纽泰转债、德尔转债、神通转债,0.6210102548180163,1.7167118972387818,-0.2290198095514988,-1.1599413119745217,0.1428571428571428,-9.090909090909085,-27.86885245901638,108.04795877154518,-16.952041228454817,False,0.1,0.225,6.935126142892699,49.25204122845483,4.149989971920229,112.19794874346542,0.0030183027997727,0.0,108.04795877154518,False,123.54978467322591,0.1795552213322231,114.68055464442442,112.19794874346542,0.0008003926,460343400.0,,1.665818245870208,7.130408200674746,-1.5193638058642525,False
123239.SZ,锋工转债,2024-02-22,2024-02-21,122.499,78.436873747495,6.2,32.4234352917,61.776464371724,A+,机械设备,制造,3-10,0-50,A+/A,111.996094347598,111.996094347598,0.0,False,False,94.99376446772608,128.99842422746994,True,6.0,395.0,5.520980684937947,2024.0,<80,7.0,0.868457242743568,0.8066079025872336,1.0,光力转债、斯莱转债、隆华转债、星球转债、万讯转债、大丰转债、运机转债,-3.6926700178811145,0.818821153017081,-4.272337435601003,4.40934132904296,0.0,13.056036972848071,-17.146486028789166,111.996094347598,-10.502905652401992,False,0.1,0.225,7.383687767718484,45.30390565240201,4.217731748166538,116.21382609576456,0.0077054207108978,0.0,111.996094347598,False,128.1831760350439,0.2114215789147123,119.17976179562348,116.21382609576456,0.0007159669,560735000.0,,1.824549292051046,7.241876621122503,-1.3163777130395642,False
127104.SZ,姚记转债,2024-02-26,2024-02-23,132.88,114.49140733859728,5.831273,101.582844735,79.61175992389,A+,传媒,科技,3-10,50-300,A+/A,132.9292667849682,132.9292667849682,0.0,False,False,115.92693690509628,149.93159666484013,True,6.0,412.0,5.635429666053212,2024.0,110-120,7.0,0.6204750655849587,0.5249073861268755,0.8571428571428571,风语转债、游族转债、贵广转债、湖广转债、纵横转债、广电转债、中富转债,-1.947414831836884,-4.059431602028855,-5.902322213362002,2.890530902320687,0.0,5.74860574860574,22.45404868355687,132.9292667849682,0.0492667849682106,False,0.1,0.225,7.813129404210675,24.370733215031805,-0.9101017738715664,132.01916501109665,0.1581155382453757,0.0,132.9292667849682,False,144.52042769588274,0.3288178807988829,138.93941642192948,132.01916501109665,0.0018257421,427352800.0,,1.7632353298715475,6.305768744462325,-0.7135364710570185,False
123240.SZ,楚天转债,2024-02-29,2024-02-28,114.7,88.3,10.0,52.1236996242,70.458840020391,AA,医药生物,消费,10-20,50-300,AA/AA-,115.41639319638732,115.41639319638732,0.0,False,False,99.14488998786904,131.68789640490562,True,6.0,402.0,5.772098894147813,2024.0,80-90,7.0,0.8689529305638498,0.8936950408663582,1.0,柳药转债、寿22转债、康医转债、百洋转债、亚药转债、英特转债、山河转债,0.070119150772005,0.4463734508313638,1.006701703795997,-1.272619083669757,0.1428571428571428,3.274853801169586,-1.4508928571428603,115.41639319638732,0.7163931963873154,False,0.05,0.2,6.7214559287037785,41.88360680361269,1.599904041505484,117.0162972378928,0.0031122114942531,0.0,115.41639319638732,False,125.70908484383143,0.1323494547828659,119.57384758998587,117.0162972378928,0.0041827049,688681000.0,,2.302585092994046,5.476797136464645,-1.880343226765301,False
127105.SZ,龙星转债,2024-03-06,2024-03-05,102.998,70.14681892332788,7.547539,21.10526,81.614439752987,AA-,基础化工,周期,3-10,0-50,AA/AA-,108.72146911351852,108.72146911351852,0.0,False,False,92.44996590500024,124.9929723220368,True,6.0,411.0,5.837706511488197,2024.0,<80,7.0,0.9384335304339144,0.92937702547962,1.0,金丹转债、红墙转债、丰山转债、惠云转债、镇洋转债、蒙泰转债、润禾转债,1.5075343025212278,-1.619520326957373,6.6586608031521966,-5.883162819934645,0.2857142857142857,-8.119658119658112,-17.307692307692314,108.72146911351852,5.723469113518519,False,0.0,0.2,5.181664197807723,48.57853088648149,2.525846141649737,111.24731525516826,0.0025053491051866,0.0,108.72146911351852,False,121.76521630741075,0.1520329650379556,114.26062267941327,111.24731525516826,0.0052762114,357957700.0,,2.021221549859438,5.2445469766962685,-1.718744388588834,False
113682.SH,益丰转债,2024-03-27,2024-03-26,120.617,98.31869510664994,17.97432,395.9451644646,32.541805453832,AA,医药生物,消费,10-20,300+,AA/AA-,119.86201426168722,119.86201426168722,0.0,False,False,103.59051105316894,136.1335174702055,True,6.0,413.0,6.344676725319945,2024.0,90-100,7.0,0.6177520334409424,0.3712478335840662,1.0,康泰转2、大参转债、乐普转2、奕瑞转债、英特转债、新天转债、奇正转债,1.257591622640884,2.3167513245775035,1.8841015518690007,-2.640993265993264,0.2857142857142857,-0.3053435114503733,0.2558853633572111,119.86201426168722,-0.7549857383127829,False,0.0,0.2,5.258923670594655,37.43798573831279,1.043028841415831,120.90504310310304,1.0429612465040948e-05,0.0,119.86201426168722,False,123.65290815248773,0.1375194791316622,123.72335348554076,120.90504310310304,0.0103521245,907933000.0,,2.888944072571637,4.570563514634397,-1.836046990665027,False
113683.SH,伟24转债,2024-04-22,2024-04-19,157.3,112.417943107221,2.85,350.3051884545,20.305847604788,AA,环保,周期,0-3,300+,AA/AA-,130.82796426241103,130.82796426241103,0.0,False,True,114.55646105389276,147.0994674709293,False,6.0,396.0,7.21991475959607,2024.0,110-120,7.0,0.6389124697788768,0.4989506649437353,1.0,伟22转债、旺能转债、惠城转债、天源转债、海环转债、盈峰转债、联泰转债,-1.4619644548525597,-1.6251212755087678,-4.514149428073857,5.979950294200792,0.1428571428571428,7.254697286012535,9.192348565356,130.82796426241103,-26.472035737588985,True,0.0,0.175,5.254137354202954,26.472035737588985,0.2283286216535009,131.05629288406453,0.003897748012874,0.0,130.82796426241103,False,138.2716332962201,0.201903545079306,134.836562658075,131.05629288406453,0.0003267219,258963000.0,,1.0473189942805592,8.026401207627801,-1.3744393772188888,True
113684.SH,湘泵转债,2024-04-29,2024-04-26,122.63,106.94526191877578,5.7739,37.8056761454,53.515417852325,AA-,汽车,制造,3-10,0-50,AA/AA-,127.15692746039602,127.15692746039602,0.0,False,False,110.88542425187774,143.4284306689143,True,6.0,407.0,6.692016899093737,2024.0,100-110,7.0,0.7661001355127643,0.6795931612790174,1.0,神通转债、沿浦转债、汽模转2、金钟转债、岱美转债、今飞转债、正裕转债,-1.7367433112774178,-1.073987105945188,-1.6230119948874933,3.606949973654927,0.0,9.457831325301203,8.15476190476192,127.15692746039602,4.526927460396024,False,0.05,0.2,5.585598901103871,30.143072539603992,0.2992367667898092,127.45616422718582,0.0479590576949639,0.0,127.15692746039602,False,140.1861199072585,0.176097768126454,131.13802330941957,127.45616422718582,0.0015527251,441264000.0,,1.7533477620744877,6.467743762718487,-1.5430125307077958,False
111019.SH,宏柏转债,2024-05-14,2024-05-13,118.749,94.1411451398136,9.6,43.2899739636,44.555607031498,AA-,基础化工,周期,3-10,0-50,AA/AA-,121.87660083810948,121.87660083810948,0.0,False,False,105.6050976295912,138.14810404662776,True,6.0,412.0,5.950333896207249,2024.0,90-100,7.0,0.7536116634947206,0.595533724500903,1.0,赫达转债、祥源转债、福新转债、利民转债、优彩转债、新化转债、蓝晓转02,0.1262593100676612,-1.062413586549844,0.0290141793814981,-2.0585323795729806,0.1428571428571428,-1.6689847009735748,-6.357615894039725,121.87660083810948,3.127600838109487,False,0.05,0.2,5.7551822335712775,35.42339916189053,2.1719751071939526,124.04857594530344,0.0056734762620778,0.0,121.87660083810948,False,128.11235219834282,0.1018472738770904,124.5824333151834,124.04857594530344,0.0040745736,644871000.0,,2.2617630984737906,5.502989175801062,-2.1768657512172918,False
113685.SH,升24转债,2024-07-10,2024-07-09,105.014,78.51047323506593,28.0,94.4413512196,43.540114722875,AA-,汽车,制造,20-50,50-300,AA/AA-,110.94251127233096,110.94251127233096,0.0,False,False,94.67100806381268,127.21401448084924,True,6.0,358.0,9.438317090995278,2024.0,<80,7.0,0.7733445068985026,0.638871931428014,1.0,拓普转债、金钟转债、爱迪转债、上声转债、海泰转债、神通转债、新23转债,-1.5920274438177309,-0.7439621019422407,-3.784503157222497,2.5733008945033333,0.0,-1.842870999030077,-17.320261437908503,110.94251127233096,5.928511272330965,False,0.05,0.2,5.533488911537912,46.35748872766905,3.2659874798254283,114.2084987521564,4.137679008559668e-06,0.0,110.94251127233096,False,118.202715256531,0.144106453189802,115.95282123182892,114.2084987521564,0.0321083101,643833000.0,,3.332204510175204,3.4386404007302933,-1.7815937224834872,False
118048.SH,利扬转债,2024-07-19,2024-07-18,116.218,91.81649101053938,5.2,29.665783634,47.547673808503,A+,电子,科技,3-10,0-50,A+/A,115.26490298510583,115.26490298510583,0.0,False,False,100.3151794406528,130.21462652955884,True,6.0,367.0,8.595605596717883,2024.0,90-100,7.0,0.8543831678533003,0.826773611836139,1.0,聚飞转债、长信转债、联得转债、洁美转债、银微转债、利德转债、中富转债,1.3146957532842305,0.7011042352986232,4.307559510562001,-1.7936684696150174,0.4285714285714285,-5.848696757787664,-12.366863905325433,115.26490298510583,-0.9530970148941692,False,0.05,0.2,5.741832094707944,42.03509701489418,1.617394086368012,116.88229707147384,0.00861492012562,0.0,115.26490298510583,False,123.57422724831072,0.1142715128537214,118.86746358173951,116.88229707147384,0.0043255576,203103000.0,,1.6486586255873816,5.443214222052898,-2.0478331473627107,False
113686.SH,泰瑞转债,2024-07-24,2024-07-23,157.3,93.24487334137515,3.378,22.7492988633,58.962088519052,AA-,机械设备,制造,3-10,0-50,AA/AA-,113.46094202610206,113.46094202610206,0.0,False,True,98.51121848164904,128.41066557055507,False,6.0,366.0,9.462103280500964,2024.0,90-100,7.0,0.7626208292027792,0.6727130383611067,1.0,拓斯转债、弘亚转债、智能转债、泰福转债、光力转债、博实转债、耐普转债,0.0987468136211811,0.3869976500104991,-0.0964695430914004,-0.2174688327553742,0.1428571428571428,-1.5286624203821542,-3.3749999999999947,113.46094202610206,-43.83905797389795,True,0.05,0.2,5.731386040836118,43.83905797389795,1.3024940598485035,114.76343608595056,0.0153302186443103,0.0,113.46094202610206,False,126.68384981895966,0.2327146861832938,121.11243649032724,114.76343608595056,0.0005672134,295928000.0,,1.2172838183856083,7.474774958201722,-1.193045538514013,True
123241.SZ,欧通转债,2024-07-26,2024-07-25,111.8,83.54881854658939,6.445265,37.92976,38.026765002692,AA-,电力设备,制造,3-10,0-50,AA/AA-,108.350237005027,108.350237005027,0.0,False,False,92.07873379650871,124.62174021354528,True,6.0,359.0,10.280955104780412,2024.0,80-90,7.0,0.7942456772118069,0.6658244866972577,1.0,震裕转债、白电转债、中能转债、翔丰转债、中辰转债、通光转债、崧盛转债,-2.4702808462277672,-1.1843667079932838,-5.849516891311499,2.967579746429172,0.0,-3.995901639344268,-11.394799054373529,108.350237005027,-3.449762994973,False,0.1,0.2,7.808991306111963,48.94976299497301,2.313335884633637,110.66357288966064,0.0021628068904185,0.0,108.350237005027,False,118.17167480858475,0.1710620701850815,114.63032284976887,110.66357288966064,0.0025494849,471037300.0,,1.8633457526909378,5.97186394021655,-1.578118804588935,False
123243.SZ,严牌转债,2024-07-26,2024-07-25,128.0,91.42480211081794,4.678889,14.1929172,49.47982024489,A+,环保,周期,3-10,0-50,A+/A,111.31217533377423,111.31217533377423,0.0,False,False,96.3624517893212,126.26189887822726,False,6.0,359.0,10.280955104780412,2024.0,90-100,7.0,0.6696437757146957,0.5093222471023625,1.0,海环转债、维尔转债、旺能转债、洪城转债、中环转2、联泰转债、华宏转债,-0.5052799947989788,-0.372607643640054,-3.304210413920195,4.3606069547095565,0.1428571428571428,2.363367799113747,-6.854838709677424,111.31217533377423,-16.687824666225765,False,0.1,0.2,7.631334189684286,45.98782466622578,2.121119276561698,113.43329461033592,0.0092223849685284,0.0,111.31217533377423,False,124.99528364896535,0.2502568098332058,119.94375005287807,113.43329461033592,0.0010683368,391370500.0,,1.5430606885849452,6.841652232353081,-1.0972431048368705,False
123242.SZ,赛龙转债,2024-07-29,2024-07-26,157.3,93.18120076066285,2.5,16.38854,82.867367455836,A+,基础化工,周期,0-3,0-50,A+/A,114.57543270625963,114.57543270625963,0.0,False,True,98.35677281018717,130.7940926023321,False,6.0,362.0,8.728787663971902,2024.0,90-100,7.0,0.6312525189078565,0.3748803077199452,1.0,福新转债、利民转债、聚隆转债、蓝晓转02、金丹转债、锦鸡转债、阳谷转债,0.0033476683200318,1.003931769976015,-0.0633090232374975,-0.3247490676021425,0.1428571428571428,1.5393724097098715,-5.065042900636607,114.57543270625963,-42.72456729374038,True,0.1,0.2,8.115530892899443,42.72456729374038,1.8482672697718456,116.42369997603149,0.0562469767757164,0.0,114.57543270625963,False,129.34670186692762,0.253104741049467,122.68577561225916,116.42369997603149,0.0008267646,192628800.0,,0.9162907318741551,7.09799054674817,-1.0821215604090162,True
113687.SH,振华转债,2024-08-02,2024-08-01,121.299,102.9209621993127,4.0621,60.9801366868,42.44425284263,AA,基础化工,周期,3-10,50-300,AA/AA-,119.37768423135488,119.37768423135488,0.0,False,False,102.6370162526833,136.11835221002644,True,6.0,377.0,9.824802438080091,2024.0,100-110,7.0,0.7207516046507211,0.5891132991024318,1.0,飞鹿转债、润禾转债、福新转债、聚隆转债、双箭转债、惠云转债、锦鸡转债,-0.9137117804075334,-0.8312063322002039,-1.057972449111004,1.6110003252860272,0.0,4.355400696864109,6.394316163410307,119.37768423135488,-1.9213157686451297,False,0.15,0.2,10.074599446890394,37.922315768645134,0.3382661219244384,119.71595035327933,0.028344093246931,0.0,119.37768423135488,False,132.56449322538234,0.1107022190553797,122.52624761183576,119.71595035327933,0.0012933924,310721000.0,,1.4017000812697389,6.6504867449548195,-2.0835882559381815,False
111020.SH,合顺转债,2024-08-15,2024-08-14,122.496,86.30009319664491,3.38,29.221534758,37.482299960292,AA-,基础化工,周期,3-10,0-50,AA/AA-,110.7107011886007,110.7107011886007,0.0,False,False,93.97003320992911,127.45136916727228,True,6.0,375.0,10.632572191488332,2024.0,80-90,7.0,0.8487075304318924,0.7944673685333774,1.0,聚合转债、川恒转债、百川转2、双箭转债、洋丰转债、华康转债、福新转债,0.0925205232241499,-0.582089681827861,0.0933963775589994,-0.2086829310270488,0.1428571428571428,-2.010582010582007,-14.020427112349122,110.7107011886007,-11.7852988113993,False,0.15,0.2,10.031913070201162,46.58929881139932,2.854535197544373,113.56523638614507,0.0104124159119296,0.0,110.7107011886007,False,125.16710479717038,0.1695050891136408,116.6335436236769,113.56523638614507,0.000828068,276312000.0,,1.2178757094949273,7.096415281347273,-1.5891388506247324,False
111021.SH,奥锐转债,2024-08-15,2024-08-14,116.155,90.96313912009512,8.1212,93.2217525,39.849545151028,AA-,医药生物,消费,3-10,50-300,AA/AA-,113.19751458708816,113.19751458708816,0.0,False,False,96.45684660841658,129.93818256575975,True,6.0,375.0,10.632572191488332,2024.0,90-100,7.0,0.8375850924093704,0.757378013382983,1.0,药石转债、楚天转债、微芯转债、奇正转债、九强转债、百洋转债、东亚转债,0.1800485118805365,-1.3545177205138887,0.0050443941270046,-0.0007862562408922,0.0,-5.826836274107516,-13.133989401968217,113.19751458708816,-2.9574854129118364,False,0.15,0.175,10.476657967081085,44.10248541291185,2.298717241948925,115.49623182903709,0.0023982766535007,0.0,113.19751458708816,False,121.14135208648418,0.1156926026480606,117.02426307758908,115.49623182903709,0.0015005182,702687000.0,,2.094477926505949,6.501944763867175,-2.033868040223446,False
123244.SZ,松原转债,2024-08-22,2024-08-21,157.3,88.85017421602788,4.1,57.6781185,35.465753152342,A+,汽车,制造,3-10,50-300,A+/A,107.54293254666396,107.54293254666396,0.0,False,True,90.80226456799238,124.28360052533554,False,6.0,364.0,9.324006646221868,2024.0,80-90,7.0,0.6547917029744672,0.415037624878719,1.0,豪能转债、岱美转债、拓普转债、文灿转债、立中转债、汽模转2、海泰转债,-0.9768472216198676,-0.3387594787797945,-2.137512810970452,0.7418665126663948,0.0,-0.1175088131609936,-1.2393493415956636,107.54293254666396,-49.75706745333605,True,0.15,0.15,10.549673323949886,49.75706745333605,1.204611413680733,108.7475439603447,0.0036454559240393,0.0,107.54293254666396,False,123.33658433540856,0.1548092055706174,113.3200716096449,108.7475439603447,0.0006027766,366697800.0,,1.410986973710262,7.413963910810793,-1.6973689671961147,True
123245.SZ,集智转债,2024-08-28,2024-08-27,157.3,80.62871707731522,2.546,15.396576,61.972227073855,A,机械设备,制造,0-3,0-50,A+/A,104.80258889407926,104.80258889407926,0.0,False,True,87.80025901420733,121.8049187739512,False,6.0,366.0,10.218986313173938,2024.0,80-90,7.0,0.7384059128959857,0.5484669518493017,1.0,智能转债、精测转2、锋工转债、万讯转债、华兴转债、泰林转债、精测转债,0.0174577897374635,0.5442244143918463,0.038093870657498,-0.5173881684624959,0.1428571428571428,-5.099999999999993,-10.175106483672502,104.80258889407926,-52.49741110592075,True,0.2,0.175,12.810918312538892,52.49741110592075,1.792221120012325,106.5948100140916,0.0137105823608205,0.0,104.80258889407926,False,127.09509885520288,0.3039966752465612,116.77186772051812,106.5948100140916,0.0011835297,171443000.0,,0.9345235001352147,6.739254034268077,-0.8283376726101336,True
127106.SZ,伟隆转债,2024-08-28,2024-08-27,157.3,88.83720930232558,2.6971,16.7597829668,69.41214970482,A,机械设备,制造,0-3,0-50,A+/A,109.16534344118136,109.16534344118136,0.0,False,True,91.4339948928349,126.89669198952782,False,6.0,366.0,10.218986313173938,2024.0,80-90,7.0,0.5776489098471724,0.294235604135813,1.0,锋工转债、运机转债、泰林转债、精测转2、华锐转债、精测转债、大元转债,0.0174577897374635,0.004281400632836,-0.1609272325845054,-0.5173881684624959,0.2857142857142857,0.5263157894736858,-8.61244019138756,109.16534344118136,-48.13465655881865,True,0.25,0.175,15.06635127592067,48.13465655881865,2.376615013393395,111.54195845457475,0.0407840068537087,0.0,109.16534344118136,False,136.82764703966876,0.4784314759398878,126.43719452715276,111.54195845457475,0.0004131612,240052200.0,,0.992177121705288,7.791672726386261,-0.08632766915402516,True
118049.SH,汇成转债,2024-09-02,2024-08-30,101.889,91.42857142857144,11.487,58.7736709824,31.041493594762,AA-,电子,科技,10-20,50-300,AA/AA-,112.07364457065157,112.07364457065157,0.0,False,False,91.82285347197384,132.32443566932932,True,6.0,378.0,9.75334315601694,2024.0,90-100,7.0,0.8029771377160785,0.7164051079820084,1.0,景23转债、南电转债、雅创转债、春23转债、强力转债、春秋转债、福立转债,-0.7320451427854138,1.8507428449150904,-0.5680882979770026,1.2621282338340922,0.1428571428571428,5.074626865671639,-6.754966887417213,112.07364457065157,10.184644570651573,False,0.3,0.2,16.625482042438865,45.226355429348445,2.1245127530911327,114.1981573237427,0.0023496569515891,0.0,112.07364457065157,False,122.93044085758766,0.170068189835186,117.8423178711856,114.1981573237427,0.0058888314,734097000.0,,2.4412159611632673,5.134697705078037,-1.5851440676856463,False
110096.SH,豫光转债,2024-09-03,2024-09-02,105.242,91.73419773095624,7.1,61.7077330844,20.671995839985,AA,有色金属,周期,3-10,50-300,AA/AA-,113.1928159333386,113.1928159333386,0.0,False,False,92.94202483466086,133.44360703201633,True,6.0,376.0,11.016312729199225,2024.0,90-100,7.0,0.8150184219494451,0.7570771946043605,1.0,中金转债、众和转债、豪美转债、金铜转债、鼎胜转债、顺博转债、楚江转债,0.5001345450855982,-0.0446284387831841,0.6515337696834926,-0.1084454280725011,0.0,2.9090909090909056,1.4336917562723928,113.1928159333386,7.950815933338589,False,0.3,0.2,16.609568988351345,44.10718406666142,1.1654422137372216,114.35825814707582,0.0070627004757463,0.0,113.1928159333386,False,127.03066414401444,0.1713406734494096,118.86083189979271,114.35825814707582,0.004001609,420384000.0,,1.9600947840472698,5.521058748743089,-1.5761553086068525,False
123246.SZ,远信转债,2024-09-03,2024-09-02,157.3,77.80645161290323,2.86467,14.78902725,83.24712589633,A,机械设备,制造,0-3,0-50,A+/A,104.11310311023188,104.11310311023188,0.0,False,True,83.86231201155414,124.3638942089096,False,6.0,376.0,11.016312729199225,2024.0,<80,7.0,0.6196865000091011,0.2856566452508843,1.0,锋工转债、章鼓转债、金沃转债、锋龙转债、精测转2、金轮转债、泰福转债,-1.4425124659673467,-0.468243698163815,-2.442729015712505,2.178624145373498,0.1428571428571428,-0.8767123287671263,-13.527724665391982,104.11310311023188,-53.186896889768136,True,0.3,0.175,17.004646445769858,53.186896889768136,2.5558397139393945,106.66894282417128,0.0348990349996494,0.0,104.11310311023188,False,135.366213473857,0.454572013804325,122.24605923062056,106.66894282417128,0.0003325898,261751800.0,,1.05245316028653,8.008600659144134,-0.18221443497133866,True
123247.SZ,万凯转债,2024-09-05,2024-09-04,93.696,87.33624454148472,27.0,51.50931,25.623035470798,AA,基础化工,周期,20-50,50-300,AA/AA-,107.85368160690244,107.85368160690244,0.0,False,False,85.13330869946417,130.5740545143407,True,6.0,374.0,9.781269329497714,2024.0,80-90,7.0,0.6422154382627729,0.4156870742608223,1.0,鹿山转债、百川转2、合顺转债、永和转债、利民转债、优彩转债、三房转债,-0.9768640053340985,-3.957201995974344,-0.5458290461957009,0.7275053163211087,0.0,-0.1996007984031877,-11.504424778761068,107.85368160690244,14.157681606902443,False,0.35,0.175,19.628171630438903,49.44631839309757,2.648185539758334,110.50186714666076,1.947068169436024e-05,0.0,107.85368160690244,False,120.49711272779744,0.1354092865825218,112.87529963020862,110.50186714666076,0.0212905318,1109039600.0,,3.295836866004329,3.8494928215253994,-1.8539542868676133,False
118050.SH,航宇转债,2024-09-10,2024-09-09,105.512,85.17156862745098,6.67,41.122468344,37.532184307425,AA-,国防军工,科技,3-10,0-50,AA/AA-,108.312032041077,108.312032041077,0.0,False,False,85.59165913363873,131.03240494851528,True,6.0,377.0,10.022093448198232,2024.0,80-90,7.0,0.7508672809174578,0.6349670089292543,1.0,火炬转债、广泰转债、天箭转债、航新转债、盟升转债、广联转债、睿创转债,-0.061151651962444,1.0463837902862445,-0.7133990370399914,0.2128868401414019,0.1428571428571428,0.3610108303249149,-6.42881184786267,108.312032041077,2.800032041077003,False,0.35,0.175,20.0498822551081,48.98796795892301,1.9570215432152736,110.26905358429228,0.0081019316503644,0.0,108.312032041077,False,123.0723033791581,0.1762875461319189,114.78900853717772,110.26905358429228,0.0031827606,433859000.0,,1.8976198599275322,5.750006345574841,-1.5417050585510934,False
123248.SZ,恒辉转债,2024-09-12,2024-09-11,113.3,90.9090909090909,5.0,24.133155364,27.414984249261,AA-,纺织服饰,消费,3-10,0-50,AA/AA-,110.99647219874824,110.99647219874824,0.0,False,False,88.27609929130996,133.7168451061865,True,6.0,383.0,10.389508537872558,2024.0,90-100,7.0,0.6284890078875306,0.4258505291022438,1.0,维格转债、孚日转债、智尚转债、富春转债、盛泰转债、太平转债、鲁泰转债,0.7752124247823314,0.3740096736116529,1.4611425508000035,-0.6921882087363662,0.2857142857142857,2.722772277227725,-10.512129380053905,110.99647219874824,-2.303527801251761,False,0.35,0.175,20.152134570246307,46.303527801251775,2.800135982298876,113.7966081810471,0.0174358339003863,0.0,110.99647219874824,False,127.82625670765336,0.1727154605750493,116.99447354658034,113.7966081810471,0.0008900236,434767300.0,,1.6094379124341003,7.024262578735722,-1.5665031941571288,False
113689.SH,洛凯转债,2024-11-11,2024-11-08,157.3,95.85760517799352,4.03431,23.696,49.947064810803,AA-,电力设备,制造,3-10,0-50,AA/AA-,117.37582933064638,117.37582933064638,0.0,False,True,94.65545642320812,140.09620223808466,False,6.0,408.0,7.448028466382228,2024.0,90-100,7.0,0.6053694421424983,0.4056665038934978,0.8571428571428571,红相转债、中能转债、中辰转债、煜邦转债、远信转债、申昊转债、强联转债,-1.915811359222859,0.4152096141143844,-1.5910543805120998,2.581574698818434,0.1428571428571428,6.777217015140602,-3.139306736429026,117.37582933064638,-39.92417066935363,True,0.3,0.175,18.943709173429447,39.92417066935363,1.550604902229651,118.92643423287603,0.0675886683566916,0.0,117.37582933064638,False,134.0813462318033,0.2404200815362535,124.57475860634136,118.92643423287603,0.0005212105,360986000.0,,1.394835283381637,7.559356567099163,-1.1503778085835017,True
123249.SZ,英搏转债,2024-11-11,2024-11-08,146.42,142.49713631156928,8.171597,63.6502969984,91.891566775001,AA,汽车,制造,3-10,50-300,AA/AA-,147.16136489834102,147.16136489834102,0.0,False,False,121.01022226540972,157.3,True,6.0,408.0,7.448028466382228,2024.0,>=120,7.0,0.7254105776151594,0.589671638380288,1.0,博俊转债、沿浦转债、华锋转债、麒麟转债、爱迪转债、文灿转债、上声转债,-0.0982585528543425,-6.863910044054765,2.5953678663266,3.780571735517757,0.2857142857142857,15.667131566713133,61.663417803768674,147.16136489834102,0.7413648983410326,False,0.35,0.2,20.71357133387733,10.138635101658991,-6.761331859138736,140.4000330392023,0.8715510669266481,10.138635101658991,157.3,True,153.6536704053893,0.3360882830865574,149.71697224645928,157.3,0.0033845457,535264700.0,,2.1006643610061286,5.688535591373725,-0.6807753114486786,False
113688.SH,国检转债,2024-11-12,2024-11-11,123.565,111.0105580693816,8.0,59.16914120640001,42.300354769721,AA+,社会服务,消费,3-10,50-300,AAA/AA+,126.39061367410518,126.39061367410518,0.0,False,False,100.23947104117389,152.5417563070365,True,6.0,411.0,7.143768515593063,2024.0,110-120,7.0,0.4988587669652933,0.6341699906274331,0.1428571428571428,大禹转债、东时转债、百川转2、亚药转债、冠中转债、江山转债、楚天转债,-3.138983697702925,-1.4566102979609057,-1.0631437599344604,3.218304971159136,0.1428571428571428,7.288629737609331,8.714918759231916,126.39061367410518,2.8256136741051847,False,0.35,0.2,20.594259536888902,30.90938632589483,-0.5506120077210892,125.8400016663841,0.0816488181787662,0.0,126.39061367410518,False,135.67375600219464,0.1148618454625757,129.05334554073616,125.8400016663841,0.0019754347,638751000.0,,2.0794415416798357,6.226966803581959,-2.0420136772788413,False
110097.SH,天润转债,2024-11-15,2024-11-14,121.698,113.73493975903612,9.9,30.2259592224,38.671732165985,AA,食品饮料,消费,3-10,0-50,AA/AA-,126.79304337801445,126.79304337801445,0.0,False,False,100.64190074508312,152.94418601094577,True,6.0,407.0,6.253463027158012,2024.0,110-120,7.0,0.6687684122437164,0.5390832907711742,1.0,新乳转债、伊力转债、龙大转债、立高转债、仙乐转债、华统转债、李子转债,0.0832096923624287,-0.806157868681196,0.9627752642700074,-2.3174886187300348,0.0,-3.967446592065116,16.976456009913242,126.79304337801445,5.095043378014452,False,0.35,0.2,20.43911465697761,30.50695662198557,-1.7771456991790997,125.01589767883534,0.0625586798959788,0.0,126.79304337801445,False,134.99334816532271,0.1557466725230185,130.3565611150232,125.01589767883534,0.0043420468,626962000.0,,2.2925347571405443,5.43940942914101,-1.6902218073775586,False
113691.SH,和邦转债,2024-11-19,2024-11-18,101.969,103.0,46.0,181.9237546968,35.163954800043,AA,基础化工,周期,20-50,50-300,AA/AA-,116.87020687743984,116.87020687743984,0.0,False,False,90.71906424450852,143.02134951037115,True,6.0,399.0,5.844098375780343,2024.0,100-110,7.0,0.7542533802423367,0.6808977251841837,1.0,川恒转债、金能转债、神马转债、万凯转债、裕兴转债、会通转债、天业转债,-0.8349040309462229,-1.2901008663354432,-0.2641920090401495,2.6921753880279065,0.0,-6.363636363636371,6.185567010309279,116.87020687743984,14.901206877439847,False,0.35,0.2,20.64621197513363,40.42979312256017,-1.3807338048358502,115.489473072604,1.6636115853683768e-07,0.0,116.87020687743984,False,124.38941778218532,0.1412294506797243,121.1526149827854,115.489473072604,0.0232067878,2587759000.0,,3.828641396489095,3.7633104655161413,-1.8051158950601598,False
113690.SH,豪24转债,2024-11-20,2024-11-19,146.19,144.12811387900356,5.5,73.75458701699999,82.117902029352,AA-,汽车,制造,3-10,50-300,AA/AA-,147.5741623072383,147.5741623072383,0.0,False,False,124.85378939980004,157.3,True,6.0,408.0,5.899943875440264,2024.0,>=120,7.0,0.7063996609936384,0.5357955987532551,1.0,豪能转债、英搏转债、上声转债、博俊转债、文灿转债、超达转债、华懋转债,-1.763399444041411,2.479287870756435,-3.3999260776032454,-0.0679206246130159,0.4285714285714285,-4.028436018957349,43.61702127659572,147.5741623072383,1.384162307238313,False,0.3,0.2,19.19931942031073,9.7258376927617,-5.944037719968794,141.6301245872695,0.8850363248622081,9.7258376927617,157.3,True,152.79308711289644,0.2427769216974574,149.34506900922165,157.3,0.0012874689,445272000.0,,1.7047480922384253,6.655077081057934,-1.1375148933490977,False
123250.SZ,嘉益转债,2024-11-26,2024-11-25,125.0,84.62731581214993,3.979384,102.01003953,45.608355958379,A+,轻工制造,制造,3-10,50-300,A+/A,110.22603297317684,110.22603297317684,0.0,False,False,87.50566006573857,132.94640588061512,True,6.0,409.0,5.607474561561136,2024.0,80-90,7.0,0.5340617848055681,0.1383518754132379,1.0,松霖转债、鹤21转债、家联转债、海顺转债、欧22转债、合兴转债、特纸转债,-0.6231315811937248,-0.1763687364728171,-0.669534597723004,-0.0243935219407243,0.0,-1.0079629069650209,-20.542071197411005,110.22603297317684,-14.773967026823158,False,0.3,0.2,19.09603938592399,47.07396702682317,3.7626813311774807,113.98871430435432,0.01142567705068,0.0,110.22603297317684,False,126.97272406657592,0.2353130456771616,118.53387188806788,113.98871430435432,0.0031602554,127531400.0,,1.3811270334482884,5.757102431864491,-1.1785498031034627,False
113692.SH,保隆转债,2024-11-27,2024-11-26,115.414,95.98603839441536,13.9,81.6493832,45.439269858726,AA,汽车,制造,10-20,50-300,AA/AA-,115.12523728978678,115.12523728978678,0.0,False,False,92.4048643823485,137.84561019722506,True,6.0,410.0,6.478680150140441,2024.0,90-100,7.0,0.7743329628065231,0.6386253094338307,1.0,拓普转债、松原转债、新23转债、升24转债、联诚转债、今飞转债、岱美转债,3.711854787624089,3.9577272605802767,5.306859781569299,-4.181248173016849,0.7142857142857143,-10.672853828306271,-1.1045466221423106,115.12523728978678,-0.28876271021322,False,0.3,0.2,19.00034650395386,42.17476271021323,-0.06103049580489,115.0642067939819,0.0019141496923195,0.0,115.12523728978678,False,126.86162939551008,0.158754529685331,120.14681325377454,115.0642067939819,0.0054312187,929812000.0,,2.631888840136646,5.215591731913093,-1.6675243256578747,False
127107.SZ,领益转债,2024-12-06,2024-12-05,124.5,95.51912568306012,21.374181,612.5147413806,56.915881533595,AA+,电子,科技,20-50,300+,AAA/AA+,116.00509382081258,116.00509382081258,0.0,False,False,95.75430272213484,136.2558849194903,True,6.0,408.0,6.055156211280806,2024.0,90-100,7.0,0.7602704685029619,0.640007993619249,1.0,立昂转债、景23转债、富仕转债、金宏转债、兴森转债、春秋转债、春23转债,0.055949402792573,1.770530614697267,-0.0186349007889958,0.5707171477982387,0.0,6.067961165048552,0.691244239631339,116.00509382081258,-8.494906179187424,False,0.25,0.2,16.8785562747775,41.29490617918744,1.409960123480758,117.41505394429332,2.974551509822541e-06,0.0,116.00509382081258,False,124.06313098827482,0.1501779666782779,120.65628260393304,117.41505394429332,0.0056263317,1662650900.0,,3.0621836982992816,5.180297612245056,-1.7332059196511758,False
118051.SH,皓元转债,2024-12-19,2024-12-18,119.005,91.08765038055488,8.2235,78.254615964,47.454606996371,AA-,医药生物,消费,3-10,50-300,AA/AA-,117.9191007551468,117.9191007551468,0.0,False,False,97.66830965646906,138.16989185382454,True,6.0,405.0,5.240478361222364,2024.0,90-100,7.0,0.8143163953897291,0.7196816305327249,1.0,康泰转2、九强转债、奇正转债、百洋转债、柳药转债、山河转债、微芯转债,-1.2899159484830856,-0.9024843797264582,-2.8014716330347,2.056296524726109,0.0,-5.669972031528092,-5.453618756371048,117.9191007551468,-1.085899244853195,False,0.25,0.2,17.20723579530462,39.38089924485321,0.9895599637482152,118.90866071889502,0.0104020936194153,0.0,117.9191007551468,False,126.5800651888452,0.0898047725449227,120.57154527962072,118.90866071889502,0.0033352599,554942000.0,,2.1069959091991866,5.7032046716165326,-2.31602099189041,False
123251.SZ,华医转债,2025-01-09,2025-01-08,108.666,81.67259786476868,7.5,19.38816,41.102923024455,A+,医药生物,消费,3-10,0-50,A+/A,115.0907125423982,115.0907125423982,0.0,False,False,97.5605185997202,132.62090648507618,True,6.0,394.0,6.857808464951409,2025.0,80-90,7.0,0.7232116659242849,0.5080457564750722,1.0,三诺转债、药石转债、东亚转债、东宝转债、皓元转债、漱玉转债、益丰转债,2.528049123172737,0.3612039351314794,3.904249870077997,-4.448528587129635,0.5714285714285714,-9.153884215734786,-16.84782608695652,115.0907125423982,6.424712542398197,False,0.25,0.2,16.672265816977312,42.20928745760182,2.8014319647392334,117.89214450713744,0.0116951709582716,0.0,115.0907125423982,False,127.8944847443987,0.1469059370781863,119.74130873791934,117.89214450713744,0.0026689469,533578100.0,,2.0149030205422647,5.926071303849454,-1.7590773163301212,False
110098.SH,南药转债,2025-01-20,2025-01-17,118.861,91.49338374291116,10.81491,63.371380336,26.043943350627,AA+,医药生物,消费,10-20,50-300,AAA/AA+,122.72156405037629,122.72156405037629,0.0,False,False,105.9808960717047,139.46223202904787,True,6.0,401.0,6.526395892950747,2025.0,90-100,7.0,0.8442520210329414,0.8167654766901125,1.0,山河转债、奇正转债、英特转债、北陆转债、柳药转债、九强转债、万孚转债,-0.200968797704765,1.0249444133750625,0.7365279271580008,-1.2541853950434834,0.0,2.9787234042553123,-6.743737957610795,122.72156405037629,3.860564050376283,False,0.25,0.2,16.84562717345163,34.578435949623724,2.257112720104762,124.97867677048104,0.0071499643512395,0.0,122.72156405037629,False,126.72464253501836,0.0875859264280088,124.9930023106858,124.97867677048104,0.0048106886,702536000.0,,2.3809257375950836,5.336915045027734,-2.343473587253171,False
123252.SZ,银邦转债,2025-01-24,2025-01-23,121.85,90.0958466453674,7.85,92.712576,43.756032623226,AA-,有色金属,周期,3-10,50-300,AA/AA-,122.77581293868629,122.77581293868629,0.0,False,False,106.0351449600147,139.51648091735785,True,6.0,393.0,6.696249103252509,2025.0,90-100,7.0,0.8320923550082286,0.8205178733610342,1.0,万顺转2、亚科转债、华友转债、鼎胜转债、众和转债、金铜转债、丽岛转债,1.552992989680759,0.2825779357841369,1.5659775919998502,-1.7256317990013204,0.5714285714285714,-1.5706806282722696,-2.337662337662349,122.77581293868629,0.925812938686292,False,0.2,0.2,14.55080200330364,34.524187061313725,1.4862058349767615,124.26201877366304,0.0143477247837063,0.0,122.77581293868629,False,129.22984304347207,0.0885967403965499,125.06986076754114,124.26201877366304,0.0050589018,404268300.0,,2.060513531794317,5.286605854811514,-2.3308903884753214,False
113070.SH,渝水转债,2025-02-13,2025-02-12,122.351,94.37751004016064,19.0,225.6,19.500433105395,AAA,环保,周期,10-20,50-300,AAA/AA+,124.74732026105735,124.74732026105735,0.0,False,False,108.00665228238576,141.48798823972894,True,6.0,398.0,6.779024392100916,2025.0,90-100,7.0,0.6903721492025535,0.5801530563491114,0.8571428571428571,绿动转债、京源转债、中环转2、海环转债、绿茵转债、旺能转债、双箭转债,0.8835871219109683,-0.1539421083599635,1.2522587345590068,-1.1492070510361383,0.1428571428571428,2.620087336244548,-1.0526315789473606,124.74732026105735,2.396320261057354,False,0.15,0.2,11.97222209494192,32.55267973894266,1.6434711385490963,126.39079139960646,0.0001224994567482,0.0,124.74732026105735,False,129.93988363786335,0.1103909229944599,127.44246053280104,126.39079139960646,0.0131490915,885087000.0,,2.9444389791664403,4.331402610197483,-2.0867542157029946,False
123253.SZ,永贵转债,2025-03-28,2025-03-27,124.16,99.50792782941498,9.8,70.59310385399999,43.899683234023,AA-,机械设备,制造,3-10,50-300,AA/AA-,124.0917389689744,124.0917389689744,0.0,False,False,107.35107099030282,140.83240694764598,True,6.0,379.0,5.60705579916013,2025.0,90-100,7.0,0.7775065965949659,0.739961353196833,1.0,华兴转债、浙矿转债、万讯转债、智能转债、昌红转债、泰福转债、伟隆转债,2.3842070434822364,-0.7818393207157721,3.654271806826804,-4.208149239077075,0.7142857142857143,-6.570841889117052,-2.4128686327077764,124.0917389689744,-0.0682610310255995,False,0.1,0.2,9.685305280053855,33.208261031025614,1.1288100844587836,125.22054905343316,0.0071905502012066,0.0,124.0917389689744,False,135.7519810391736,0.0839743766561757,126.18322123391135,125.22054905343316,0.0031440096,720056800.0,,2.2823823856765264,5.762256350984724,-2.3895326248638926,False
118053.SH,正帆转债,2025-04-03,2025-04-02,127.403,103.55212355212352,10.41095,117.5061277998,31.344690613763,AA,机械设备,制造,10-20,50-300,AA/AA-,126.54602631496354,126.54602631496354,0.0,False,False,109.80535833629196,143.28669429363512,True,6.0,381.0,5.544910671050802,2025.0,100-110,7.0,0.6437737623527052,0.4159002885126807,1.0,星球转债、精测转2、弘亚转债、华兴转债、昌红转债、博杰转债、东杰转债,-0.6351565925561669,1.0541938442181094,-0.9339166631079,1.2166612585930214,0.2857142857142857,6.824216675517802,3.23325635103926,126.54602631496354,-0.8569736850364649,False,0.1,0.2,9.179486103072556,30.75397368503647,1.054515550242531,127.60054186520608,0.0045725877544054,0.0,126.54602631496354,False,135.47791224041785,0.0884759439922892,128.58676645493676,127.60054186520608,0.0038338428,697726000.0,,2.342858136868462,5.563887636764217,-2.332387289672863,False
118052.SH,浩瀚转债,2025-04-07,2025-04-03,117.532,87.77686628383921,3.5429,33.886186738,39.717391304906,A+,计算机,科技,3-10,0-50,A+/A,117.63599922837768,117.63599922837768,0.0,False,False,102.37746879318064,132.89452966357473,True,6.0,378.0,5.4167659724651145,2025.0,80-90,7.0,0.724359686723019,0.5776878892423672,1.0,声迅转债、科达转债、丝路转债、正元转02、金现转债、信服转债、宏图转债,0.1337460487477166,2.877097558499449,0.7064876537636007,-0.2629556902586594,0.0,-2.416780665754681,-12.72430668841762,117.63599922837768,0.1039992283776882,False,0.1,0.2,8.824793990657449,39.66400077162233,2.138832984449269,119.77483221282696,0.0191811122665642,0.0,117.63599922837768,False,129.66991288199895,0.2008986809436285,123.61233330535218,119.77483221282696,0.0012315243,252398000.0,,1.2649456008166513,6.69950260856425,-1.3806870389932424,False
113693.SH,志邦转债,2025-04-08,2025-04-07,118.828,85.31353135313532,6.7,45.1347010642,44.152325123745,AA,轻工制造,制造,3-10,0-50,AA/AA-,116.46414624842576,116.46414624842576,0.0,False,False,101.66473125147928,131.26356124537227,True,6.0,364.0,6.203436233514425,2025.0,80-90,7.0,0.8548044809435018,0.8158283696294647,1.0,特纸转债、合兴转债、家联转债、东风转债、艾录转债、嘉美转债、江山转债,0.6007891686734622,0.5432921620771594,0.1524628460220043,3.087549136567957,0.1428571428571428,-13.68948247078464,-17.147435897435905,116.46414624842576,-2.36385375157424,False,0.05,0.2,6.170649107587927,40.83585375157425,1.177168748785446,117.6413149972112,0.0051739332296239,0.0,116.46414624842576,False,127.24213264398138,0.1292880684622792,120.42383774008763,117.6413149972112,0.0016714953,520117000.0,,1.9021075263969205,6.394036663953722,-1.907268185546809,False
123254.SZ,亿纬转债,2025-04-11,2025-04-10,114.9,79.04261529480443,50.0,830.9720720814,54.969960583521,AA+,电力设备,制造,50+,300+,AAA/AA+,115.64974634662605,115.64974634662605,0.0,False,False,100.85033134967956,130.44916134357254,True,6.0,365.0,6.108183743366459,2025.0,<80,7.0,0.8592066776787611,0.8601045538457323,1.0,福22转债、宇邦转债、宙邦转债、中能转债、翔丰转债、天23转债、通裕转债,2.146708999657185,2.956228942230924,2.3854932504769906,-2.5341232291673954,0.2857142857142857,-12.701482914248874,-19.548425430778384,115.64974634662605,0.7497463466260399,False,0.05,0.2,5.580957714821517,41.650253653373966,2.42911705268604,118.07886339931208,4.8611773456794224e-11,0.0,115.64974634662605,False,121.33805467548233,0.1434181081323639,120.12979678327602,118.07886339931208,0.0389487841,1783437700.0,,3.912023005428146,3.2455077240974397,-1.787185728148117,False
127108.SZ,太能转债,2025-04-16,2025-04-15,109.45,76.71957671957671,29.5,170.4242059965,35.081264234646,AA+,公用事业,周期,20-50,50-300,AAA/AA+,115.64672309141092,115.64672309141092,0.0,False,False,100.84730809446442,130.44613808835743,True,6.0,376.0,5.113900332593327,2025.0,<80,7.0,0.8795175078016452,0.919249899670046,1.0,节能转债、燃23转债、天壕转债、晶科转债、皖天转债、新港转债、芯能转债,1.2284233102338198,-0.7373500041248413,3.010552302055494,-4.194082343548544,0.1428571428571428,2.1126760563380254,-5.639913232104132,115.64672309141092,6.196723091410917,False,0.05,0.2,5.478443430098968,41.65327690858909,2.5926913977880366,118.23941448919896,2.3291283443940594e-06,0.0,115.64672309141092,False,120.11859725685066,0.1066965752098928,118.97991958572274,118.23941448919896,0.0131668802,1869337500.0,,3.3843902633457743,4.330050678153158,-2.124937244148017,False
123255.SZ,鼎龙转债,2025-04-23,2025-04-22,130.001,106.69456066945608,9.1,287.114472846,47.036298759011,AA,电子,科技,3-10,50-300,AA/AA-,129.68282154627644,129.68282154627644,0.0,False,False,115.40188285538986,143.96376023716303,True,6.0,377.0,5.486638790249238,2025.0,100-110,7.0,0.8137491370498325,0.7591714448686915,1.0,利扬转债、力合转债、佳禾转债、汇成转债、强力转债、芯海转债、金宏转债,0.8594987057973199,-2.3444675559137003,1.654582717199002,-1.4401648932468536,0.2857142857142857,3.834407872412626,8.05084745762712,129.68282154627644,-0.3181784537235614,False,0.05,0.175,5.673103194606926,27.617178453723568,0.6388935168441656,130.32171506312062,0.0028762254987264,0.0,129.68282154627644,False,134.30443507168516,0.1005762345896534,131.76604541042596,130.32171506312062,0.0031985915,647341100.0,,2.2082744135228043,5.7450447223236525,-2.1908383045407644,False
113694.SH,清源转债,2025-04-25,2025-04-24,117.262,87.1616395978345,5.0,30.85726,44.836670099398,A+,电力设备,制造,3-10,0-50,A+/A,119.04366612211936,119.04366612211936,0.0,False,False,104.76272743123278,133.32460481300595,True,6.0,375.0,5.666221907329027,2025.0,80-90,7.0,0.8679650020951417,0.8375648222799433,1.0,洛凯转债、恩捷转债、白电转债、双良转债、中能转债、宇邦转债、帝尔转债,0.4443511395909491,0.5172944850785368,2.1277406148355062,-2.4676807917419,0.1428571428571428,0.71492403932083,-14.10060975609756,119.04366612211936,1.7816661221193613,False,0.0,0.175,3.692803583825423,38.25633387788065,3.1671378886217454,122.2108040107411,0.0100657912405986,0.0,119.04366612211936,False,130.03560984077066,0.1651640284541023,123.7825937849863,122.2108040107411,0.0020332978,329247000.0,,1.6094379124341003,6.1980962720335135,-1.6202961723496632,False
118054.SH,安集转债,2025-04-25,2025-04-24,129.277,101.3027184581524,8.305,220.050205622,48.448079468241,AA-,电子,科技,3-10,50-300,AA/AA-,127.13553309213331,127.13553309213331,0.0,False,False,112.85459440124671,141.41647178301992,True,6.0,375.0,5.666221907329027,2025.0,100-110,7.0,0.7815172822627254,0.6941767824066767,1.0,利扬转债、力合转债、国力转债、芯海转债、韦尔转债、佳禾转债、福蓉转债,2.1129337400325925,0.5372226397032855,4.4072161858025005,-2.364860307487582,0.5714285714285714,-2.0983041103765365,2.9003021148036323,127.13553309213331,-2.141466907866672,False,0.0,0.175,3.74481864501434,30.164466907866696,0.2048248788649702,127.34035797099828,0.0031488989314513,0.0,127.13553309213331,False,131.8176572514894,0.0812207219071122,128.9730179257834,127.34035797099828,0.0038928615,511884000.0,,2.116857743065258,5.548610787662769,-2.425875506820187,False
118055.SH,伟测转债,2025-04-30,2025-04-29,127.61,93.26841144248326,11.75,87.2202061374,59.093148329108,AA,电子,科技,10-20,50-300,AA/AA-,123.15955539972924,123.15955539972924,0.0,False,False,108.87861670884266,137.44049409061583,True,6.0,376.0,5.8786436366332335,2025.0,90-100,7.0,0.7637953918874543,0.6664023721933371,1.0,富仕转债、利扬转债、联创转债、汇成转债、国力转债、闻泰转债、富瀚转债,-0.4469339522823197,0.0226407760803113,-0.4455611289236707,0.9956743601335584,0.1428571428571428,-4.0811216825237695,-4.677780542423482,123.15955539972924,-4.450444600270757,False,0.0,0.175,3.710611306702414,34.14044460027077,0.8731532446128591,124.03270864434212,0.0025951087021991,0.0,123.15955539972924,False,127.50035485166102,0.07782690303965,125.15233920345612,124.03270864434212,0.0046103031,788463000.0,,2.463853240590168,5.3794616757618074,-2.4722457778384106,False
123256.SZ,恒帅转债,2025-06-17,2025-06-16,157.3,92.94964028776978,3.2759,65.1168,27.321235818647,A+,汽车,制造,3-10,50-300,A+/A,123.33725622184356,123.33725622184356,0.0,False,True,109.05631753095696,137.61819491273016,False,6.0,370.0,6.323581384813095,2025.0,90-100,7.0,0.6123317387185561,0.3321739806102814,1.0,明新转债、金钟转债、威唐转债、兴瑞转债、爱迪转债、泉峰转债、神通转债,-0.4062580787924393,1.0929069987857836,-0.6511027602845063,1.1150535430650144,0.1428571428571428,2.793493635077793,-2.038753159224937,123.33725622184356,-33.96274377815645,True,0.0,0.175,3.678381367815229,33.96274377815645,1.3033304305715894,124.64058665241517,0.0152824580006953,0.0,123.33725622184356,False,131.11501944114718,0.1481209009327731,127.11020037677066,124.64058665241517,0.0003763081,297516600.0,,1.1865926404943998,7.885102335217863,-1.7494157757781499,True
123257.SZ,安克转债,2025-07-04,2025-07-03,136.51,105.0562801500804,11.0482,625.088922024,37.39879914418,AA+,电子,科技,10-20,300+,AAA/AA+,134.41679680811035,134.41679680811035,0.0,False,False,119.61738181116384,149.21621180505684,True,6.0,369.0,6.139780955283182,2025.0,100-110,7.0,0.5298727510627638,0.1164981145651248,1.0,安集转债、领益转债、国力转债、景23转债、力合转债、鼎龙转债、华体转债,0.4028169260877316,-0.3896471401312412,0.5003786736470026,0.0219663687320181,0.2857142857142857,12.160228898426318,9.344490934449093,134.41679680811035,-2.0932031918896428,False,0.05,0.175,4.63145821285106,22.883203191889663,1.1651643343023126,135.58196114241267,0.0001636798676484,0.0,134.41679680811035,False,137.77121194726652,0.0992673199700309,136.12046249800176,135.58196114241267,0.0026117294,883462400.0,,2.4022675187671774,5.947742671709562,-2.20539210819922,False
127109.SZ,电化转债,2025-07-04,2025-07-03,157.0,141.0891089108911,4.87,89.7011441025,81.765126745109,AA,电力设备,制造,3-10,50-300,AA/AA-,158.3463024116966,157.3,-1.0463024116965869,True,False,142.50058500305352,157.3,True,6.0,369.0,6.139780955283182,2025.0,>=120,7.0,0.627001224252574,0.471740074767068,1.0,宏丰转债、嘉元转债、高测转债、芳源转债、亿纬转债、翔丰转债、科利转债,0.0378593270726309,-2.0775574039204754,0.0151868355400033,-1.749833260210476,0.1428571428571428,-10.377358490566037,43.939393939393945,157.3,0.3000000000000113,False,0.05,0.175,4.666910257083626,0.0,-6.369404601744679,150.93059539825532,0.8961586830559518,0.0,157.3,False,157.3,0.228455853868424,157.3,150.93059539825532,0.0015111962,358810900.0,,1.5830939370944985,6.494853756338103,-1.2170508993665066,False
113695.SH,华辰转债,2025-07-10,2025-07-09,157.3,94.26264343391416,4.6,36.471683,36.84501852514,A+,电力设备,制造,3-10,0-50,A+/A,125.73183222777648,125.73183222777648,0.0,False,True,110.93241723082998,140.53124722472296,False,6.0,367.0,5.780439472982392,2025.0,90-100,7.0,0.6100156552127379,0.3570856689590665,1.0,海优转债、欧通转债、申昊转债、起帆转债、隆22转债、帝尔转债、中辰转债,-0.5171690037001764,-0.9223675170901976,-1.2436434884840004,1.585407432662822,0.2857142857142857,2.448036951501153,-4.396551724137932,125.73183222777648,-31.56816777222353,True,0.05,0.175,3.943211905742469,31.56816777222353,1.811457599528791,127.54328982730529,0.0372870100197353,0.0,125.73183222777648,False,133.82620360248205,0.222029463702273,130.9886297481741,127.54328982730529,0.0003420855,432311000.0,,1.5260563034950492,7.980449852146462,-1.253878559933201,True
118056.SH,路维转债,2025-07-10,2025-07-09,134.742,103.42507645259936,6.15,65.385464104,24.138268452204,AA-,电子,科技,3-10,50-300,AA/AA-,132.61996158171405,132.61996158171405,0.0,False,False,117.36143114651702,147.87849201691108,True,6.0,367.0,5.780439472982392,2025.0,100-110,7.0,0.7237323155810232,0.5679173610651411,1.0,宏微转债、国微转债、金宏转债、超声转债、力合转债、鼎龙转债、兴森转债,-0.0699220671233881,0.3167573115240689,-0.936469630055008,0.3505868568680181,0.1428571428571428,-0.2359882005899649,8.051118210862619,132.61996158171405,-2.122038418285939,False,0.1,0.175,5.507182158842984,24.68003841828596,-0.1602886504105165,132.45967293130354,0.0562794813879499,0.0,132.61996158171405,False,137.696900512027,0.2133152919153499,136.5684337814731,132.45967293130354,0.0016209606,483301000.0,,1.8164520818184267,6.424736342507954,-1.3050562281318383,False
111022.SH,锡振转债,2025-07-14,2025-07-11,139.923,100.0,5.2,79.9696942434,45.040894632938,AA-,汽车,制造,3-10,50-300,AA/AA-,130.41579886586214,130.41579886586214,0.0,False,False,115.15726843066513,145.67432930105915,True,6.0,371.0,5.869214390449331,2025.0,100-110,7.0,0.6640352845005678,0.4500444738268578,1.0,海泰转债、威唐转债、恒帅转债、金钟转债、升24转债、超达转债、纽泰转债,0.0187041666086552,0.5824335676021468,0.4742043310341994,0.3740372842428785,0.1428571428571428,-0.0624999999999986,1.6852146263911072,130.41579886586214,-9.507201134137858,False,0.1,0.175,5.18853877079791,26.884201134137868,0.4337268206839909,130.84952568654614,0.0766646019644557,0.0,130.41579886586214,False,138.91160480723914,0.2330686124496485,135.11519645722524,130.84952568654614,0.0008967374,448228000.0,,1.6486586255873816,7.016747492389373,-1.1910644575105065,False
118057.SH,甬矽转债,2025-07-16,2025-07-15,127.042,98.59105318774216,11.65,114.654297807,34.784254801043,A+,电子,科技,10-20,50-300,A+/A,130.35954548634686,130.35954548634686,0.0,False,False,115.10101505114984,145.6180759215439,True,6.0,363.0,5.151270141190536,2025.0,90-100,7.0,0.729410713339243,0.6161561099215529,1.0,力合转债、海能转债、银微转债、芯海转债、韦尔转债、环旭转债、领益转债,0.6557224586930402,1.1030355554434743,1.4828344034751515,-0.9883833187576408,0.2857142857142857,-1.7550017550017505,4.674644727000743,130.35954548634686,3.3175454863468588,False,0.1,0.175,5.609603865262143,26.94045451365315,-0.0566618571270077,130.30288362921985,0.0076592167635457,0.0,130.35954548634686,False,134.25363579707144,0.0693507465728825,131.76080096149784,130.30288362921985,0.004125218,827515000.0,,2.4553061800117097,5.490636412107076,-2.5967055525449636,False
111023.SH,利柏转债,2025-07-22,2025-07-21,129.459,93.90444810543656,7.5,51.19398,26.097190496328,AA,建筑装饰,周期,3-10,50-300,AA/AA-,127.89351137133154,127.89351137133154,0.0,False,False,112.63498093613453,143.1520418065286,True,6.0,362.0,6.312667119180179,2025.0,90-100,7.0,0.6264239119839929,0.3257269699436255,1.0,华阳转债、浙建转债、华设转债、文科转债、建工转债、能辉转债、海波转债,-0.2292004013122714,-1.2093513954836137,-0.8591609313499973,1.7678442469528877,0.2857142857142857,0.3521126760563486,-3.634826711749784,127.89351137133154,-1.5654886286684615,False,0.1,0.175,5.454245512459576,29.40648862866847,1.4044251362177451,129.29793650754928,0.0226366662130849,0.0,127.89351137133154,False,133.92034730343593,0.2054625176312133,132.42495976258644,129.29793650754928,0.0016947201,606638000.0,,2.0149030205422647,6.380237684528999,-1.352496540823954,False
127110.SZ,广核转债,2025-07-25,2025-07-24,129.8,103.54223433242508,49.0,1802.3445318009,13.002428563908,AAA,公用事业,周期,20-50,300+,AAA/AA+,132.3123631233433,132.3123631233433,0.0,False,False,117.05383268814626,147.57089355854032,True,6.0,366.0,5.779739141810074,2025.0,100-110,7.0,0.695663844648332,0.5410529918065541,1.0,节能转债、燃23转债、太能转债、长集转债、天壕转债、贵燃转债、嘉泽转债,-0.1514134592058932,0.036478826562601,-0.2409199491115435,0.599498422835576,0.1428571428571428,3.82513661202184,3.260869565217384,132.3123631233433,2.512363123343277,False,0.1,0.15,5.339491741374185,24.987636876656723,0.8631003493501948,133.17546347269348,1.2304003738335574e-13,0.0,132.3123631233433,False,136.27556309195535,0.1428733505718379,134.98991367592356,133.17546347269348,0.0183539384,3321021800.0,,3.8918202981106265,3.9979111008075763,-1.7916271124813534,False
113696.SH,伯25转债,2025-07-28,2025-07-25,129.01,95.4215948111408,28.02,303.376712164,29.089142418914,AA,汽车,制造,20-50,300+,AA/AA-,129.40539831434677,129.40539831434677,0.0,False,False,114.14686787914974,144.6639287495438,True,6.0,361.0,6.0500619828243,2025.0,90-100,7.0,0.6194458519452107,0.4311738616203548,1.0,爱迪转债、豪24转债、升24转债、金钟转债、银轮转债、精锻转债、兴瑞转债,0.4762648430027117,-0.5009672018709943,0.7660253681796956,-1.2930930615936198,0.1428571428571428,-1.6129032258064502,-2.5710946630307707,129.40539831434677,0.3953983143467781,False,0.1,0.125,5.418819250607035,27.89460168565324,1.335743882932365,130.74114219727915,1.1743369077311342e-05,0.0,129.40539831434677,False,134.1657917379669,0.0972648205993602,131.440270885831,130.74114219727915,0.0088024495,2064834000.0,,3.332918540908861,4.732725243958056,-2.227991875057839,False
118058.SH,微导转债,2025-08-27,2025-08-26,157.3,118.43908251414956,11.7,183.3561357208,45.940490828647,AA,电力设备,制造,10-20,50-300,AA/AA-,153.46629360035348,153.46629360035348,0.0,False,True,138.666878603407,157.3,True,6.0,340.0,5.266271219281938,2025.0,110-120,7.0,0.7253216469940803,0.6175656290618513,1.0,煜邦转债、天23转债、宇邦转债、中辰转债、翔丰转债、晶能转债、晶澳转债,0.1618253751738669,0.1563212624947386,-1.0443906747284335,0.9355999224712752,0.1428571428571428,6.452476572958488,17.528820573455505,153.46629360035348,-3.8337063996465295,True,0.1,0.1,5.318773153271506,3.8337063996465295,-0.6490697968417467,152.81722380351172,0.1454627036981192,0.0,153.46629360035348,False,154.18870516834062,0.1497717949799425,153.89692941702936,152.81722380351172,0.0014664087,1040835000.0,,2.4595888418037104,6.524938928559488,-1.7363920211028852,True
127111.SZ,金威转债,2025-09-08,2025-09-05,138.0,101.93976518631956,12.923948,121.8039737687,39.039736146143,AA,食品饮料,消费,10-20,50-300,AA/AA-,137.19796132198127,137.19796132198127,0.0,False,False,122.39854632503476,151.99737631892776,True,6.0,337.0,6.270646932628119,2025.0,100-110,7.0,0.5027357152696553,0.2782303698548427,0.7142857142857143,新乳转债、仙乐转债、龙大转债、大参转债、天润转债、小熊转债、立高转债,0.0809975092459048,-0.5322185342127864,-0.8292277065329969,-2.817284380302232,0.4285714285714285,-1.6740521910388997,4.010416666666661,137.19796132198127,-0.8020386780187323,False,0.15,0.125,5.507045421702552,20.102038678018744,0.8922504973018374,138.0902118192831,0.0229824854430629,0.0,137.19796132198127,False,140.72599045594626,0.0881864218813001,138.52750646963176,138.0902118192831,0.0024083672,1079078500.0,,2.559082024432028,6.028806271466887,-2.335982554984536,False
113698.SH,凯众转债,2025-09-10,2025-09-09,157.3,102.0472440944882,3.08447,34.7424640128,41.839521769016,AA-,汽车,制造,3-10,0-50,AA/AA-,137.1894910905311,137.1894910905311,0.0,False,True,122.3900760935846,151.9889060874776,False,6.0,341.0,4.33586481526985,2025.0,100-110,7.0,0.576545107824869,0.2637837939454769,1.0,立中转债、锡振转债、华懋转债、金钟转债、恒帅转债、兴瑞转债、威唐转债,-0.945098217685414,-3.4372312493415165,-1.4271149814266,0.3210749552213121,0.0,0.4651162790697771,1.8867924528301885,137.1894910905311,-20.110508909468905,True,0.15,0.125,5.504298671351665,20.110508909468905,1.009182776940183,138.19867386747129,0.4453746222466467,0.0,137.1894910905311,False,144.74483778503642,0.2696727736436108,141.25693362828187,138.19867386747129,0.0008584113,232461000.0,,1.1263798435706551,7.060427202708335,-0.9962834144631844,True
123258.SZ,胜蓝转02,2025-09-10,2025-09-09,157.3,99.15689149560116,4.5,88.564330883,131.70128985569,AA-,电子,科技,3-10,50-300,AA/AA-,140.9015145195923,140.9015145195923,0.0,False,True,125.64298408439528,156.16004495478933,False,6.0,341.0,4.33586481526985,2025.0,90-100,7.0,0.7648128511651076,0.6158746574452353,1.0,力合转债、鼎龙转债、金宏转债、强力转债、国微转债、宏微转债、芯海转债,2.3273612729142683,3.00563789361969,5.782696345225402,-4.570707070707048,0.7142857142857143,-6.401384083044981,55.90778097982707,140.9015145195923,-16.398485480407714,True,0.2,0.125,6.504624155406226,16.398485480407714,-8.0,132.9015145195923,0.8866625021650523,16.398485480407714,157.3,True,146.27839248240227,0.1890093371417157,143.22611467267723,157.3,0.000805134,379851900.0,,1.5040773967762742,7.124501834771248,-1.456460124221834,True
113697.SH,应流转债,2025-10-22,2025-10-21,157.141,118.60846734492944,15.0,245.4037697774,62.446668476774,AA+,机械设备,制造,10-20,50-300,AAA/AA+,152.88976056504578,152.88976056504578,0.0,False,False,136.43340724747446,157.3,True,6.0,323.0,5.009870174134986,2025.0,110-120,7.0,0.7077063782807697,0.5446954728101663,1.0,精测转2、华兴转债、XD佳力转、永贵转债、博实转债、铭利转债、弘亚转债,0.9630052308503898,3.0423812498482783,1.598805313354516,-1.1169046801131732,0.2857142857142857,6.7336089781453,17.835017932833374,152.88976056504578,-4.251239434954215,False,0.25,0.15,7.206355741847901,4.410239434954235,-0.9532580990185796,151.9365024660272,0.1745363861467015,0.0,152.88976056504578,False,154.41379365300895,0.239783618139558,153.68288794147708,151.9365024660272,0.0037543804,1175694000.0,,2.70805020110221,5.584832014038925,-1.1538661801524777,False
113699.SH,金25转债,2025-10-27,2025-10-24,154.193,104.16010085092972,20.0,412.318637507,67.614157292788,AA,有色金属,周期,20-50,300+,AA/AA-,142.71369745083467,142.71369745083467,0.0,False,False,126.25734413326336,157.3,True,6.0,328.0,5.013040030834382,2025.0,100-110,7.0,0.760039874074586,0.6916216898866486,1.0,金诚转债、金田转债、中金转债、万顺转2、国城转债、恒邦转债、银邦转债,0.5052279711782326,0.9082188199358404,0.7072030690231838,-0.9962438958137976,0.2857142857142857,6.065468549422337,6.612903225806432,142.71369745083467,-11.47930254916534,False,0.25,0.15,7.381430396264309,14.58630254916534,0.874181903223153,143.58787935405783,0.0029917995153683,0.0,142.71369745083467,False,146.22053991100535,0.1603283409763406,144.46764571734963,143.58787935405783,0.0062553277,1472353000.0,,2.995732273553991,5.074321746347645,-1.6557870897171683,False
110099.SH,福能转债,2025-10-30,2025-10-29,140.628,102.2357723577236,38.02,279.68186268,28.010247213016,AA+,公用事业,周期,20-50,50-300,AAA/AA+,138.40589117258912,138.40589117258912,0.0,False,False,123.20522857455568,153.60655377062255,True,6.0,328.0,4.721245030313155,2025.0,100-110,7.0,0.6671016086700828,0.459466297590568,1.0,太能转债、广核转债、燃23转债、芯能转债、晶科转债、节能转债、新港转债,0.7747802330863649,1.0026194943504063,1.2647685531494997,-1.509185631134713,0.2857142857142857,2.75791624106232,3.81836945304439,138.40589117258912,-2.222108827410864,False,0.25,0.15,7.64555936915203,18.89410882741089,0.8502245845466183,139.25611575713577,1.2238756213020489e-05,0.0,138.40589117258912,False,141.95457168958117,0.1334264325456718,140.29662132531746,139.25611575713577,0.0058997272,3282748000.0,,3.6381123370602833,5.132849166427575,-1.8709967485297865,False
123259.SZ,锦浪转02,2025-11-06,2025-11-05,145.0,92.64083723001558,16.765838,331.2705304245,63.902270751842,AA,电力设备,制造,10-20,300+,AA/AA-,138.90447559727107,138.90447559727107,0.0,False,False,123.70381299923764,154.1051381953045,True,6.0,326.0,5.092512048571825,2025.0,90-100,7.0,0.7127055476027756,0.6073473752772021,1.0,帝尔转债、海优转债、福22转债、晶能转债、天23转债、欧晶转债、隆22转债,-0.832655264767107,-2.4755813227659944,-3.962168064459215,2.49973489262576,0.0,2.1984770326700875,-10.1112671491844,138.90447559727107,-6.095524402728927,False,0.25,0.125,7.740755887836395,18.39552440272893,3.200417624526586,142.10489322179765,0.0067067478800106,0.0,138.90447559727107,False,144.42618550883935,0.1527292831167387,141.01162703821,142.10489322179765,0.0052241404,1244507400.0,,2.8193433637569596,5.254465011412038,-1.713353299324525,False
118059.SH,颀中转债,2025-11-21,2025-11-20,145.196,93.81818181818184,8.5,153.385810152,38.471893695244,AA+,电子,科技,3-10,50-300,AAA/AA+,139.75431364452783,139.75431364452783,0.0,False,False,124.5536510464944,154.95497624256126,True,6.0,329.0,5.544833488812354,2025.0,90-100,7.0,0.6353601752412322,0.4097055659652894,1.0,力合转债、伟测转债、甬矽转债、汇成转债、银微转债、立昂转债、春23转债,1.23872179618608,2.288705953097963,2.642304979122501,-2.623790970076562,0.4285714285714285,-3.803131991051456,-1.3006885998469775,139.75431364452783,-5.441686355472172,False,0.25,0.125,7.956448801866872,17.545686355472185,0.6111408129740858,140.36545445750193,0.1533914213434673,0.0,139.75431364452783,False,143.73385820459035,0.0758367769942145,140.7522698720406,140.36545445750193,0.0037495392,513351000.0,,2.1400661634962708,5.586122326550183,-2.500305344711305,False
123260.SZ,卓镁转债,2025-11-24,2025-11-21,157.3,86.55831739961761,4.5,50.7024,59.995968482786,A+,汽车,制造,3-10,50-300,A+/A,136.10772477841203,136.10772477841203,0.0,False,True,120.9070621803786,151.30838737644547,False,6.0,323.0,5.8060431385663005,2025.0,80-90,7.0,0.6443996596412888,0.3998807024167187,1.0,威唐转债、上声转债、锡振转债、英搏转债、保隆转债、明新转债、超达转债,0.5575074437841374,0.0722914870970425,0.0557566182150033,-0.761596304984602,0.2857142857142857,-14.713639788997735,-7.555646314069831,136.10772477841203,-21.192275221587977,True,0.25,0.125,8.121459774247148,21.192275221587977,0.3578865403523097,136.46561131876433,0.5521782597645524,0.0,136.10772477841203,False,144.5317539103185,0.2928996782708292,140.76313272408453,136.46561131876433,0.0004559887,409484800.0,,1.5040773967762742,7.693042529458689,-0.8813423982017945,True
118061.SH,茂莱转债,2025-12-10,2025-12-09,157.3,98.88593145460032,5.625,190.27536,40.056343702062,A+,电子,科技,3-10,50-300,A+/A,141.9907696650671,141.9907696650671,0.0,False,True,125.53441634749576,157.3,True,6.0,311.0,5.137665495578129,2025.0,90-100,7.0,0.793309065589545,0.6744754470034433,1.0,金宏转债、甬矽转债、胜蓝转02、力合转债、联创转债、国微转债、颀中转债,-0.8927527058678038,-2.6219084514005964,-2.296016218105993,1.9461119587828368,0.0,4.358276381327464,2.3749325303258573,141.9907696650671,-15.30923033493292,True,0.3,0.15,8.958551305313009,15.30923033493292,1.3538566471034592,143.34462631217056,0.4016163159898412,0.0,141.9907696650671,False,146.1564020026516,0.1150285607864404,143.31151871419868,143.34462631217056,0.001325559,450200000.0,,1.7272209480904839,6.625921021720709,-2.040374920219066,True
118060.SH,瑞可转债,2025-12-12,2025-12-11,157.3,115.1658767772512,10.0,174.9260219175,94.323146293433,AA-,电子,科技,10-20,50-300,AA/AA-,154.13522545010758,154.13522545010758,0.0,False,True,138.6081440860797,157.3,True,6.0,312.0,5.8039890463008,2025.0,110-120,7.0,0.765596599535751,0.6397215907997269,1.0,环旭转债、华正转债、甬矽转债、华体转债、力合转债、金宏转债、颀中转债,-1.0849583845359516,-0.9387334154693604,-2.396541988495993,3.040490260450868,0.0,20.46742209631729,11.68745896257386,154.13522545010758,-3.164774549892428,True,0.3,0.175,8.025875633151832,3.164774549892428,1.732502927681278,155.86772837778886,0.8603874459266422,3.164774549892428,157.3,True,155.3783437428978,0.2589856825563298,154.7499489228132,157.3,0.002585376,771065000.0,,2.302585092994046,5.957884327053777,-1.051247166429485,True
123261.SZ,普联转债,2025-12-22,2025-12-19,157.3,90.30668127053669,2.429326,46.62977031520001,57.616637518794,A+,计算机,科技,0-3,0-50,A+/A,138.67117729246968,138.67117729246968,0.0,False,True,123.1440959284418,154.19825865649756,False,6.0,298.0,6.748076870728939,2025.0,90-100,7.0,0.4780755343376513,0.0796659540372469,0.8571428571428571,声迅转债、山石转债、正元转02、恒锋转债、科蓝转债、丝路转债、富淼转债,0.9751316964200968,0.8877551501744799,1.486933046893002,-0.5388621646605918,0.1428571428571428,-2.5989367985824074,-12.053333333333338,138.67117729246968,-18.628822707530333,True,0.35,0.2,8.079454201051973,18.628822707530333,2.2598974990626206,140.9310747915323,0.900363833023364,18.628822707530333,157.3,True,147.25508580435303,0.4021419396393887,144.28975046507307,157.3,0.0006015703,189966000.0,,0.8876138526241791,7.4159671548983646,-0.3965482585407182,True
123262.SZ,神宇转债,2025-12-30,2025-12-29,156.36,94.50521495802596,5.0,66.658440409,37.668416809944,AA-,通信,科技,3-10,50-300,AA/AA-,141.64396105185273,141.64396105185273,0.0,False,False,126.11687968782483,157.1710424158806,True,6.0,298.0,6.717142867392895,2025.0,90-100,7.0,0.4903832576656217,0.4901186101356792,0.2857142857142857,中贝转债、力合转债、奥飞转债、海能转债、正元转02、贵燃转债、恒锋转债,0.0952139338991353,0.6560952253755087,0.5437928864750495,-0.4490160068421955,0.1428571428571428,1.892484914975312,1.2537476151539997,141.64396105185273,-14.716038948147286,False,0.4,0.225,8.99589533642849,15.656038948147284,0.9174772920376096,142.56143834389033,0.8493380769035391,15.656038948147284,157.3,True,149.34639431639033,0.3527019919389444,145.78539814401665,157.3,0.0023902176,286303600.0,,1.6094379124341003,6.036370871158051,-0.6071833033303091,False
118062.SH,天准转债,2025-12-31,2025-12-30,157.3,103.03247801902027,8.72,111.5788311,35.000201371789,AA-,机械设备,制造,3-10,50-300,AA/AA-,147.05322860036006,147.05322860036006,0.0,False,True,132.07041703142158,157.3,True,6.0,294.0,6.3157086247146985,2025.0,100-110,7.0,0.5900247685574126,0.2089183831772883,1.0,万讯转债、星球转债、章鼓转债、浙矿转债、弘亚转债、铭利转债、艾迪转债,-0.7178582968582368,0.3982004062388377,-1.4417521509018008,1.7934856215715669,0.1428571428571428,0.5428121169672506,8.87372013651877,147.05322860036006,-10.246771399639954,True,0.35,0.225,8.153288895224676,10.246771399639954,-0.5780827130921613,146.4751458872679,0.6653661291335441,10.246771399639954,157.3,True,151.6379092859675,0.2189447898807753,148.73583650864794,157.3,0.001286976,755820000.0,,2.1656192379208883,6.655459998560672,-1.27182624188239,True
123263.SZ,鼎捷转债,2025-12-31,2025-12-30,145.0,101.53881488286632,8.276642,120.053064043,33.595939279945,AA,计算机,科技,3-10,50-300,AA/AA-,146.1815662680762,146.1815662680762,0.0,False,False,131.19875469913774,157.3,True,6.0,294.0,6.3157086247146985,2025.0,100-110,7.0,0.7347067993263536,0.6061064013257942,1.0,信服转债、银信转债、新致转债、思特转债、山石转债、科蓝转债、正元转02,-0.7547504857498185,-0.1434407874624541,-1.6643546875828028,1.6384364656520822,0.0,6.530120481927715,0.5686988171064611,146.1815662680762,1.1815662680762102,False,0.4,0.25,8.559525544292375,11.1184337319238,1.6144123965621315,147.79597866463834,0.7392739914499967,11.1184337319238,157.3,True,151.71592956289606,0.3640619319931774,149.21741511696294,157.3,0.0057299442,302969400.0,,2.1134373305817173,5.162049486522801,-0.5577771852483883,False
118063.SH,金05转债,2026-01-14,2026-01-13,157.3,104.11066308243728,16.715,427.369566338,66.465531900911,AA+,电力设备,制造,10-20,300+,AAA/AA+,155.55973914744885,155.55973914744885,0.0,False,True,140.57692757851038,157.3,True,6.0,283.0,7.682744966131375,2026.0,100-110,7.0,0.6208044615349203,0.3600756838872593,1.0,锦浪转02、宙邦转债、嘉元转债、华辰转债、翔丰转债、宇邦转债、福22转债,0.944292312941812,-0.7849582352712106,-0.4080948139095017,-0.4025101136393649,0.1428571428571428,7.6557794764883,11.584633853541426,155.55973914744885,-1.7402608525511596,True,0.4,0.25,8.143243800989293,1.7402608525511596,0.7806183806608518,156.3403575281097,0.1590044339147965,0.0,155.55973914744885,False,156.4300777258302,0.2954931357678628,155.94541549972965,156.3403575281097,0.0037140465,1334516000.0,,2.816306519872062,5.595633295936139,-0.868852467336593,True
111024.SH,澳弘转债,2026-01-16,2026-01-15,157.3,94.33019976498235,5.8,45.892880345,25.525069019565,AA-,电子,科技,3-10,0-50,AA/AA-,147.0285896871057,147.0285896871057,0.0,False,True,132.04577811816722,157.3,True,6.0,283.0,7.791992303772306,2026.0,90-100,7.0,0.7289601488139255,0.5567089683616496,1.0,超声转债、颀中转债、海能转债、银微转债、胜蓝转02、伟测转债、立讯转债,-0.3129899819426902,3.9052633018231537,-0.9664476202700516,0.0191814481827257,0.2857142857142857,5.140798952193837,11.998604813393786,147.0285896871057,-10.271410312894318,True,0.45,0.275,8.06437956929951,10.271410312894318,-0.370481656139568,146.65810803096613,0.9419626660757852,10.271410312894318,157.3,True,152.212055531746,0.2989073096957883,149.3312394046623,157.3,0.0006497574,521699000.0,,1.7578579175523736,7.338911495511761,-0.8525065798067828,True
123264.SZ,双乐转债,2026-01-16,2026-01-15,157.3,97.1934604904632,8.0,35.67,33.642752373598,AA-,基础化工,周期,3-10,0-50,AA/AA-,148.63181628701597,148.63181628701597,0.0,False,True,133.83240129006947,157.3,True,6.0,283.0,7.791992303772306,2026.0,90-100,7.0,0.6541365776965877,0.3871596723527458,1.0,永22转债、优彩转债、华康转债、永东转2、合顺转债、锦鸡转债、赛特转债,-0.3850041164549397,-0.3845478230725433,-0.9109397630250544,0.0472007936643703,0.0,2.795389048991348,-0.1399776035834188,148.63181628701597,-8.668183712984046,True,0.5,0.3,8.499675653510803,8.668183712984046,1.4467675071878252,150.07858379420378,0.960239865533186,8.668183712984046,157.3,True,153.23338921451122,0.3484550237374725,150.89717040811743,157.3,0.0010174357,707857800.0,,2.0794415416798357,6.89046983674755,-0.6258372639560943,True
118064.SH,联瑞转债,2026-01-28,2026-01-27,157.3,110.36978756884344,6.95,169.366489866,45.948151997023,AA,基础化工,周期,3-10,50-300,AA/AA-,165.40022808441424,157.3,-8.100228084414226,True,True,142.57237543611754,157.3,True,6.0,278.0,8.820414864556414,2026.0,110-120,7.0,0.6366155030637132,0.3996106559395403,1.0,阿拉转债、赛特转债、阳谷转债、苏利转债、蓝晓转02、双乐转债、合顺转债,-0.8264194178563066,-4.461964227022746,-0.9314110677599992,-0.397001942094688,0.1428571428571428,1.6963897346672585,10.1271785209609,157.3,0.0,True,0.55,0.325,8.807466682992843,0.0,0.1216171293556223,157.3,0.988667245695345,0.0,157.3,False,157.3,0.4108397181613651,157.3,157.3,0.0008553073,615138000.0,,1.9387416595767009,7.064049738397008,-0.36049511370336473,True
123265.SZ,耐普转02,2026-01-30,2026-01-29,157.3,141.90946930280955,4.5,92.065455482,85.133844853988,A+,机械设备,制造,3-10,50-300,A+/A,202.0188783687875,157.3,-44.7188783687875,True,True,143.0306469248486,157.3,True,6.0,281.0,9.721773247183425,2026.0,>=120,7.0,0.5722055631600499,0.1549586125701251,1.0,浙矿转债、天准转债、运机转债、XD佳力转、锋工转债、泰瑞转债、永02转债,2.938223288335937,0.5239407127183104,-0.2598606373289946,8.388084064719898,0.4285714285714285,30.972388955582232,53.489026449071474,157.3,0.0,True,0.6,0.35,8.787696767275502,0.0,-3.484132394021445,153.81586760597855,0.99939641420912,0.0,157.3,False,157.3,0.2772530968864687,157.3,153.81586760597855,0.0005998344,392297500.0,,1.5040773967762742,7.4188569408431375,-0.9581282998394673,True
127112.SZ,尚太转债,2026-02-05,2026-02-04,157.3,89.59981112029277,17.34,197.94898365,41.565465188761,AA+,电力设备,制造,10-20,50-300,AAA/AA+,146.10063044113122,146.10063044113122,0.0,False,True,131.83127736597982,157.3,True,6.0,287.0,8.084537110635265,2026.0,80-90,7.0,0.6549859403039201,0.4836313560372366,1.0,宙邦转债、翔丰转债、冠宇转债、科利转债、帝尔转债、金05转债、电化转债,0.4262139173983865,1.8822794550643287,-0.1631961123524998,0.6228986625534061,0.1428571428571428,-0.039510075069149,-11.723656664340542,146.10063044113122,-11.199369558868796,True,0.6,0.375,8.596011447293176,11.199369558868796,2.5239205631565467,148.62455100428775,0.5107450367103454,0.0,146.10063044113122,False,153.52611205483183,0.3307189059352585,148.8785128768865,148.62455100428775,0.0050916312,1243479600.0,,2.853015971352396,5.280157028246962,-0.7049353545836603,True
110100.SH,龙建转债,2026-02-12,2026-02-11,154.135,95.24838012958963,10.0,44.7187999986,36.913015388189,AA,建筑装饰,周期,10-20,0-50,AA/AA-,151.45595385341744,151.45595385341744,0.0,False,False,137.18660077826604,157.3,True,6.0,282.0,8.065526801517327,2026.0,90-100,7.0,0.5483195837947038,0.2086103077996701,1.0,东南转债、精工转债、鸿路转债、浙建转债、山路转债、利柏转债、华设转债,0.7199126684441208,0.7777024445074641,2.042252210286001,-1.6301945181255495,0.2857142857142857,0.2272727272727204,-5.769230769230759,151.45595385341744,-2.67904614658255,False,0.65,0.4,9.11587799133568,5.844046146582571,1.724347389996584,153.18030124341402,0.9894692313991504,5.844046146582571,157.3,True,155.57038508779212,0.43557142353514,153.36507847787146,157.3,0.0019370594,811963000.0,,2.302585092994046,6.2465842290491524,-0.2591550639084314,False
118065.SH,艾为转债,2026-02-26,2026-02-25,157.3,99.44882876111738,19.0132,185.0808241204,49.501899347215,AA+,电子,科技,10-20,50-300,AAA/AA+,157.41618180316186,157.3,-0.1161818031618509,True,True,145.28502163928724,157.3,True,6.0,283.0,8.21452817740824,2026.0,90-100,7.0,0.8371968006541112,0.8194685343210578,1.0,银微转债、华特转债、茂莱转债、颀中转债、国微转债、甬矽转债、力合转债,-0.0262150456433572,0.782953703772564,-1.333481324697999,2.3504549599010938,0.1428571428571428,2.97016861219197,-3.1829268292682955,157.3,0.0,True,0.6,0.4,8.24430485319136,0.0,1.636281264052163,157.3,0.838244833326621,0.0,157.3,False,157.3,0.447712065126741,157.3,157.3,0.0048995317,1426015000.0,,2.9451334747906213,5.318615649861368,-0.20991921741071545,True
113700.SH,海天转债,2026-03-12,2026-03-11,147.567,84.185303514377,8.01,48.669504,43.700591902434,AA,环保,周期,3-10,0-50,AA/AA-,144.2679882513833,144.2679882513833,0.0,False,False,133.01263209445517,155.5233444083114,True,6.0,276.0,6.444718340367669,2026.0,80-90,7.0,0.5875338582076347,0.3589452028709575,1.0,旺能转债、维尔转债、渝水转债、洪城转债、盈峰转债、绿动转债、伟22转债,-2.4638070074459453,-1.5394258626440491,-0.6364393780481468,-0.8101577475711941,0.0,1.835748792270531,-17.007874015748037,144.2679882513833,-3.2990117486167208,False,0.6,0.425,7.4243805791709745,13.032011748616725,3.340988342501107,147.6089765938844,0.9781952740278782,13.032011748616725,157.3,True,153.1640188456963,0.3888297308585124,148.068413466953,157.3,0.0009157843,718950000.0,,2.080690761080268,6.995729701369339,-0.45223405532861344,False
118066.SH,统联转债,2026-03-20,2026-03-19,131.182,72.63345195729536,5.76,66.0707731814,76.113450757796,AA-,电子,科技,3-10,50-300,AA/AA-,139.36205683935287,139.36205683935287,0.0,False,False,128.10670068242476,150.617412996281,True,6.0,276.0,6.458525118691084,2026.0,<80,7.0,0.8482640812342004,0.8192019199075666,1.0,国微转债、茂莱转债、颀中转债、海能转债、韦尔转债、国力转债、芯海转债,-1.4509937720267885,-0.8557824939156081,-1.6886382225890024,0.3732411410725333,0.0,-14.441416893732972,-28.82301656495205,139.36205683935287,8.180056839352886,False,0.6,0.425,7.3767691948541,17.937943160647137,3.248531593518659,142.61058843287154,0.9865495749891192,17.937943160647137,157.3,True,151.66379598684125,0.3767921081466667,144.43121340383937,157.3,0.0022918419,366975000.0,,1.7509374747078,6.0783994615664,-0.5031865598385747,False
113701.SH,祥和转债,2026-03-26,2026-03-25,157.3,81.23620309050771,4.0,36.7400431584,54.929387828057,A+,机械设备,制造,3-10,0-50,A+/A,141.03066557429258,141.03066557429258,0.0,False,True,129.77530941736447,152.2860217312207,False,6.0,264.0,6.176588997114272,2026.0,80-90,7.0,0.8383356729411794,0.7908335472753304,1.0,正帆转债、浙矿转债、艾迪转债、博实转债、章鼓转债、万讯转债、耐普转02,1.8172589935339645,1.774829300643961,4.9794021661894,-1.6967043449062411,0.5714285714285714,-2.987697715289994,-17.734724292101344,141.03066557429258,-16.269334425707427,True,0.6,0.425,7.211806909363477,16.269334425707427,2.649913835549454,143.68057940984204,0.9919382091834728,16.269334425707427,157.3,True,154.60710688210568,0.4498417342372934,146.51963478400262,157.3,0.0004289865,362486000.0,,1.3862943611198906,7.7540851080628705,-0.20131017355699712,True
127113.SZ,长高转债,2026-03-30,2026-03-27,146.5,102.63396911898276,7.586007000000001,70.097525605,58.728603899407,AA-,电力设备,制造,3-10,50-300,AA/AA-,154.02098785314962,154.02098785314962,0.0,False,False,142.7656316962215,157.3,True,6.0,262.0,5.543013212996106,2026.0,100-110,7.0,0.7312540153508894,0.6124672242287197,1.0,锂科转债、翔丰转债、华辰转债、电化转债、帝尔转债、煜邦转债、科利转债,-0.8997296050701307,0.7459197214811721,-2.2866761259849966,2.070121728989005,0.0,2.447869446962847,1.8935978358882053,154.02098785314962,7.52098785314962,False,0.65,0.45,7.914168189278305,3.279012146850391,0.8200607520228579,154.8410486051725,0.9977689865484995,3.279012146850391,157.3,True,156.7538725756545,0.4672453394040713,155.1700652107485,157.3,0.0020355622,573242000.0,,2.0263053660187205,6.19698323288556,-0.1312065473633513,False
123266.SZ,博士转债,2026-04-07,2026-04-03,143.0,74.2688136707197,3.75,51.49504016,43.43292090008,AA,商贸零售,消费,3-10,50-300,AA/AA-,135.64561925566602,135.64561925566602,0.0,False,False,124.39026309873792,146.90097541259414,True,6.0,265.0,6.140449088502383,2026.0,<80,7.0,0.6504646543994571,0.7943338671565122,0.2857142857142857,家悦转债、国泰转债、共同转债、灵康转债、东宝转债、九强转债、太平转债,0.3922256833951483,-0.0575265903987182,0.6863156614549979,1.862052227682942,0.1428571428571428,-3.4188034188034067,-24.79201331114809,135.64561925566602,-7.35438074433398,False,0.65,0.45,7.9854413617993405,21.65438074433399,3.7555061494000497,139.40112540506607,0.9836279738573804,21.65438074433399,157.3,True,149.59857904222667,0.4452141819672398,142.87624731248786,157.3,0.000874876,293589200.0,,1.3217558399823195,7.041428395934792,-0.22002665164184,False
118067.SH,上26转债,2026-04-14,2026-04-13,148.829,81.80981595092025,3.2485,44.0020438347,48.815787109836,A+,汽车,制造,3-10,0-50,A+/A,143.3620783991973,143.3620783991973,0.0,False,False,132.10672224226917,154.6174345561254,True,6.0,264.0,7.766658783306303,2026.0,80-90,7.0,0.7936867196209016,0.7374786431208452,1.0,上声转债、威唐转债、卓镁转债、保隆转债、锡振转债、麒麟转债、兴瑞转债,-0.8961064598404971,-0.740233379782915,-2.467258351855495,1.095285795665191,0.1428571428571428,4.383561643835621,-17.583436341161917,143.3620783991973,-5.466921600802721,False,0.65,0.45,8.081076081242433,13.937921600802724,4.312823135303735,147.67490153450103,0.996309699411652,13.937921600802724,157.3,True,154.1117930872582,0.4563787078199245,148.1328063865996,157.3,0.0012084391,212557000.0,,1.1781933513384486,6.718425752139743,-0.17492988590192118,False
123268.SZ,本川转债,2026-05-07,2026-05-06,157.3,97.49604638903531,4.69,56.4676645032,58.834500616166,AA-,电子,科技,3-10,50-300,AA/AA-,158.05583564657195,157.3,-0.7558356465719385,True,True,146.0446438430719,157.3,True,6.0,247.0,6.994406989661496,2026.0,90-100,7.0,0.7098972874716691,0.5126685891020374,1.0,力合转债、宏微转债、国微转债、澳弘转债、颀中转债、洁美转债、统联转债,0.9280170172576973,0.9767141770438356,2.924935186193011,1.4882631190885176,0.2857142857142857,8.666274970622801,7.638585770405926,157.3,0.0,True,0.6,0.45,7.294808400203169,0.0,0.1607952045740026,157.3,0.9991434139104096,0.0,157.3,False,157.3,0.3866258214446513,157.3,157.3,0.0008260856,394819900.0,,1.545432582458188,7.098812157851458,-0.4615177995304701,True
113702.SH,斯达转债,2026-05-11,2026-05-08,157.3,100.91168091168092,15.0,254.4645049716,34.042224571334,AA+,电子,科技,10-20,50-300,AAA/AA+,157.99048590847696,157.3,-0.6904859084769441,True,True,146.8429978379108,157.3,True,6.0,242.0,7.3879969436300605,2026.0,100-110,7.0,0.6138415341997581,0.386948541936208,1.0,宏微转债、韦尔转债、晶瑞转2、立讯转债、富瀚转债、佳禾转债、银微转债,0.6513400364519876,-0.9572148536573702,0.2059687315529927,0.6050216844458722,0.1428571428571428,-4.33921498019445,8.506075768406006,157.3,0.0,True,0.6,0.45,6.529346883456523,0.0,-0.7802975416612616,156.51970245833874,0.8802819148666442,0.0,157.3,False,157.3,0.4889892028457903,157.3,156.51970245833874,0.003380976,1181880000.0,,2.70805020110221,5.689590853773153,-0.04405031027962839,True
123269.SZ,金杨转债,2026-05-11,2026-05-08,157.3,107.51256281407036,9.8,49.0434735186,49.159864874708,AA-,电力设备,制造,3-10,0-50,AA/AA-,163.1169728467715,157.3,-5.816972846771478,True,True,146.8429978379108,157.3,True,6.0,242.0,7.3879969436300605,2026.0,100-110,7.0,0.6510732319746732,0.4566646795421353,1.0,尚太转债、天23转债、天能转债、晶能转债、微导转债、天奈转债、芳源转债,-1.3172763272594763,-1.2624344826853455,-4.29146005952002,3.583160598287849,0.2857142857142857,18.861111111111107,15.805142083897138,157.3,0.0,True,0.6,0.475,6.371108155961901,0.0,1.2034281422152855,157.3,0.9963971185578804,0.0,157.3,False,157.3,0.4785055366803484,157.3,157.3,0.0012272674,863671700.0,,2.2823823856765264,6.702965207086286,-0.08603087581186479,True
123267.SZ,珂玛转债,2026-05-13,2026-05-12,157.3,115.1890950087117,7.5,492.1568,69.903347507359,AA,电子,科技,3-10,300+,AA/AA-,174.1337081876638,157.3,-16.833708187663802,True,True,147.0483008177092,157.3,True,6.0,251.0,8.108816939077267,2026.0,110-120,7.0,0.7265475907200377,0.6072094237038727,1.0,颀中转债、宏微转债、艾为转债、晶瑞转2、甬矽转债、国力转债、银微转债,-1.4576911154842866,-1.952451839005498,-5.248381028285285,4.664097143072588,0.0,6.854915383152682,16.975437135720227,157.3,0.0,True,0.6,0.5,5.439667020585384,0.0,-0.4877174248915925,156.8122825751084,0.9592037098947148,0.0,157.3,False,157.3,0.5323155178792822,157.3,156.8122825751084,0.0013858639,620018600.0,,2.0149030205422647,6.581431579284189,0.1294425072094079,True
123270.SZ,盛德转债,2026-06-12,2026-06-11,157.3,73.86363636363636,4.050968,43.615,66.978760195573,A+,钢铁,周期,3-10,0-50,A+/A,139.00847230665198,139.00847230665198,0.0,False,True,128.75677312436116,149.2601714889428,False,6.0,229.0,6.429952395880879,2026.0,<80,7.0,0.5614740945779412,0.4540282074936378,0.5714285714285714,武进转债、甬金转债、明新转债、中特转债、裕兴转债、美锦转债、本钢转债,1.2612847115645007,1.7113028521617453,1.967754184979008,0.4623910204369696,0.2857142857142857,-19.81799797775532,-24.634099980992207,139.00847230665198,-18.29152769334803,True,0.65,0.5,4.70386507317802,18.29152769334803,1.5549883101025874,140.56346061675458,0.9957420893415356,18.29152769334803,157.3,True,153.48201885262566,0.3626904603873264,143.98409425686793,157.3,0.0004822719,361991300.0,,1.3989558649052267,7.637002495078898,-0.5637057267212902,True
123271.SZ,通合转债,2026-06-17,2026-06-16,157.3,105.24412296564196,5.219327,62.0412287508,84.492345351104,AA,电力设备,制造,3-10,50-300,AA/AA-,165.43590215562173,157.3,-8.135902155621721,True,True,146.8429978379108,157.3,True,6.0,228.0,9.487929362716514,2026.0,100-110,7.0,0.6786750724746484,0.4808100663651547,1.0,金05转债、长高转债、锦浪转02、华辰转债、天奈转债、福22转债、金杨转债,0.9811991690701504,-0.5016219927990097,-2.8610795918620084,5.518133264089364,0.2857142857142857,11.923076923076923,20.95600969864913,157.3,0.0,True,0.65,0.525,5.106102887863424,0.0,-0.5426422850418042,156.7573577149582,0.9997421076330558,0.0,157.3,False,157.3,0.524760879132188,157.3,156.7573577149582,0.0018799655,356497500.0,,1.6523684663796558,6.2765018533724914,0.09912460079633995,True
118068.SH,迪威转债,2026-06-30,2026-06-29,157.3,72.29916897506924,9.07705,54.8658906183,73.017071968828,AA-,机械设备,制造,3-10,50-300,AA/AA-,134.29776272567062,134.29776272567062,0.0,False,True,123.8407605635814,144.75476488775985,False,6.0,223.0,8.448123564079674,2026.0,<80,7.0,0.5996269324333799,0.2901659057917758,1.0,铭利转债、章鼓转债、天准转债、博实转债、耐普转02、万讯转债、泰瑞转债,0.4496750223594503,1.1544390093456036,6.747570826788008,-3.263107935113357,0.1428571428571428,-5.510860820595342,-13.987550347857924,134.29776272567062,-23.00223727432939,True,0.7,0.55,5.047024574459613,23.00223727432939,1.2096341022127834,135.5073968278834,0.980674997100194,23.00223727432939,157.3,True,155.41803415715202,0.4228767016302163,141.59309539718365,157.3,0.0016476348,765774000.0,,2.2057492499572136,6.408414473993943,-0.3109752813140352,True
123272.SZ,中汽转债,2026-06-30,2026-06-29,157.3,85.14190317195325,10.3904,67.5189,48.991661279232,AA+,汽车,制造,10-20,50-300,AAA/AA+,141.71294724518918,141.71294724518918,0.0,False,True,130.45759108826107,152.9683034021173,False,6.0,223.0,8.448123564079674,2026.0,80-90,7.0,0.622825991283651,0.3690801449002825,1.0,麒麟转债、威唐转债、保隆转债、爱迪转债、博俊转债、爱玛转债、明新转债,1.0647522516065238,-0.7529420103606365,2.1746507139280045,-1.1392836193588385,0.1428571428571428,-3.2258064516129004,-12.671232876712336,141.71294724518918,-15.587052754810829,True,0.7,0.575,6.110123395548524,15.587052754810829,2.426762186880529,144.1397094320697,0.9817977184944912,15.587052754810829,157.3,True,155.70218510985464,0.4164763914592438,146.58167685879553,157.3,0.0018772866,873159500.0,,2.34088230292639,6.2779278425702625,-0.337255134302945,True
123273.SZ,三江转债,2026-07-03,2026-07-02,157.3,85.23908523908524,2.9,28.431942,72.320833832851,A+,基础化工,周期,0-3,0-50,A+/A,143.15997091444524,143.15997091444524,0.0,False,True,131.0333210854835,155.28662074340698,False,6.0,215.0,9.108633615141994,2026.0,80-90,7.0,0.737898394264321,0.5923623262911303,1.0,苏利转债、丰山转债、双箭转债、双乐转债、龙星转债、天业转债、蓝晓转02,-0.277744599335761,-0.7838727600895199,-2.348249864498001,2.8224236057246888,0.1428571428571428,7.705779334500873,-12.017167381974248,143.15997091444524,-14.140029085554772,True,0.7,0.6,6.37590551764435,14.140029085554772,3.764661208146923,146.92463212259216,0.999251189759055,14.140029085554772,157.3,True,157.28586424664877,0.5120038893113942,148.58978332953046,157.3,0.0002068789,270745700.0,,1.0647107369924282,8.483376960046897,0.04802478540098328,True
113703.SH,翔26转债,2026-07-07,2026-07-06,144.634,75.0683682771194,13.0102,88.9316427447,56.308364280222,AA-,家用电器,消费,10-20,50-300,AA/AA-,136.92253906074973,136.92253906074973,0.0,False,False,122.66730800267644,151.177770118823,True,6.0,219.0,8.855621732536333,2026.0,<80,7.0,0.5307366637063502,0.5242615509464955,0.4285714285714285,小熊转债、亿田转债、明新转债、佳禾转债、铭利转债、莱克转债、清源转债,0.3129370770162218,1.5879982653126623,3.449900922970997,-1.4733165848945795,0.1428571428571428,0.7339449541284182,-21.94312796208532,136.92253906074973,-7.711460939250259,False,0.7,0.625,6.649497786272886,20.377460939250284,3.628528447675499,140.55106750842523,0.9269450312347368,20.377460939250284,157.3,True,154.95536056255,0.5005289767082463,144.57217131462613,157.3,0.0032594796,1024064000.0,,2.565733665196415,5.72618772824789,0.0021159076224060063,False
113704.SH,春风转债,2026-07-07,2026-07-06,157.3,111.3777410012412,21.78763,413.175597996,37.402951362394,AA+,汽车,制造,20-50,300+,AAA/AA+,167.6777153402499,157.3,-10.377715340249893,True,True,143.04476894192675,157.3,True,6.0,219.0,8.855621732536333,2026.0,110-120,7.0,0.4991034660983598,0.1691542881794386,1.0,爱玛转债、锡振转债、麒麟转债、威唐转债、博俊转债、卓镁转债、超达转债,-0.8345294628557691,1.302701340906776,-1.919668074856005,0.0399026798357349,0.1428571428571428,6.504193701535055,17.70878880629645,157.3,0.0,True,0.65,0.625,7.035070833235399,0.0,-0.7569841753549775,156.54301582464504,0.3999762557206095,0.0,157.3,False,157.3,0.5470730948707976,157.3,156.54301582464504,0.0052881851,1723574000.0,,3.0813423775523776,5.242280173263222,0.18885166701023273,True
118069.SH,爱科转债,2026-07-09,2026-07-08,157.3,75.39432176656152,2.66954,17.780970474,73.160395072212,AA-,机械设备,制造,0-3,0-50,AA/AA-,141.38252800637613,141.38252800637613,0.0,False,True,127.12729694830286,155.6377590644494,False,6.0,221.0,7.242603685940928,2026.0,<80,7.0,0.6885078065106937,0.4512826593620391,1.0,博实转债、章鼓转债、XD佳力转、铭利转债、万讯转债、耐普转02、迪威转债,1.7148869387222063,0.9935598863825732,6.911942845791011,-3.975070576111273,0.2857142857142857,-1.601097895699899,-23.23340471092077,141.38252800637613,-15.917471993623876,True,0.65,0.625,7.035070833235399,15.917471993623876,3.605752905177568,144.98828091155372,0.9986237562661608,15.917471993623876,157.3,True,157.3,0.5836644933407343,148.35037542619398,157.3,0.000386159,232848000.0,,0.9819061729252593,7.859261356215556,0.33783487843476057,True
113705.SH,豪26转债,2026-07-10,2026-07-09,131.072,81.8435754189944,18.0,80.89338613529999,46.057410430105,AA-,汽车,制造,10-20,50-300,AA/AA-,142.17317397024982,142.17317397024982,0.0,False,False,127.3384967447454,157.00785119575423,True,6.0,214.0,9.20997873613109,2026.0,80-90,7.0,0.7687550688657926,0.6577239540517221,1.0,上声转债、明新转债、伯25转债、凯众转债、保隆转债、爱迪转债、上26转债,-0.2708998564686604,-0.046301532827634,0.7987206405119984,-0.3966492855381476,0.1428571428571428,-3.512623490669597,-16.603415559772294,142.17317397024982,11.101173970249818,False,0.65,0.65,7.270975954973153,15.126826029750193,2.714800128081597,144.88797409833143,0.787823695692475,15.126826029750193,157.3,True,157.14228229593888,0.4793066964429289,147.61096572923967,157.3,0.0042825351,1381008000.0,,2.8903717578961645,5.453210131652477,-0.0828205222578896,False
113706.SH,金帝转债,2026-07-10,2026-07-09,157.3,92.161985630307,9.7,61.8319014274,68.993041677756,AA,机械设备,制造,3-10,50-300,AA/AA-,153.19254443576042,153.19254443576042,0.0,False,True,138.35786721025602,157.3,True,6.0,214.0,9.20997873613109,2026.0,90-100,7.0,0.55560293120116,0.2585166059948066,1.0,正帆转债、永贵转债、博实转债、天准转债、泰瑞转债、祥和转债、迪威转债,1.8704735176179592,-1.38111722874617,0.3396890117992983,-5.367340414681005,0.2857142857142857,-19.09403669724772,-6.183510638297873,153.19254443576042,-4.1074555642395865,True,0.65,0.625,7.692082346156516,4.1074555642395865,0.9001928097966254,154.09273724555706,0.9973815820570816,4.1074555642395865,157.3,True,157.3,0.6170005565141675,155.0932712125052,157.3,0.002817497,693681000.0,,2.272125885509337,5.871906376824645,0.47683638973284914,True
118070.SH,南芯转债,2026-07-10,2026-07-09,157.3,108.02919708029196,15.86881,202.541277312,103.68312636011,AA+,电子,科技,10-20,50-300,AAA/AA+,174.3268982734431,157.3,-17.026898273443095,True,True,142.4653227744956,157.3,True,6.0,214.0,9.20997873613109,2026.0,100-110,7.0,0.7538939051678827,0.7125567951784897,1.0,艾为转债、斯达转债、胜蓝转02、统联转债、本川转债、国微转债、芯海转债,-2.5344334019772456,-1.929238712881528,-4.706487855794013,1.795899519169181,0.1428571428571428,-5.279999999999996,13.139034878165322,157.3,0.0,True,0.65,0.625,7.897455124368496,0.0,-1.467523295015367,155.83247670498466,0.9896258882266356,0.0,157.3,False,157.3,0.6109687380069847,157.3,155.83247670498466,0.0071111026,946900000.0,,2.7643555474798513,4.946097969834401,0.45138608716130046,True
123274.SZ,维科转债,2026-07-10,2026-07-09,157.3,80.71308253790006,6.3,39.748273975,109.11995014315,A+,汽车,制造,3-10,0-50,A+/A,147.65860520007527,147.65860520007527,0.0,False,True,132.82392797457086,157.3,True,6.0,214.0,9.20997873613109,2026.0,80-90,7.0,0.7935381075182998,0.6983871039615176,1.0,凯众转债、明新转债、爱迪转债、保隆转债、博俊转债、伯25转债、上声转债,0.2536015121426881,2.560842675119192,2.347988588253994,-0.9435187701871296,0.1428571428571428,-0.6908462867012077,-8.468640560331108,147.65860520007527,-9.64139479992474,True,0.7,0.65,7.732504536937659,9.64139479992474,1.5449933922592554,149.20359859233452,0.999537882245224,9.64139479992474,157.3,True,157.3,0.5835401179797783,151.87821069435356,157.3,0.0007868839,554682400.0,,1.840549633397487,7.147429842665686,0.33732306811124374,True
127114.SZ,宜化转债,2026-07-14,2026-07-13,130.0,89.41761363636364,33.0,136.9269152408,62.10715061979,AA+,基础化工,周期,20-50,50-300,AAA/AA+,144.96980817584767,144.96980817584767,0.0,False,False,130.13513095034327,157.3,False,6.0,219.0,9.344715777242332,2026.0,80-90,7.0,0.7204841824336606,0.6621098686255457,1.0,和邦转债、合顺转债、蓝晓转02、双乐转债、聚合转债、惠云转债、阳谷转债,1.9027916405582288,2.804220304483793,8.926701554087511,-3.867363283775976,0.4285714285714285,-10.645848119233502,-7.765567765567772,144.96980817584767,14.969808175847676,False,0.75,0.675,7.805571434966252,12.330191824152337,-0.4755357622155898,144.49427241363207,0.1755296764204832,0.0,144.96980817584767,False,156.86558256858524,0.4765570132779296,149.37683771749417,144.49427241363207,0.0109223304,2251400200.0,,3.4965075614664802,4.516945924839919,-0.0938407504466118,False
110101.SH,宝钛转债,2026-07-16,2026-07-15,135.046,90.44544867656552,35.0,133.87326642780002,55.630892299568,AAA,有色金属,周期,20-50,50-300,AAA/AA+,148.5733144596829,148.5733144596829,0.0,False,False,133.53562185201818,157.3,True,6.0,220.0,9.391945527717644,2026.0,90-100,7.0,0.6318808198236032,0.5101281043517757,0.8571428571428571,亚科转债、金田转债、顺博转债、银邦转债、豪美转债、金25转债、恒锋转债,-0.491401980091865,-1.5495640762852334,-0.8317333492400039,0.3875968992248069,0.1428571428571428,7.028265851795257,-8.101016726795663,148.5733144596829,13.527314459682913,False,0.7,0.675,7.740595122473264,8.726685540317106,3.180100767389226,151.75341522707214,0.1036905548155517,0.0,148.5733144596829,False,156.4625355780686,0.3978636759599044,151.17733785069544,151.75341522707214,0.0078835015,2719438000.0,,3.5553480614894135,4.842983121015937,-0.4143744476699814,False
118071.SH,华峰转债,2026-07-17,2026-07-16,157.3,125.55039866714267,7.49475,846.42685026,117.42937066241,AA,电子,科技,3-10,300+,AA/AA-,200.00651988329724,157.3,-42.70651988329723,True,True,142.2623073923353,157.3,True,6.0,224.0,8.851040056743624,2026.0,>=120,7.0,0.7235982980485363,0.6176898052593763,1.0,珂玛转债、斯达转债、鼎龙转债、路维转债、宏微转债、国微转债、瑞可转债,-1.3895609221337426,2.1750254149461443,14.244045423375498,-24.66286221367625,0.1428571428571428,-22.283609576427253,15.991424330712988,157.3,0.0,True,0.7,0.675,8.040911452799929,0.0,-3.8686602575951263,153.43133974240487,0.9153163632981736,0.0,157.3,False,157.3,0.5955602919094171,157.3,153.43133974240487,0.0025634147,510583000.0,,2.0142027754278713,5.96641504211372,0.3869999570690279,True
118072.SH,鼎通转债,2026-07-17,2026-07-16,148.148,71.8515370449072,9.3,423.8283081792,72.333706676582,A+,通信,科技,3-10,300+,A+/A,138.33631237462777,138.33631237462777,0.0,False,False,123.29861976696304,153.3740049822925,True,6.0,224.0,8.851040056743624,2026.0,<80,7.0,0.4939143717256851,0.5154528510857357,0.2857142857142857,神宇转债、中贝转债、澳弘转债、金05转债、瑞可转债、立讯转债、国微转债,2.0340256335397795,1.8772899711615336,8.8681918595265,-9.625525384171606,0.2857142857142857,-10.936814071234158,-25.46656869948568,138.33631237462777,-9.81168762537223,False,0.75,0.7,7.67319241558323,18.963687625372245,3.2969198962777213,141.6332322709055,0.8612522429652877,18.963687625372245,157.3,True,157.3,0.3904072982022526,143.88898391195758,157.3,0.0027444849,659244000.0,,2.2300144001592104,5.898161871902382,-0.44560048365440436,False
111025.SH,圣泉转债,2026-07-21,2026-07-20,142.472,53.19209039548022,25.0,318.7499083468,89.297135194865,AA+,基础化工,周期,20-50,300+,AAA/AA+,131.5953581591416,131.5953581591416,0.0,False,False,116.55766555147687,146.63305076680632,True,6.0,220.0,10.965231892015057,2026.0,<80,7.0,0.5890102883540296,0.3701775159364456,1.0,联瑞转债、回天转债、惠云转债、赛特转债、博22转债、和邦转债、聚合转债,-0.1851602907333528,1.8716410265829304,27.55570845933299,-11.084049053540134,0.2857142857142857,-24.75524475524476,-48.77584330794343,131.5953581591416,-10.876641840858412,False,0.75,0.675,7.890430716811705,25.70464184085841,-0.1630777380895658,131.43228042105204,0.0864343957918656,0.0,131.5953581591416,False,154.3661550429481,0.3645804348589458,138.6239152843168,131.43228042105204,0.0059546476,1935617000.0,,3.2188758248682006,5.12358325508796,-0.5555383143397356,False
123275.SZ,肇民转债,2026-07-24,2026-07-23,157.3,70.62130177514794,5.9,58.0567658132,77.175144174514,AA-,汽车,制造,3-10,50-300,AA/AA-,143.4203408909476,143.4203408909476,0.0,False,True,128.65354809726026,157.3,True,6.0,223.0,9.88649484026973,2026.0,<80,7.0,0.7711139952297835,0.5992893916390141,1.0,上声转债、凯众转债、爱迪转债、保隆转债、维科转债、上26转债、威唐转债,1.0954132890985766,0.7525507334502323,3.5267332565805063,-0.8956306999973851,0.1428571428571428,-11.098696461824954,-26.57643801907105,143.4203408909476,-13.879659109052398,True,0.7,0.65,8.434262808854626,13.879659109052398,2.9348102002344905,146.3551510911821,0.997831582120434,13.879659109052398,157.3,True,157.3,0.5791391876605831,149.44903176701442,157.3,0.0016649046,437339300.0,,1.7749523509116738,6.39798745448858,0.3192406748815609,True
113707.SH,科博转债,2026-07-31,2026-07-30,157.3,92.2958735733099,14.9074,169.82174235,33.37713792172,AA+,汽车,制造,10-20,50-300,AAA/AA+,156.5554497209922,156.5554497209922,0.0,False,True,141.78865692730483,157.3,True,6.0,220.0,11.591280549622164,2026.0,90-100,7.0,0.816750217128824,0.7782264057762429,1.0,中汽转债、豪26转债、爱迪转债、博俊转债、上声转债、伯25转债、凯众转债,-0.4946157972535364,0.7675274343956783,-3.9097132791009983,5.277389277389277,0.0,3.240854407070959,-3.132918682331254,156.5554497209922,-0.7445502790078251,True,0.7,0.65,9.128245764307248,0.7445502790078251,1.602974652951188,157.3,0.973793347457308,0.7445502790078251,157.3,True,157.3,0.5880119971050017,156.88380309337057,157.3,0.0012837694,1367638000.0,,2.7018577339597556,6.65795468485906,0.3557531211916253,True
123276.SZ,久吾转02,2026-08-04,2026-08-03,157.3,87.93103448275862,3.0,26.1440707584,69.520867360114,A+,环保,周期,3-10,0-50,A+/A,160.0917961567113,157.3,-2.791796156711285,True,True,142.53320720631265,157.3,True,6.0,223.0,9.9125120774198,2026.0,80-90,7.0,0.665392104974867,0.6368615730334187,0.7142857142857143,京源转债、严牌转债、侨银转债、海天转债、百畅转债、龙星转债、甬金转债,0.098146598380493,0.5242632047500553,1.8497050353815008,-1.4312331138176204,0.0,8.229813664596275,-11.13472163195921,157.3,0.0,True,0.7,0.65,9.165473278257638,0.0,3.4793445117866373,157.3,0.9998882267896714,0.0,157.3,False,157.3,0.6290278079926339,157.3,157.3,0.000863293,211597700.0,,1.0986122886681098,7.054756411176845,0.5280483599282302,True
110102.SH,江农转债,2026-08-05,2026-08-04,157.3,99.7577519379845,11.85,88.670835,61.156253230782,AA+,基础化工,周期,10-20,50-300,AAA/AA+,170.37710406530255,157.3,-13.077104065302535,True,True,143.04476894192675,157.3,True,6.0,219.0,9.561141284925736,2026.0,90-100,7.0,0.6082885736721328,0.4087542520758203,0.8571428571428571,宜化转债、杭氧转债、苏利转债、华康转债、天业转债、齐翔转2、合顺转债,-0.4467670614809522,-0.6478725638309386,-0.8487346267675022,-0.5710555314388244,0.0,6.134020618556701,9.23076923076922,157.3,0.0,True,0.7,0.675,9.165473278257638,0.0,0.626323957373704,157.3,0.9975451047766556,0.0,157.3,False,157.3,0.5267518571726896,157.3,157.3,0.0035830364,848425000.0,,2.47232786758114,5.631544681626357,0.10710971261091348,True
113708.SH,曙26转债,2026-08-06,2026-08-05,146.723,81.41243456699422,80.0,1297.052142516,74.991046397525,AAA,计算机,科技,50+,300+,AAA/AA+,151.88192030852463,151.88192030852463,0.0,False,False,137.62668925045136,157.3,True,6.0,222.0,10.266184237016724,2026.0,80-90,7.0,0.5531482383279013,0.4362446743060051,0.7142857142857143,鼎捷转债、浩瀚转债、卫宁转债、声迅转债、中贝转债、宏图转债、国微转债,1.4896087803873197,3.1852439974054403,-5.532729914021996,7.4047016739801075,0.4285714285714285,2.319944598337953,-9.679062659195104,151.88192030852463,5.158920308524614,False,0.7,0.675,8.250896893590236,5.418079691475384,2.777286091371977,154.65920639989662,5.740329057514413e-11,0.0,151.88192030852463,False,156.96054881158602,0.421883032299256,153.59626722563362,154.65920639989662,0.0401778365,4071021000.0,,4.382026634673881,3.2144397662416684,-0.3150481134936429,False
118073.SH,赛斯转债,2026-08-12,2026-08-11,157.3,90.17695099818512,5.519,75.784312305,65.400200294728,AA,环保,周期,3-10,50-300,AA/AA-,163.67092432178373,157.3,-6.370924321783718,True,True,143.04476894192675,157.3,True,6.0,234.0,11.42268479239326,2026.0,90-100,7.0,0.6862545257960315,0.5257122805403484,1.0,严牌转债、绿茵转债、百畅转债、久吾转02、伟22转债、侨银转债、京源转债,-2.870142303097642,-3.1642207061106133,-4.3052967677525125,5.308636681612244,0.1428571428571428,5.788423153692612,4.64657101487429,157.3,0.0,True,0.65,0.675,8.508842909016467,0.0,0.4809584888417409,157.3,0.999452445242039,0.0,157.3,False,157.3,0.6559116220115756,157.3,157.3,0.001122375,443692000.0,,1.7081966844573642,6.792308303123302,0.6451275201908471,True
110103.SH,申能转债,2026-08-13,2026-08-12,157.3,96.45308924485126,20.0,412.5708913968,29.652532771703,AAA,公用事业,周期,20-50,300+,AAA/AA+,156.6558880074562,156.6558880074562,0.0,False,True,142.40065694938295,157.3,True,6.0,233.0,11.131119345211973,2026.0,90-100,7.0,0.7282192432276153,0.5652746392159071,1.0,节能转债、燃23转债、广核转债、太能转债、天壕转债、晶科转债、蓝天转债,1.1359113474685874,1.385757858811386,4.177107268043997,-2.6114043436878065,0.4285714285714285,0.7168458781362075,1.566265060240957,156.6558880074562,-0.6441119925437988,True,0.65,0.675,7.358731045299997,0.6441119925437988,0.4838156015496638,157.13970360900586,0.4480147198915443,0.0,156.6558880074562,False,157.2841095480777,0.5589019977099002,156.92588461699245,157.13970360900586,0.0057065953,1422541000.0,,2.995732273553991,5.166132702855971,0.23670706245625286,True
118074.SH,特宝转债,2026-08-13,2026-08-12,157.3,101.36612021857924,15.33266,242.301275328,47.628960518086,AA+,医药生物,消费,10-20,50-300,AAA/AA+,167.78203519938543,157.3,-10.482035199385422,True,True,143.04476894192675,157.3,True,6.0,233.0,11.131119345211973,2026.0,100-110,7.0,0.7457398142648083,0.5830465311166709,1.0,华海转债、九强转债、百洋转债、大参转债、康泰转2、益丰转债、漱玉转债,1.0191626394150175,0.4560959399554219,2.801196608614994,0.2402722815737279,0.2857142857142857,3.0555555555555447,1.522148110141952,157.3,0.0,True,0.65,0.675,6.611584007186646,0.0,0.6611924011646554,157.3,0.9583082833363092,0.0,157.3,False,157.3,0.6781050212887625,157.3,157.3,0.0010241693,1430778000.0,,2.729985193813301,6.883873433999405,0.7450768353265925,True
127115.SZ,炬申转债,2026-08-13,2026-08-12,157.3,99.63662790697676,3.8,22.853351181,69.333453688634,AA-,交通运输,周期,3-10,0-50,AA/AA-,170.15398249048633,157.3,-12.853982490486317,True,True,143.04476894192675,157.3,True,6.0,233.0,11.131119345211973,2026.0,90-100,7.0,0.5319582971624304,0.4306070982197897,0.5714285714285714,盛航转债、嘉诚转债、南航转债、贵燃转债、蓝天转债、韵达转债、苏利转债,0.6958565509910138,0.6550041031986007,2.578148167881998,-0.7073932742301725,0.2857142857142857,4.736440030557687,-3.991596638655448,157.3,0.0,True,0.65,0.675,5.904582552908908,0.0,1.7895031474460672,157.3,0.999842835172644,0.0,157.3,False,157.3,0.7031748000900829,157.3,157.3,0.0003411438,345696900.0,,1.33500106673234,7.983206468691819,0.8624620966336376,True
123277.SZ,玉禾转债,2026-08-14,2026-08-13,157.3,101.46788990825688,15.0,66.1264128,57.267581985181,AA,环保,周期,10-20,50-300,AA/AA-,168.09205993459548,157.3,-10.792059934595471,True,True,143.04476894192675,157.3,True,6.0,234.0,9.205436839335068,2026.0,100-110,7.0,0.6293828355224018,0.436481681142974,1.0,伟22转债、绿动转债、百畅转债、侨银转债、绿茵转债、海天转债、京源转债,0.2910124038142947,-4.308247468008272,-0.7225411400499695,0.0,0.0,0.6674757281553312,-1.073345259391767,157.3,0.0,True,0.7,0.675,5.519009505946395,0.0,1.8463061585653304,157.3,0.9959110402023909,0.0,157.3,False,157.3,0.5795147004393417,157.3,157.3,0.0025136241,1233987100.0,,2.70805020110221,5.986029702666742,0.32078151053740206,True
113709.SH,振26转债,2026-08-17,2026-08-14,157.3,82.32085296305482,8.78,250.834434128,82.342305479831,AA,基础化工,周期,3-10,50-300,AA/AA-,153.303495807301,153.303495807301,0.0,False,True,139.04826474922774,157.3,True,6.0,227.0,8.27974022372608,2026.0,80-90,7.0,0.6998822104217883,0.5198533040539919,1.0,三江转债、回天转债、龙星转债、蓝晓转02、双乐转债、杭氧转债、聚隆转债,0.4106031500915336,-2.1397663306361365,1.6254828952195055,0.4653040889677218,0.1428571428571428,0.60606060606061,2.4691358024691468,153.303495807301,-3.996504192699007,True,0.7,0.675,5.519009505946395,3.996504192699007,0.492421225770398,153.7959170330714,0.9962693112048197,3.996504192699007,157.3,True,157.3,0.5740615981211811,155.0241754951201,157.3,0.0019518252,677516000.0,,2.172476407647025,6.238990344181332,0.2984419650761291,True
123278.SZ,合金转债,2026-08-18,2026-08-17,157.3,107.725321888412,5.45,65.155584,48.942685217964,AA-,有色金属,周期,3-10,50-300,AA/AA-,171.37571082273035,157.3,-14.075710822730343,True,True,143.04476894192675,157.3,True,6.0,231.0,7.2156958169126115,2026.0,100-110,7.0,0.6575597898679018,0.4754903264069699,1.0,金田转债、银邦转债、丽岛转债、顺博转债、亚科转债、金25转债、宝钛转债,-0.0121014288381043,0.9353665271557676,1.109886409744,-0.8538883055516311,0.0,1.482479784366575,19.71383147853736,157.3,0.0,True,0.7,0.675,4.922961115900151,0.0,-1.964169153843788,155.33583084615623,0.999670609458564,0.0,157.3,False,157.3,0.6654328005400859,157.3,155.33583084615623,0.0006738268,475903700.0,,1.6956156086751528,7.30253745336903,0.6875999022011497,True
123279.SZ,天脉转债,2026-08-18,2026-08-17,157.3,114.86926270901134,7.86,355.230144,112.46007646687,AA,电子,科技,3-10,300+,AA/AA-,196.6864773950468,157.3,-39.3864773950468,True,True,143.36826689564714,157.3,True,6.0,231.0,7.2156958169126115,2026.0,110-120,7.0,0.7380710816096478,0.6117257923555386,1.0,本川转债、珂玛转债、统联转债、华峰转债、颀中转债、国力转债、艾为转债,-2.191789525611904,-6.159915042940704,-13.67482752015902,3.80772751126196,0.0,24.062702003878456,35.51632833186231,157.3,0.0,True,0.75,0.7,4.36790241738766,0.0,1.4859987487513724,157.3,0.9991099858536288,0.0,157.3,False,157.3,0.7327661662785927,157.3,157.3,0.0015223584,625955100.0,,2.061786606441115,6.487494567631557,1.0087025849673703,True
118075.SH,奥普转债,2026-08-19,2026-08-18,157.3,82.38352329534094,12.7,151.08302238,66.845906814009,AA,机械设备,制造,10-20,50-300,AA/AA-,150.43083853450813,150.43083853450813,0.0,False,True,136.83305514495132,157.3,True,6.0,236.0,7.697013952048499,2026.0,80-90,7.0,0.7677607096910544,0.7712019542256955,1.0,昌红转债、金帝转债、应流转债、天准转债、集智转债、精测转2、泰坦转债,-1.3879388357482376,-3.404527694218769,-7.097056420718491,6.796358525921487,0.1428571428571428,6.359177351346701,2.708991191623733,150.43083853450813,-6.869161465491885,True,0.75,0.7,4.1625296391756805,6.869161465491885,1.763948051832342,152.19478658634046,0.994180859221911,6.869161465491885,157.3,True,157.3,0.6715862498885122,153.8907643258744,157.3,0.0014819851,1113307000.0,,2.5416019934645457,6.51437280613989,0.7153682046192965,True
123280.SZ,三鑫转债,2026-08-19,2026-08-18,157.3,104.21810699588478,5.3,52.8871370575,32.070625836547,AA-,医药生物,消费,3-10,50-300,AA/AA-,163.68448839615948,157.3,-6.384488396159469,True,True,143.7022166104432,157.3,True,6.0,236.0,7.697013952048499,2026.0,100-110,7.0,0.7023358259099198,0.4907131058425324,1.0,山河转债、东亚转债、九强转债、万孚转债、百洋转债、南药转债、奥锐转债,0.0438469518798251,0.8531761383347811,0.7420390641575061,0.5001813091123353,0.1428571428571428,7.995735607675902,7.880724174653886,157.3,0.0,True,0.75,0.725,4.505987712450275,0.0,0.4969845544126867,157.3,0.9997524801581932,0.0,157.3,False,157.3,0.7094240788351767,157.3,157.3,0.0007459088,451758600.0,,1.667706820558076,7.200907217244623,0.8925885956301415,True
123281.SZ,中仑转债,2026-08-24,2026-08-21,157.3,97.09072978303747,10.68,78.761969,36.291710165232,AA-,基础化工,周期,,,,,,,,,,,,,,,,,,,,,,,,,,,,,156.99959160416728,,True,0.75,,,,,,,,,,,0.7466458433540214,157.16781561421016,,0.0010230912,955010800.0,0.8942048689138576,2.3683728335320486,6.884926646426116,1.0808026289059254,True
